Fecha,Region,Categoria Producto,Ventas,Gasto Promociones,Descuento%,Stock Disponible,Clientes Atendidos
2021-01-01,Norte,Ropa Casual,682.1535,145.85,5,302,66
2021-01-01,Norte,Ropa Formal,722.106662800652,216.38,5,367,78
2021-01-01,Norte,Deportivo,442.93,108.82,0,169,49
2021-01-01,Norte,Accesorios,408.99,62.57,0,186,33
2021-01-01,Sur,Ropa Casual,596.56,93.23,0,349,61
2021-01-01,Sur,Ropa Formal,554.67,93.28029885846074,0,265,54
2021-01-01,Sur,Deportivo,311.86,124.45,0,145,31
2021-01-01,Sur,Accesorios,269.04150000000004,61.61980310040866,5,132,20
2021-01-01,Este,Ropa Casual,403.898,125.91,10,187,41
2021-01-01,Este,Ropa Formal,478.91,87.0,0,230,53
2021-01-01,Este,Deportivo,427.49,53.69,0,225,47
2021-01-01,Este,Accesorios,353.66,85.59,0,160,33
2021-01-01,Oeste,Ropa Casual,583.13,159.27,0,288,56
2021-01-01,Oeste,Ropa Formal,841.6485000000001,123.66,5,399,85
2021-01-01,Oeste,Deportivo,492.3765,88.52,5,264,48
2021-01-01,Oeste,Accesorios,532.34,61.43,0,267,51
2021-01-01,Centro,Ropa Casual,780.098,120.37,10,343,63
2021-01-01,Centro,Ropa Formal,745.29,242.77,0,356,72
2021-01-01,Centro,Deportivo,664.8915000000001,151.89,5,344,64
2021-01-01,Centro,Accesorios,401.44,120.12,0,192,32
2021-01-02,Norte,Ropa Casual,630.21,157.98,0,262,64
2021-01-02,Norte,Ropa Formal,673.26,169.77,0,333,69
2021-01-02,Norte,Deportivo,631.37,124.31,0,315,54
2021-01-02,Norte,Accesorios,296.01,66.41071750352953,0,149,41
2021-01-02,Sur,Ropa Casual,431.12,109.13,0,222,43
2021-01-02,Sur,Ropa Formal,727.3865,72.3694747649927,15,332,58
2021-01-02,Sur,Deportivo,519.7610000000001,46.42,10,218,47
2021-01-02,Sur,Accesorios,240.61,70.49356970119874,0,122,21
2021-01-02,Este,Ropa Casual,380.083,122.2,10,183,29
2021-01-02,Este,Ropa Formal,675.19,138.38,0,321,65
2021-01-02,Este,Deportivo,535.394,66.57,15,260,59
2021-01-02,Este,Accesorios,323.02349999999996,68.38,15,145,31
2021-01-02,Oeste,Ropa Casual,490.8775,90.52,15,225,48
2021-01-02,Oeste,Ropa Formal,687.81,186.66,0,349,65
2021-01-02,Oeste,Deportivo,648.6700000000001,115.48,10,309,54
2021-01-02,Oeste,Accesorios,328.049,57.73,15,161,30
2021-01-02,Centro,Ropa Casual,783.26,237.17,0,364,74
2021-01-02,Centro,Ropa Formal,1041.3700000000001,207.7,10,473,101
2021-01-02,Centro,Deportivo,492.57072923050106,209.5,0,250,58
2021-01-02,Centro,Accesorios,423.15,105.69,0,207,45
2021-01-03,Norte,Ropa Casual,778.2239999999999,148.12,20,315,68
2021-01-03,Norte,Ropa Formal,846.91,168.04,0,427,78
2021-01-03,Norte,Deportivo,544.291,129.49,10,252,45
2021-01-03,Norte,Accesorios,487.7955,91.1,15,233,47
2021-01-03,Sur,Ropa Casual,328.48316780548873,72.03,15,162,32
2021-01-03,Sur,Ropa Formal,598.114,139.38710273033794,10,283,60
2021-01-03,Sur,Deportivo,458.58538429211706,95.76,15,195,36
2021-01-03,Sur,Accesorios,280.33,44.69,0,186,20
2021-01-03,Este,Ropa Casual,569.83,71.91,0,267,55
2021-01-03,Este,Ropa Formal,788.69,148.97,0,379,79
2021-01-03,Este,Deportivo,445.071,80.59,10,229,44
2021-01-03,Este,Accesorios,301.63,80.13,0,137,34
2021-01-03,Oeste,Ropa Casual,471.85,126.82,0,220,55
2021-01-03,Oeste,Ropa Formal,621.21,144.87,0,345,64
2021-01-03,Oeste,Deportivo,408.012,126.24,20,177,42
2021-01-03,Oeste,Accesorios,251.05,111.34,0,150,21
2021-01-03,Centro,Ropa Casual,749.4647057490373,203.78,10,372,69
2021-01-03,Centro,Ropa Formal,755.8430000000001,195.73781954861943,10,376,61
2021-01-03,Centro,Deportivo,526.48,147.57,0,264,64
2021-01-03,Centro,Accesorios,445.56,124.7,0,226,41
2021-01-04,Norte,Ropa Casual,669.658,138.89,10,266,67
2021-01-04,Norte,Ropa Formal,648.35,256.55,0,321,67
2021-01-04,Norte,Deportivo,503.92,105.42,0,269,48
2021-01-04,Norte,Accesorios,339.9375,83.87,5,179,33
2021-01-04,Sur,Ropa Casual,532.37,119.13,0,277,49
2021-01-04,Sur,Ropa Formal,343.11899999999997,70.20850569640652,5,174,31
2021-01-04,Sur,Deportivo,329.1494576350851,106.56,5,163,35
2021-01-04,Sur,Accesorios,284.949,76.9,5,149,25
2021-01-04,Este,Ropa Casual,587.642,116.53,10,305,58
2021-01-04,Este,Ropa Formal,387.12,128.44,0,216,42
2021-01-04,Este,Deportivo,451.37,111.43,0,211,45
2021-01-04,Este,Accesorios,184.46400000000003,104.13,5,71,20
2021-01-04,Oeste,Ropa Casual,622.5870000000001,113.48,5,287,60
2021-01-04,Oeste,Ropa Formal,729.08,187.88,0,335,65
2021-01-04,Oeste,Deportivo,403.0425,99.19,5,151,46
2021-01-04,Oeste,Accesorios,312.85,78.15,0,162,27
2021-01-04,Centro,Ropa Casual,830.599,226.79,10,348,71
2021-01-04,Centro,Ropa Formal,882.8600000000001,233.45,10,405,80
2021-01-04,Centro,Deportivo,627.3740000000001,126.1,10,330,59
2021-01-04,Centro,Accesorios,415.77900000000005,141.97,5,215,40
2021-01-05,Norte,Ropa Casual,821.38,126.35,0,407,75
2021-01-05,Norte,Ropa Formal,846.8,106.26450449609348,0,430,94
2021-01-05,Norte,Deportivo,585.8580000000001,106.64,5,293,63
2021-01-05,Norte,Accesorios,423.633,87.98,5,225,38
2021-01-05,Sur,Ropa Casual,308.14300000000003,140.94,10,145,29
2021-01-05,Sur,Ropa Formal,225.86312497522525,87.94,0,123,24
2021-01-05,Sur,Deportivo,325.15,95.2,0,135,35
2021-01-05,Sur,Accesorios,334.49,87.94,0,173,29
2021-01-05,Este,Ropa Casual,657.52,124.05,0,332,71
2021-01-05,Este,Ropa Formal,726.07,150.67,0,375,79
2021-01-05,Este,Deportivo,324.73,112.93,0,127,39
2021-01-05,Este,Accesorios,354.61,64.25894404800114,0,207,35
2021-01-05,Oeste,Ropa Casual,750.813,89.12,5,357,75
2021-01-05,Oeste,Ropa Formal,691.768,96.7,10,273,62
2021-01-05,Oeste,Deportivo,307.96281014261194,120.49,0,146,36
2021-01-05,Oeste,Accesorios,376.16,73.08,0,168,40
2021-01-05,Centro,Ropa Casual,594.3487825158295,157.3,0,296,64
2021-01-05,Centro,Ropa Formal,894.5475000000001,135.12,5,411,86
2021-01-05,Centro,Deportivo,582.099,139.56,5,262,58
2021-01-05,Centro,Accesorios,355.6801146512387,86.54,0,164,45
2021-01-06,Norte,Ropa Casual,700.5170468701422,143.28,0,400,71
2021-01-06,Norte,Ropa Formal,727.04,215.77,0,360,67
2021-01-06,Norte,Deportivo,353.89,125.48,0,173,35
2021-01-06,Norte,Accesorios,298.13,78.67,0,182,34
2021-01-06,Sur,Ropa Casual,451.01,144.8,0,272,50
2021-01-06,Sur,Ropa Formal,446.59673098835253,177.43,0,227,42
2021-01-06,Sur,Deportivo,435.54,126.15,0,218,44
2021-01-06,Sur,Accesorios,249.4,55.95,0,111,22
2021-01-06,Este,Ropa Casual,443.77,94.8,0,171,47
2021-01-06,Este,Ropa Formal,682.9620000000001,141.81,5,313,68
2021-01-06,Este,Deportivo,486.72800000000007,73.12,10,262,52
2021-01-06,Este,Accesorios,357.79,58.72,0,163,26
2021-01-06,Oeste,Ropa Casual,390.0,132.09,0,164,42
2021-01-06,Oeste,Ropa Formal,526.61,166.42,0,250,52
2021-01-06,Oeste,Deportivo,373.37,95.29,0,174,41
2021-01-06,Oeste,Accesorios,398.03,92.28,0,149,35
2021-01-06,Centro,Ropa Casual,801.1185,175.26,5,384,76
2021-01-06,Centro,Ropa Formal,950.124,252.42877405003998,5,459,88
2021-01-06,Centro,Deportivo,525.2,123.86490788874862,0,273,57
2021-01-06,Centro,Accesorios,305.2035,115.31,5,169,27
2021-01-07,Norte,Ropa Casual,399.8,120.66,0,220,35
2021-01-07,Norte,Ropa Formal,561.4350000000001,181.66,5,283,42
2021-01-07,Norte,Deportivo,501.74,128.02132499088037,0,254,53
2021-01-07,Norte,Accesorios,325.16400000000004,76.62704361076038,5,167,42
2021-01-07,Sur,Ropa Casual,470.35,107.93,0,213,42
2021-01-07,Sur,Ropa Formal,759.9585,135.05,5,382,69
2021-01-07,Sur,Deportivo,357.147,56.89,5,161,31
2021-01-07,Sur,Accesorios,345.5865,77.81,5,172,42
2021-01-07,Este,Ropa Casual,426.23,83.53,0,216,46
2021-01-07,Este,Ropa Formal,547.173,61.35,10,254,44
2021-01-07,Este,Deportivo,598.55,99.79,0,334,62
2021-01-07,Este,Accesorios,315.18,80.48,0,195,38
2021-01-07,Oeste,Ropa Casual,783.893,115.45,10,354,75
2021-01-07,Oeste,Ropa Formal,968.61,175.8,0,481,94
2021-01-07,Oeste,Deportivo,330.1146651622059,64.91,0,176,39
2021-01-07,Oeste,Accesorios,408.19,63.74,0,198,33
2021-01-07,Centro,Ropa Casual,681.75,173.44,0,356,67
2021-01-07,Centro,Ropa Formal,1026.102,151.53,5,483,92
2021-01-07,Centro,Deportivo,770.93,146.72,0,369,80
2021-01-07,Centro,Accesorios,380.51538350509736,111.77,0,207,38
2021-01-08,Norte,Ropa Casual,559.5765,154.25,5,294,39
2021-01-08,Norte,Ropa Formal,475.65,136.6,0,230,45
2021-01-08,Norte,Deportivo,389.3085,102.17,5,178,36
2021-01-08,Norte,Accesorios,411.2325,76.72,5,210,33
2021-01-08,Sur,Ropa Casual,420.0735,105.97024487824345,5,193,38
2021-01-08,Sur,Ropa Formal,672.7245,86.82,5,313,69
2021-01-08,Sur,Deportivo,275.54,95.23,0,104,36
2021-01-08,Sur,Accesorios,197.03,45.64,0,67,22
2021-01-08,Este,Ropa Casual,376.17,173.66,0,153,34
2021-01-08,Este,Ropa Formal,757.764,144.1,5,353,71
2021-01-08,Este,Deportivo,449.40000000000003,55.77,5,201,40
2021-01-08,Este,Accesorios,225.22,74.42,0,116,20
2021-01-08,Oeste,Ropa Casual,624.4245000000001,79.84,5,287,62
2021-01-08,Oeste,Ropa Formal,902.0550000000001,213.63,5,392,79
2021-01-08,Oeste,Deportivo,393.1,105.36,0,189,40
2021-01-08,Oeste,Accesorios,246.26,89.01,0,104,20
2021-01-08,Centro,Ropa Casual,556.5801891614497,196.33553439737727,0,346,59
2021-01-08,Centro,Ropa Formal,860.3,224.72,0,418,86
2021-01-08,Centro,Deportivo,770.71,143.21,0,378,78
2021-01-08,Centro,Accesorios,435.22,103.11,0,205,52
2021-01-09,Norte,Ropa Casual,776.9285,134.33,15,316,72
2021-01-09,Norte,Ropa Formal,514.24,222.63,0,255,54
2021-01-09,Norte,Deportivo,572.7805,88.92,15,265,52
2021-01-09,Norte,Accesorios,506.0805,109.84,15,218,35
2021-01-09,Sur,Ropa Casual,452.57508493884035,106.87,0,264,50
2021-01-09,Sur,Ropa Formal,716.4719999999999,113.09,20,297,63
2021-01-09,Sur,Deportivo,364.58,81.23,0,154,38
2021-01-09,Sur,Accesorios,240.557,83.39,15,100,20
2021-01-09,Este,Ropa Casual,649.52,127.05,0,342,66
2021-01-09,Este,Ropa Formal,443.85,166.47,0,223,49
2021-01-09,Este,Deportivo,363.91929039338436,130.75,10,199,37
2021-01-09,Este,Accesorios,232.27699999999996,41.04,15,92,20
2021-01-09,Oeste,Ropa Casual,419.97,103.48,0,171,35
2021-01-09,Oeste,Ropa Formal,644.196,181.83,20,288,52
2021-01-09,Oeste,Deportivo,441.3376049635111,121.03,10,243,52
2021-01-09,Oeste,Accesorios,238.45,79.96,0,106,21
2021-01-09,Centro,Ropa Casual,644.71,217.84,0,314,58
2021-01-09,Centro,Ropa Formal,945.64,256.35,0,461,97
2021-01-09,Centro,Deportivo,641.2890000000001,109.36,10,274,59
2021-01-09,Centro,Accesorios,403.31,119.81,0,207,42
2021-01-10,Norte,Ropa Casual,671.28,211.66,0,300,60
2021-01-10,Norte,Ropa Formal,915.8600000000001,147.4,10,405,84
2021-01-10,Norte,Deportivo,531.322,149.61,10,265,50
2021-01-10,Norte,Accesorios,486.95900000000006,70.44,10,233,42
2021-01-10,Sur,Ropa Casual,589.168,123.20282374858606,15,264,54
2021-01-10,Sur,Ropa Formal,664.6090000000002,151.73,10,329,63
2021-01-10,Sur,Deportivo,349.23,84.1,0,160,37
2021-01-10,Sur,Accesorios,326.75500000000005,67.64,10,152,29
2021-01-10,Este,Ropa Casual,406.384,143.69,10,214,38
2021-01-10,Este,Ropa Formal,702.35,131.11,10,317,65
2021-01-10,Este,Deportivo,452.97,101.52,0,229,47
2021-01-10,Este,Accesorios,335.8805,65.5,15,148,25
2021-01-10,Oeste,Ropa Casual,674.47,85.48,0,344,64
2021-01-10,Oeste,Ropa Formal,747.776,84.14,15,314,74
2021-01-10,Oeste,Deportivo,328.13,52.17,0,177,37
2021-01-10,Oeste,Accesorios,400.29,102.29,0,213,39
2021-01-10,Centro,Ropa Casual,894.17,150.34,0,465,88
2021-01-10,Centro,Ropa Formal,766.1,194.85,0,358,83
2021-01-10,Centro,Deportivo,673.236,172.77,20,285,54
2021-01-10,Centro,Accesorios,538.3955,122.47,15,246,53
2021-01-11,Norte,Ropa Casual,656.9639999999999,172.78,5,292,62
2021-01-11,Norte,Ropa Formal,704.834239875609,154.54,0,385,70
2021-01-11,Norte,Deportivo,495.07,104.86,0,234,54
2021-01-11,Norte,Accesorios,316.71585050676134,90.45,0,164,22
2021-01-11,Sur,Ropa Casual,309.98100000000005,123.62,5,155,31
2021-01-11,Sur,Ropa Formal,494.17712662788404,100.41,0,270,48
2021-01-11,Sur,Deportivo,483.16,93.5193847979639,0,224,48
2021-01-11,Sur,Accesorios,256.02,54.1897477496953,0,107,24
2021-01-11,Este,Ropa Casual,720.09,140.67,5,333,66
2021-01-11,Este,Ropa Formal,672.3149999999999,116.99,5,321,60
2021-01-11,Este,Deportivo,483.71400000000006,106.6,5,218,51
2021-01-11,Este,Accesorios,326.0145,89.97,5,196,27
2021-01-11,Oeste,Ropa Casual,729.12,137.24,0,343,70
2021-01-11,Oeste,Ropa Formal,740.87,182.27544203198036,0,404,76
2021-01-11,Oeste,Deportivo,447.46,107.93,0,213,45
2021-01-11,Oeste,Accesorios,418.719,76.79,5,189,47
2021-01-11,Centro,Ropa Casual,646.7890000000001,138.79,10,262,68
2021-01-11,Centro,Ropa Formal,882.042,283.37,5,416,88
2021-01-11,Centro,Deportivo,682.7040000000001,108.34,10,320,55
2021-01-11,Centro,Accesorios,508.95,123.62,0,264,52
2021-01-12,Norte,Ropa Casual,606.7600000000001,131.51,10,282,53
2021-01-12,Norte,Ropa Formal,556.395,180.17,5,280,38
2021-01-12,Norte,Deportivo,577.21,79.57,0,296,57
2021-01-12,Norte,Accesorios,412.42,68.57,0,196,42
2021-01-12,Sur,Ropa Casual,410.06944471376863,115.19,0,182,46
2021-01-12,Sur,Ropa Formal,513.66,165.47,0,286,55
2021-01-12,Sur,Deportivo,335.29,72.32,0,184,39
2021-01-12,Sur,Accesorios,362.523,58.92,5,193,35
2021-01-12,Este,Ropa Casual,480.74,115.7,0,241,44
2021-01-12,Este,Ropa Formal,651.486,108.65,10,297,49
2021-01-12,Este,Deportivo,478.62,105.59,0,197,62
2021-01-12,Este,Accesorios,251.72,80.22,0,148,20
2021-01-12,Oeste,Ropa Casual,679.0960000000001,99.83,10,314,58
2021-01-12,Oeste,Ropa Formal,796.07,151.82,0,415,82
2021-01-12,Oeste,Deportivo,456.9,113.91,0,247,47
2021-01-12,Oeste,Accesorios,337.38100000000003,80.08,10,175,36
2021-01-12,Centro,Ropa Casual,775.51,148.7,0,372,79
2021-01-12,Centro,Ropa Formal,1023.3090000000001,210.51,5,519,99
2021-01-12,Centro,Deportivo,549.78,169.53,0,295,57
2021-01-12,Centro,Accesorios,470.27,121.23,0,232,47
2021-01-13,Norte,Ropa Casual,589.93,152.28,0,269,50
2021-01-13,Norte,Ropa Formal,622.47,218.91076445430957,0,298,55
2021-01-13,Norte,Deportivo,648.0075,145.68,5,263,58
2021-01-13,Norte,Accesorios,367.89,111.36,0,156,28
2021-01-13,Sur,Ropa Casual,584.4300000000001,174.16,5,291,58
2021-01-13,Sur,Ropa Formal,516.9386824778485,124.38905783304402,10,242,50
2021-01-13,Sur,Deportivo,228.03,78.41,0,133,20
2021-01-13,Sur,Accesorios,165.774,67.72,5,59,20
2021-01-13,Este,Ropa Casual,409.0,115.0,0,185,43
2021-01-13,Este,Ropa Formal,830.29,154.09,0,383,85
2021-01-13,Este,Deportivo,387.3987050803042,110.65,5,190,40
2021-01-13,Este,Accesorios,349.30350000000004,75.55,5,167,33
2021-01-13,Oeste,Ropa Casual,510.762,111.68,5,266,47
2021-01-13,Oeste,Ropa Formal,634.92,184.93,0,303,67
2021-01-13,Oeste,Deportivo,442.7955,135.2,5,215,38
2021-01-13,Oeste,Accesorios,467.34,56.66,0,246,48
2021-01-13,Centro,Ropa Casual,694.18,179.37,0,371,77
2021-01-13,Centro,Ropa Formal,670.81,229.56,0,333,79
2021-01-13,Centro,Deportivo,505.87,185.95,0,272,56
2021-01-13,Centro,Accesorios,445.78,100.35,0,215,43
2021-01-14,Norte,Ropa Casual,549.68,121.52,0,263,53
2021-01-14,Norte,Ropa Formal,611.7512688665131,183.56,5,323,56
2021-01-14,Norte,Deportivo,512.75,141.57,0,232,45
2021-01-14,Norte,Accesorios,426.73050000000006,126.21,5,189,40
2021-01-14,Sur,Ropa Casual,510.54,103.33,0,235,54
2021-01-14,Sur,Ropa Formal,435.85,124.18,0,203,49
2021-01-14,Sur,Deportivo,496.177,95.46,10,214,38
2021-01-14,Sur,Accesorios,291.06,74.67,5,184,29
2021-01-14,Este,Ropa Casual,527.06,112.61,0,273,55
2021-01-14,Este,Ropa Formal,480.96,114.23,0,203,50
2021-01-14,Este,Deportivo,333.921,45.84,5,175,31
2021-01-14,Este,Accesorios,306.4746107355478,73.1,5,161,31
2021-01-14,Oeste,Ropa Casual,681.5550000000001,122.99,5,335,67
2021-01-14,Oeste,Ropa Formal,607.78,149.53,0,314,56
2021-01-14,Oeste,Deportivo,470.4105,105.14,5,219,45
2021-01-14,Oeste,Accesorios,506.3205,67.69810333162343,5,241,41
2021-01-14,Centro,Ropa Casual,607.26,174.39,0,313,60
2021-01-14,Centro,Ropa Formal,640.24,196.98,0,301,63
2021-01-14,Centro,Deportivo,497.95200000000006,161.23,5,217,49
2021-01-14,Centro,Accesorios,425.634,109.0,10,196,37
2021-01-15,Norte,Ropa Casual,574.4655,143.04,5,273,51
2021-01-15,Norte,Ropa Formal,523.2944485441419,215.38,5,221,59
2021-01-15,Norte,Deportivo,377.41,116.3,0,212,36
2021-01-15,Norte,Accesorios,417.79,96.54474149398455,0,197,28
2021-01-15,Sur,Ropa Casual,400.44,112.88,0,180,39
2021-01-15,Sur,Ropa Formal,326.403,195.53,5,154,26
2021-01-15,Sur,Deportivo,345.0195,59.67,5,118,30
2021-01-15,Sur,Accesorios,211.36675755253466,19.7,5,96,27
2021-01-15,Este,Ropa Casual,447.9,176.81,0,222,49
2021-01-15,Este,Ropa Formal,818.4014999999999,190.16,5,415,85
2021-01-15,Este,Deportivo,409.33,79.54,0,206,49
2021-01-15,Este,Accesorios,291.34,74.84,0,138,30
2021-01-15,Oeste,Ropa Casual,423.04,102.68,0,225,48
2021-01-15,Oeste,Ropa Formal,615.13,142.5,0,331,65
2021-01-15,Oeste,Deportivo,552.174,80.27770199471236,5,237,50
2021-01-15,Oeste,Accesorios,369.096,62.44,5,184,45
2021-01-15,Centro,Ropa Casual,715.5390000000001,211.65,10,354,74
2021-01-15,Centro,Ropa Formal,994.6754999999999,241.94,5,466,90
2021-01-15,Centro,Deportivo,488.29,99.86,0,255,49
2021-01-15,Centro,Accesorios,399.88,104.32,0,206,44
2021-01-16,Norte,Ropa Casual,799.3765,134.77,15,364,65
2021-01-16,Norte,Ropa Formal,1007.9979999999999,177.68,15,451,93
2021-01-16,Norte,Deportivo,602.076,90.69,20,248,49
2021-01-16,Norte,Accesorios,414.2,101.76,0,231,41
2021-01-16,Sur,Ropa Casual,534.941,152.27,10,205,49
2021-01-16,Sur,Ropa Formal,878.4619999999999,143.9,15,407,79
2021-01-16,Sur,Deportivo,353.27,51.58,0,193,30
2021-01-16,Sur,Accesorios,350.54,53.11,0,208,37
2021-01-16,Este,Ropa Casual,389.49,135.52,0,200,46
2021-01-16,Este,Ropa Formal,436.91,106.79,0,232,41
2021-01-16,Este,Deportivo,627.233,88.15,15,238,61
2021-01-16,Este,Accesorios,406.31,59.79,0,172,46
2021-01-16,Oeste,Ropa Casual,553.432,208.71,10,254,46
2021-01-16,Oeste,Ropa Formal,982.6630000000001,226.27,10,467,92
2021-01-16,Oeste,Deportivo,510.95485217259676,92.34,10,276,47
2021-01-16,Oeste,Accesorios,431.0350000000001,91.45,10,173,38
2021-01-16,Centro,Ropa Casual,644.23,128.1,0,331,57
2021-01-16,Centro,Ropa Formal,970.0680000000001,241.67,10,465,91
2021-01-16,Centro,Deportivo,637.8014999999999,114.25549224333346,15,301,45
2021-01-16,Centro,Accesorios,354.35,116.73,0,179,26
2021-01-17,Norte,Ropa Casual,641.99,147.99,0,341,63
2021-01-17,Norte,Ropa Formal,790.4525,197.37,15,320,54
2021-01-17,Norte,Deportivo,534.094,164.47,10,260,52
2021-01-17,Norte,Accesorios,387.09,71.69,0,208,44
2021-01-17,Sur,Ropa Casual,445.78,95.18,0,229,43
2021-01-17,Sur,Ropa Formal,513.038,88.32,15,252,43
2021-01-17,Sur,Deportivo,362.93,63.1,0,183,30
2021-01-17,Sur,Accesorios,192.8665,42.29,15,85,20
2021-01-17,Este,Ropa Casual,370.972378966269,106.45,15,154,38
2021-01-17,Este,Ropa Formal,494.6791258145662,233.72,20,193,50
2021-01-17,Este,Deportivo,401.327,78.41,15,194,48
2021-01-17,Este,Accesorios,302.37875373511804,76.14,15,127,29
2021-01-17,Oeste,Ropa Casual,451.65,40.883695655039084,0,216,55
2021-01-17,Oeste,Ropa Formal,971.322,121.28,10,441,84
2021-01-17,Oeste,Deportivo,432.46,138.67,0,203,46
2021-01-17,Oeste,Accesorios,292.78,70.07,0,148,37
2021-01-17,Centro,Ropa Casual,861.6949999999999,176.8,15,367,77
2021-01-17,Centro,Ropa Formal,1033.2635,220.09,15,466,89
2021-01-17,Centro,Deportivo,559.15,224.13,0,300,58
2021-01-17,Centro,Accesorios,610.512,100.39,20,256,43
2021-01-18,Norte,Ropa Casual,702.2,132.53,0,374,72
2021-01-18,Norte,Ropa Formal,824.19,176.18,0,421,78
2021-01-18,Norte,Deportivo,458.57700000000006,146.78,5,213,46
2021-01-18,Norte,Accesorios,319.4987514525686,82.26,5,147,35
2021-01-18,Sur,Ropa Casual,662.41,69.34,0,335,67
2021-01-18,Sur,Ropa Formal,609.95,121.85,0,283,63
2021-01-18,Sur,Deportivo,349.96,104.75,0,175,33
2021-01-18,Sur,Accesorios,400.3335,64.85,5,194,36
2021-01-18,Este,Ropa Casual,571.3575,113.61,5,308,56
2021-01-18,Este,Ropa Formal,604.716,76.58,5,245,54
2021-01-18,Este,Deportivo,512.0,97.43,0,266,47
2021-01-18,Este,Accesorios,272.26,66.09,0,168,25
2021-01-18,Oeste,Ropa Casual,681.14,177.87,0,338,74
2021-01-18,Oeste,Ropa Formal,675.86,163.55,0,314,73
2021-01-18,Oeste,Deportivo,410.37,110.61,0,197,43
2021-01-18,Oeste,Accesorios,292.3962717264943,93.33,5,155,40
2021-01-18,Centro,Ropa Casual,618.03,164.31,0,329,55
2021-01-18,Centro,Ropa Formal,995.9355,245.6,5,482,93
2021-01-18,Centro,Deportivo,628.26,193.31,0,280,51
2021-01-18,Centro,Accesorios,400.95131403203226,130.6,0,208,43
2021-01-19,Norte,Ropa Casual,644.09,158.44,0,313,68
2021-01-19,Norte,Ropa Formal,794.4195000000001,194.68,5,359,81
2021-01-19,Norte,Deportivo,468.132,141.57,5,229,41
2021-01-19,Norte,Accesorios,311.89,93.29,0,155,29
2021-01-19,Sur,Ropa Casual,536.52,52.96,0,289,49
2021-01-19,Sur,Ropa Formal,599.23,154.11,0,297,59
2021-01-19,Sur,Deportivo,370.82,100.26896478239905,0,192,42
2021-01-19,Sur,Accesorios,304.311,72.42,5,148,33
2021-01-19,Este,Ropa Casual,240.59,142.95,0,149,22
2021-01-19,Este,Ropa Formal,719.39,155.42,0,391,78
2021-01-19,Este,Deportivo,539.93,115.91,0,250,54
2021-01-19,Este,Accesorios,305.7075,30.32,5,148,31
2021-01-19,Oeste,Ropa Casual,592.557,183.21,5,280,55
2021-01-19,Oeste,Ropa Formal,619.23,79.35,0,301,58
2021-01-19,Oeste,Deportivo,352.254,103.89,5,149,30
2021-01-19,Oeste,Accesorios,323.69,79.54,0,155,28
2021-01-19,Centro,Ropa Casual,751.06,225.14,0,383,74
2021-01-19,Centro,Ropa Formal,807.9435000000001,214.91,5,378,72
2021-01-19,Centro,Deportivo,661.39,136.50887584324227,0,322,62
2021-01-19,Centro,Accesorios,348.82,77.51,0,179,37
2021-01-20,Norte,Ropa Casual,476.04900000000004,179.73,5,229,42
2021-01-20,Norte,Ropa Formal,648.81,195.79,0,281,61
2021-01-20,Norte,Deportivo,495.9255,98.61,5,246,46
2021-01-20,Norte,Accesorios,440.49,112.55,0,218,44
2021-01-20,Sur,Ropa Casual,554.0955,108.53,5,271,55
2021-01-20,Sur,Ropa Formal,555.27,95.02,0,276,54
2021-01-20,Sur,Deportivo,355.23,36.06,0,138,39
2021-01-20,Sur,Accesorios,341.733,84.09,5,149,41
2021-01-20,Este,Ropa Casual,392.16,150.34,0,190,46
2021-01-20,Este,Ropa Formal,649.0028030586102,164.91,5,335,71
2021-01-20,Este,Deportivo,472.7,56.25,0,268,51
2021-01-20,Este,Accesorios,247.71,92.26878142210126,0,101,23
2021-01-20,Oeste,Ropa Casual,529.74,155.88,0,265,52
2021-01-20,Oeste,Ropa Formal,503.13,202.67,0,217,46
2021-01-20,Oeste,Deportivo,525.62,133.1248902379669,0,300,50
2021-01-20,Oeste,Accesorios,333.57,58.86,0,177,33
2021-01-20,Centro,Ropa Casual,676.58,181.91,0,316,65
2021-01-20,Centro,Ropa Formal,712.591,209.46,10,337,63
2021-01-20,Centro,Deportivo,737.033,157.03,10,304,59
2021-01-20,Centro,Accesorios,463.87,68.4337523762485,0,266,57
2021-01-21,Norte,Ropa Casual,675.92,168.05,0,316,63
2021-01-21,Norte,Ropa Formal,641.476,152.49,10,251,62
2021-01-21,Norte,Deportivo,403.87,128.16,0,197,52
2021-01-21,Norte,Accesorios,384.78,108.01,0,167,40
2021-01-21,Sur,Ropa Casual,410.72,98.43,0,174,42
2021-01-21,Sur,Ropa Formal,609.6405000000001,185.62,5,296,56
2021-01-21,Sur,Deportivo,387.33,73.05,0,191,32
2021-01-21,Sur,Accesorios,287.21700000000004,68.0,5,101,33
2021-01-21,Este,Ropa Casual,442.63800000000003,103.3,5,215,30
2021-01-21,Este,Ropa Formal,987.504,137.79,5,469,95
2021-01-21,Este,Deportivo,451.4,104.66446782403392,0,249,44
2021-01-21,Este,Accesorios,299.17,91.81,0,162,30
2021-01-21,Oeste,Ropa Casual,587.1915,120.97,5,298,61
2021-01-21,Oeste,Ropa Formal,569.6595497890056,132.26,0,299,66
2021-01-21,Oeste,Deportivo,525.13,118.41,0,272,56
2021-01-21,Oeste,Accesorios,380.0475,68.89,5,204,39
2021-01-21,Centro,Ropa Casual,756.45,217.58,0,361,75
2021-01-21,Centro,Ropa Formal,668.73,163.8,0,318,65
2021-01-21,Centro,Deportivo,425.55,153.5,0,241,42
2021-01-21,Centro,Accesorios,422.03,112.77,0,178,38
2021-01-22,Norte,Ropa Casual,562.6005,114.92677199655385,5,264,57
2021-01-22,Norte,Ropa Formal,640.6148530120478,189.99975700054375,0,363,63
2021-01-22,Norte,Deportivo,494.98,129.2,0,230,51
2021-01-22,Norte,Accesorios,368.11,109.98,0,220,43
2021-01-22,Sur,Ropa Casual,478.59,86.94,0,256,50
2021-01-22,Sur,Ropa Formal,577.53,171.34,0,296,55
2021-01-22,Sur,Deportivo,364.05,38.9,0,188,31
2021-01-22,Sur,Accesorios,216.31601317032403,61.29,0,111,24
2021-01-22,Este,Ropa Casual,595.26,97.05,0,292,55
2021-01-22,Este,Ropa Formal,702.75,130.1,0,356,71
2021-01-22,Este,Deportivo,478.27,95.15,0,237,57
2021-01-22,Este,Accesorios,421.86899999999997,49.93,5,220,46
2021-01-22,Oeste,Ropa Casual,570.53,138.68,0,289,55
2021-01-22,Oeste,Ropa Formal,567.195190145293,164.34,0,310,65
2021-01-22,Oeste,Deportivo,333.82,51.1,0,138,26
2021-01-22,Oeste,Accesorios,393.9922362159262,73.89,5,217,35
2021-01-22,Centro,Ropa Casual,826.3,183.48,0,432,90
2021-01-22,Centro,Ropa Formal,816.7110000000001,207.86,5,371,83
2021-01-22,Centro,Deportivo,506.88750000000005,188.03,5,245,47
2021-01-22,Centro,Accesorios,380.72,86.03,0,191,33
2021-01-23,Norte,Ropa Casual,627.4259652892157,137.94,0,313,63
2021-01-23,Norte,Ropa Formal,780.8240000000001,89.0,10,403,74
2021-01-23,Norte,Deportivo,586.956,116.36,20,284,49
2021-01-23,Norte,Accesorios,495.903,78.98,15,224,43
2021-01-23,Sur,Ropa Casual,525.27,119.53,0,282,48
2021-01-23,Sur,Ropa Formal,290.2,131.33,0,148,29
2021-01-23,Sur,Deportivo,437.299,87.27,15,144,33
2021-01-23,Sur,Accesorios,251.04,57.83,0,123,20
2021-01-23,Este,Ropa Casual,495.78,173.05,0,258,49
2021-01-23,Este,Ropa Formal,591.35,124.45,0,288,57
2021-01-23,Este,Deportivo,515.2820851617973,111.95,10,263,49
2021-01-23,Este,Accesorios,253.14300000000003,94.09870842060614,10,98,20
2021-01-23,Oeste,Ropa Casual,592.7130000000001,146.88,10,276,56
2021-01-23,Oeste,Ropa Formal,652.776,153.86,20,239,55
2021-01-23,Oeste,Deportivo,558.2869863961691,106.48,0,322,58
2021-01-23,Oeste,Accesorios,515.46,45.63,10,205,45
2021-01-23,Centro,Ropa Casual,816.6479999999999,203.69,20,341,69
2021-01-23,Centro,Ropa Formal,899.041,165.02,10,412,78
2021-01-23,Centro,Deportivo,704.766,149.29,15,304,55
2021-01-23,Centro,Accesorios,414.029,126.58,10,169,40
2021-01-24,Norte,Ropa Casual,838.5960000000001,164.16,10,393,75
2021-01-24,Norte,Ropa Formal,812.18,138.49,0,423,78
2021-01-24,Norte,Deportivo,498.91600000000005,129.17,10,226,42
2021-01-24,Norte,Accesorios,320.6,98.19,0,175,31
2021-01-24,Sur,Ropa Casual,393.42,141.5,0,201,40
2021-01-24,Sur,Ropa Formal,562.09,143.39,0,267,60
2021-01-24,Sur,Deportivo,229.977,102.91,10,90,20
2021-01-24,Sur,Accesorios,183.44,56.73693256670966,0,83,21
2021-01-24,Este,Ropa Casual,577.0270000000002,140.89,10,273,65
2021-01-24,Este,Ropa Formal,520.17,182.51,0,256,56
2021-01-24,Este,Deportivo,441.07800000000003,134.95,10,208,33
2021-01-24,Este,Accesorios,316.6525,55.54,15,85,28
2021-01-24,Oeste,Ropa Casual,606.46,133.4743235341638,0,323,64
2021-01-24,Oeste,Ropa Formal,645.2535,174.84,15,244,57
2021-01-24,Oeste,Deportivo,409.9,104.46,0,218,28
2021-01-24,Oeste,Accesorios,293.78,61.4,0,160,23
2021-01-24,Centro,Ropa Casual,870.298,200.19,10,374,73
2021-01-24,Centro,Ropa Formal,973.09,224.77756558519462,0,502,96
2021-01-24,Centro,Deportivo,585.0240000000001,183.19,10,253,54
2021-01-24,Centro,Accesorios,542.86,118.68,0,279,61
2021-01-25,Norte,Ropa Casual,713.5905,108.55,5,359,71
2021-01-25,Norte,Ropa Formal,815.628,149.95,10,382,73
2021-01-25,Norte,Deportivo,641.2919999999999,144.22,20,283,53
2021-01-25,Norte,Accesorios,520.788,108.82,20,233,40
2021-01-25,Sur,Ropa Casual,443.17900000000003,68.93,10,222,44
2021-01-25,Sur,Ropa Formal,689.1500000000001,125.49,10,291,60
2021-01-25,Sur,Deportivo,464.88200000000006,101.93,10,210,44
2021-01-25,Sur,Accesorios,386.016,43.14,20,170,32
2021-01-25,Este,Ropa Casual,618.372,103.69,20,252,52
2021-01-25,Este,Ropa Formal,711.436,198.13,10,313,60
2021-01-25,Este,Deportivo,511.6667782918915,89.39,20,220,50
2021-01-25,Este,Accesorios,450.55199999999996,108.93,20,180,38
2021-01-25,Oeste,Ropa Casual,424.30300000000005,145.42,10,217,30
2021-01-25,Oeste,Ropa Formal,904.365,128.52,10,400,73
2021-01-25,Oeste,Deportivo,379.42800000000005,136.18,5,191,35
2021-01-25,Oeste,Accesorios,461.3828888506278,100.53,20,203,35
2021-01-25,Centro,Ropa Casual,718.5045,194.4,5,332,60
2021-01-25,Centro,Ropa Formal,844.0714724711621,226.7,30,351,66
2021-01-25,Centro,Deportivo,716.9030000000001,174.12,10,303,56
2021-01-25,Centro,Accesorios,424.2370000000001,100.03,10,174,33
2021-01-26,Norte,Ropa Casual,763.092,155.88,20,316,64
2021-01-26,Norte,Ropa Formal,834.4869389087082,155.3,20,354,80
2021-01-26,Norte,Deportivo,668.4719999999999,95.48,20,247,60
2021-01-26,Norte,Accesorios,490.128,64.62,20,215,42
2021-01-26,Sur,Ropa Casual,597.792,62.23,20,231,58
2021-01-26,Sur,Ropa Formal,583.968,113.21,5,289,55
2021-01-26,Sur,Deportivo,480.0810000000001,73.6,5,211,45
2021-01-26,Sur,Accesorios,323.884,64.63,10,138,21
2021-01-26,Este,Ropa Casual,755.9341061766795,165.1,20,361,64
2021-01-26,Este,Ropa Formal,694.428,168.83,5,315,62
2021-01-26,Este,Deportivo,355.824,78.96,5,203,32
2021-01-26,Este,Accesorios,426.3315,84.72837871469413,5,213,42
2021-01-26,Oeste,Ropa Casual,600.0855,155.57,5,314,60
2021-01-26,Oeste,Ropa Formal,729.9810000000001,221.58,5,361,68
2021-01-26,Oeste,Deportivo,563.8185000000001,163.36,5,284,52
2021-01-26,Oeste,Accesorios,445.247,91.51,10,175,43
2021-01-26,Centro,Ropa Casual,732.754,238.45,10,343,67
2021-01-26,Centro,Ropa Formal,855.3195000000001,147.4976334473295,5,407,71
2021-01-26,Centro,Deportivo,754.364,132.94,30,295,56
2021-01-26,Centro,Accesorios,568.0395000000001,93.8,5,264,52
2021-01-27,Norte,Ropa Casual,833.796,164.15,20,333,71
2021-01-27,Norte,Ropa Formal,648.921,144.52,5,367,68
2021-01-27,Norte,Deportivo,461.46,91.42,20,178,43
2021-01-27,Norte,Accesorios,330.82500000000005,67.83,10,145,25
2021-01-27,Sur,Ropa Casual,500.82900000000006,191.66,5,246,51
2021-01-27,Sur,Ropa Formal,686.784,128.45,20,327,51
2021-01-27,Sur,Deportivo,425.7225,59.45,5,181,44
2021-01-27,Sur,Accesorios,296.52,92.66,5,127,21
2021-01-27,Este,Ropa Casual,543.543,105.33574757725431,10,218,52
2021-01-27,Este,Ropa Formal,631.5435000000001,127.22,5,321,70
2021-01-27,Este,Deportivo,314.369,53.92,10,164,33
2021-01-27,Este,Accesorios,340.483,50.93,10,161,35
2021-01-27,Oeste,Ropa Casual,555.708,135.99,20,224,42
2021-01-27,Oeste,Ropa Formal,765.8595,131.09,5,381,71
2021-01-27,Oeste,Deportivo,500.10400000000004,71.97,10,226,41
2021-01-27,Oeste,Accesorios,552.492,97.31,20,235,54
2021-01-27,Centro,Ropa Casual,918.036,198.83,20,340,75
2021-01-27,Centro,Ropa Formal,886.9455,276.07,5,406,84
2021-01-27,Centro,Deportivo,885.625,138.75,30,335,72
2021-01-27,Centro,Accesorios,489.783,113.09,5,221,47
2021-01-28,Norte,Ropa Casual,739.3644821129916,139.35,10,346,70
2021-01-28,Norte,Ropa Formal,618.639,131.97,5,282,47
2021-01-28,Norte,Deportivo,677.88,153.88,20,278,67
2021-01-28,Norte,Accesorios,405.258,110.0714883020283,5,202,45
2021-01-28,Sur,Ropa Casual,636.324,125.85,20,242,53
2021-01-28,Sur,Ropa Formal,745.5509375445041,163.27730545453755,20,331,65
2021-01-28,Sur,Deportivo,509.054,92.86,30,206,46
2021-01-28,Sur,Accesorios,355.23400000000004,66.9,10,140,34
2021-01-28,Este,Ropa Casual,732.2595,117.41,5,336,64
2021-01-28,Este,Ropa Formal,581.658,123.99,10,264,57
2021-01-28,Este,Deportivo,408.648,135.62,20,192,37
2021-01-28,Este,Accesorios,383.74350000000004,54.6,5,186,39
2021-01-28,Oeste,Ropa Casual,469.8645,106.7,5,203,48
2021-01-28,Oeste,Ropa Formal,593.928,182.51,20,258,52
2021-01-28,Oeste,Deportivo,416.10450000000003,120.81,5,179,46
2021-01-28,Oeste,Accesorios,326.99100000000004,78.94,5,162,23
2021-01-28,Centro,Ropa Casual,812.2840000000001,165.08884122692683,10,382,72
2021-01-28,Centro,Ropa Formal,900.229,248.13,10,424,84
2021-01-28,Centro,Deportivo,526.8795,144.09,5,275,47
2021-01-28,Centro,Accesorios,394.344,123.99,20,176,39
2021-01-29,Norte,Ropa Casual,658.3317733987532,171.94876856805575,10,347,67
2021-01-29,Norte,Ropa Formal,1217.463,248.28,30,461,101
2021-01-29,Norte,Deportivo,449.5575,160.18,5,228,43
2021-01-29,Norte,Accesorios,359.2607379409736,102.64,10,191,40
2021-01-29,Sur,Ropa Casual,441.045,97.44591157365028,10,224,45
2021-01-29,Sur,Ropa Formal,650.181,116.94,5,348,61
2021-01-29,Sur,Deportivo,471.5235,114.01,5,232,39
2021-01-29,Sur,Accesorios,244.5,68.08,20,141,20
2021-01-29,Este,Ropa Casual,507.738,134.37,5,252,55
2021-01-29,Este,Ropa Formal,866.484,153.4839775479661,20,361,74
2021-01-29,Este,Deportivo,221.865,84.74676994080976,5,72,23
2021-01-29,Este,Accesorios,351.24100000000004,88.23,10,150,31
2021-01-29,Oeste,Ropa Casual,586.1205000000001,120.14,5,297,57
2021-01-29,Oeste,Ropa Formal,754.4879999999999,189.2,5,371,67
2021-01-29,Oeste,Deportivo,681.356,91.79,30,267,52
2021-01-29,Oeste,Accesorios,431.466,78.05,5,195,40
2021-01-29,Centro,Ropa Casual,679.8812293943283,165.32,5,341,67
2021-01-29,Centro,Ropa Formal,701.841,216.95,5,329,65
2021-01-29,Centro,Deportivo,608.0129999999999,161.68,5,277,63
2021-01-29,Centro,Accesorios,395.9655,98.93,5,173,31
2021-01-30,Norte,Ropa Casual,572.03,159.85,0,278,58
2021-01-30,Norte,Ropa Formal,846.92,157.8059156851385,0,422,80
2021-01-30,Norte,Deportivo,620.9655,80.67,15,274,48
2021-01-30,Norte,Accesorios,330.715,85.49161459849266,10,148,21
2021-01-30,Sur,Ropa Casual,452.5,71.12806700218788,0,202,33
2021-01-30,Sur,Ropa Formal,679.4590000000001,181.9,10,318,63
2021-01-30,Sur,Deportivo,459.94249999999994,35.61,15,176,37
2021-01-30,Sur,Accesorios,416.35,55.228852025228235,10,214,37
2021-01-30,Este,Ropa Casual,674.1240000000001,113.25,10,295,51
2021-01-30,Este,Ropa Formal,513.1800776582897,161.51,0,319,64
2021-01-30,Este,Deportivo,591.66,95.58,0,253,63
2021-01-30,Este,Accesorios,282.788,75.2109191998571,10,116,21
2021-01-30,Oeste,Ropa Casual,530.474862365285,117.65,15,260,49
2021-01-30,Oeste,Ropa Formal,687.51,176.61,0,368,66
2021-01-30,Oeste,Deportivo,435.06100000000004,101.53,10,205,41
2021-01-30,Oeste,Accesorios,370.91,62.69,0,193,35
2021-01-30,Centro,Ropa Casual,647.24,161.4,0,329,66
2021-01-30,Centro,Ropa Formal,1039.8,250.4,0,478,101
2021-01-30,Centro,Deportivo,698.8679999999999,128.56,20,278,54
2021-01-30,Centro,Accesorios,477.92800000000005,128.82,10,205,45
2021-01-31,Norte,Ropa Casual,377.86100000000005,139.57,10,195,32
2021-01-31,Norte,Ropa Formal,736.989,145.52,10,350,68
2021-01-31,Norte,Deportivo,535.27,217.88,0,268,50
2021-01-31,Norte,Accesorios,442.94,88.8,0,220,42
2021-01-31,Sur,Ropa Casual,444.33400000000006,112.31,10,185,37
2021-01-31,Sur,Ropa Formal,699.66,105.38,0,339,71
2021-01-31,Sur,Deportivo,341.286,100.13,10,169,31
2021-01-31,Sur,Accesorios,238.16,58.46,0,121,30
2021-01-31,Este,Ropa Casual,446.43,146.75,0,233,45
2021-01-31,Este,Ropa Formal,775.918,96.64,10,370,68
2021-01-31,Este,Deportivo,343.51,122.44,0,191,39
2021-01-31,Este,Accesorios,245.69,51.61,0,90,22
2021-01-31,Oeste,Ropa Casual,799.68,119.96,20,323,60
2021-01-31,Oeste,Ropa Formal,658.3679999999999,171.49,20,276,39
2021-01-31,Oeste,Deportivo,482.28400000000005,62.55775563230564,10,235,47
2021-01-31,Oeste,Accesorios,450.75399999999996,83.37,15,177,47
2021-01-31,Centro,Ropa Casual,949.2214999999999,181.18,15,407,85
2021-01-31,Centro,Ropa Formal,746.1,259.2,0,362,69
2021-01-31,Centro,Deportivo,683.6,144.41,0,346,76
2021-01-31,Centro,Accesorios,435.56,79.66,0,190,53
2021-02-01,Norte,Ropa Casual,710.02,157.89,0,372,77
2021-02-01,Norte,Ropa Formal,1020.3795,214.82,5,452,92
2021-02-01,Norte,Deportivo,485.29,126.02,0,222,48
2021-02-01,Norte,Accesorios,399.273,80.6,5,191,36
2021-02-01,Sur,Ropa Casual,366.1,104.83,0,148,39
2021-02-01,Sur,Ropa Formal,545.64,139.24,0,264,64
2021-02-01,Sur,Deportivo,413.56,49.96,0,169,46
2021-02-01,Sur,Accesorios,302.55,69.31,0,125,23
2021-02-01,Este,Ropa Casual,460.58,155.7,0,228,41
2021-02-01,Este,Ropa Formal,703.5107874743559,147.13,0,409,74
2021-02-01,Este,Deportivo,382.24,127.33,0,199,37
2021-02-01,Este,Accesorios,331.53,109.96,0,115,29
2021-02-01,Oeste,Ropa Casual,673.926,104.62,10,340,63
2021-02-01,Oeste,Ropa Formal,664.59,135.47,0,344,67
2021-02-01,Oeste,Deportivo,406.92,103.58858109626975,0,159,46
2021-02-01,Oeste,Accesorios,382.809,88.15,5,154,32
2021-02-01,Centro,Ropa Casual,704.44,165.05,0,375,76
2021-02-01,Centro,Ropa Formal,860.09,201.82,0,436,84
2021-02-01,Centro,Deportivo,579.16,138.14,0,292,63
2021-02-01,Centro,Accesorios,462.8715,84.76,5,224,47
2021-02-02,Norte,Ropa Casual,472.0604115513579,205.95,5,286,51
2021-02-02,Norte,Ropa Formal,985.4985000000001,167.76,5,473,92
2021-02-02,Norte,Deportivo,591.64,127.27,0,310,58
2021-02-02,Norte,Accesorios,410.98,84.41,0,166,41
2021-02-02,Sur,Ropa Casual,279.87,125.38,0,170,24
2021-02-02,Sur,Ropa Formal,746.508,80.67,5,352,73
2021-02-02,Sur,Deportivo,344.058,102.61,10,157,29
2021-02-02,Sur,Accesorios,353.94,81.13,0,151,38
2021-02-02,Este,Ropa Casual,564.62,68.6,0,275,54
2021-02-02,Este,Ropa Formal,843.1605000000001,132.5,5,397,76
2021-02-02,Este,Deportivo,499.55,139.49,0,242,47
2021-02-02,Este,Accesorios,276.1,72.9,0,99,34
2021-02-02,Oeste,Ropa Casual,575.14,121.88,0,274,62
2021-02-02,Oeste,Ropa Formal,632.5828660251328,142.93,0,347,71
2021-02-02,Oeste,Deportivo,530.42,82.87,0,260,56
2021-02-02,Oeste,Accesorios,302.91,81.79,0,160,32
2021-02-02,Centro,Ropa Casual,696.8115,167.48,5,292,63
2021-02-02,Centro,Ropa Formal,962.55,198.71,0,423,94
2021-02-02,Centro,Deportivo,504.43,111.92,0,257,44
2021-02-02,Centro,Accesorios,477.14,126.16,0,229,44
2021-02-03,Norte,Ropa Casual,529.914,102.48,5,283,46
2021-02-03,Norte,Ropa Formal,807.17,145.07,0,383,76
2021-02-03,Norte,Deportivo,397.6875,111.99,5,199,42
2021-02-03,Norte,Accesorios,349.54,114.3,0,159,41
2021-02-03,Sur,Ropa Casual,342.35,129.49,0,183,39
2021-02-03,Sur,Ropa Formal,621.3563387593312,131.26,0,386,64
2021-02-03,Sur,Deportivo,246.82,37.02,0,146,25
2021-02-03,Sur,Accesorios,332.9,71.38,0,147,29
2021-02-03,Este,Ropa Casual,465.06600000000003,149.75,5,212,48
2021-02-03,Este,Ropa Formal,769.0409999999999,210.6,5,380,82
2021-02-03,Este,Deportivo,297.80100000000004,87.29,5,156,23
2021-02-03,Este,Accesorios,366.6915,51.21,5,180,29
2021-02-03,Oeste,Ropa Casual,441.5402300897719,171.85,0,237,51
2021-02-03,Oeste,Ropa Formal,644.12,160.42,0,300,73
2021-02-03,Oeste,Deportivo,352.32,112.03,0,180,35
2021-02-03,Oeste,Accesorios,438.4,115.74,0,185,49
2021-02-03,Centro,Ropa Casual,718.21,212.28,0,339,77
2021-02-03,Centro,Ropa Formal,1221.8580000000002,235.77,10,568,116
2021-02-03,Centro,Deportivo,563.8911227711302,142.40326381330078,0,321,56
2021-02-03,Centro,Accesorios,514.05,144.7,0,238,57
2021-02-04,Norte,Ropa Casual,687.28,213.42,0,328,70
2021-02-04,Norte,Ropa Formal,975.5655,162.57,5,446,99
2021-02-04,Norte,Deportivo,649.2310000000001,127.37,10,307,72
2021-02-04,Norte,Accesorios,378.39,71.6889993987145,0,157,45
2021-02-04,Sur,Ropa Casual,429.39,96.41,0,214,44
2021-02-04,Sur,Ropa Formal,751.476,126.59,10,367,70
2021-02-04,Sur,Deportivo,273.36,56.4,0,160,33
2021-02-04,Sur,Accesorios,220.3274430348117,54.47,5,119,20
2021-02-04,Este,Ropa Casual,662.4345,156.84,5,315,68
2021-02-04,Este,Ropa Formal,714.37,201.81,0,398,66
2021-02-04,Este,Deportivo,387.73,109.99,0,244,35
2021-02-04,Este,Accesorios,261.29,76.53,0,134,21
2021-02-04,Oeste,Ropa Casual,434.826,142.23,5,246,41
2021-02-04,Oeste,Ropa Formal,611.4045,122.53,5,322,61
2021-02-04,Oeste,Deportivo,567.18,75.38,0,295,52
2021-02-04,Oeste,Accesorios,241.86800000000002,95.26,10,89,28
2021-02-04,Centro,Ropa Casual,672.1365000000001,238.26,5,274,58
2021-02-04,Centro,Ropa Formal,1001.0880000000001,192.06,10,443,90
2021-02-04,Centro,Deportivo,595.56,100.44,0,256,56
2021-02-04,Centro,Accesorios,370.20568929933626,109.34,5,157,31
2021-02-05,Norte,Ropa Casual,577.9830000000001,213.94,5,278,57
2021-02-05,Norte,Ropa Formal,1038.98,166.89,0,485,98
2021-02-05,Norte,Deportivo,474.7,101.12,0,220,50
2021-02-05,Norte,Accesorios,377.66,80.95,0,193,42
2021-02-05,Sur,Ropa Casual,573.36,85.92,0,289,53
2021-02-05,Sur,Ropa Formal,530.81,152.35,0,263,52
2021-02-05,Sur,Deportivo,528.02,49.01,0,288,54
2021-02-05,Sur,Accesorios,263.463320420618,46.74,5,147,30
2021-02-05,Este,Ropa Casual,540.98,122.18,0,281,50
2021-02-05,Este,Ropa Formal,613.56,132.43,0,320,61
2021-02-05,Este,Deportivo,419.31750000000005,149.24,5,187,44
2021-02-05,Este,Accesorios,317.478,55.83,5,140,29
2021-02-05,Oeste,Ropa Casual,653.65,140.86,0,320,58
2021-02-05,Oeste,Ropa Formal,722.6,205.05,0,366,79
2021-02-05,Oeste,Deportivo,515.76,134.13,5,215,57
2021-02-05,Oeste,Accesorios,362.103,91.16,5,183,28
2021-02-05,Centro,Ropa Casual,608.87,182.5145279714835,0,332,63
2021-02-05,Centro,Ropa Formal,734.9159999999999,232.4,5,347,65
2021-02-05,Centro,Deportivo,559.15,141.83,0,268,55
2021-02-05,Centro,Accesorios,459.79,68.84,0,251,44
2021-02-06,Norte,Ropa Casual,623.86,120.35,0,314,58
2021-02-06,Norte,Ropa Formal,954.7890000000001,192.97,10,437,80
2021-02-06,Norte,Deportivo,557.568,127.56,20,222,50
2021-02-06,Norte,Accesorios,274.93,95.45,0,157,20
2021-02-06,Sur,Ropa Casual,636.35,144.51,10,236,56
2021-02-06,Sur,Ropa Formal,597.263115975968,141.77,15,266,48
2021-02-06,Sur,Deportivo,344.35,77.21,0,184,39
2021-02-06,Sur,Accesorios,232.38,109.36,20,93,20
2021-02-06,Este,Ropa Casual,768.144,106.47,20,330,62
2021-02-06,Este,Ropa Formal,566.95,157.98063233323694,0,289,56
2021-02-06,Este,Deportivo,457.67,87.43,0,217,53
2021-02-06,Este,Accesorios,443.09499999999997,80.27,15,176,40
2021-02-06,Oeste,Ropa Casual,767.9100000000001,68.26,10,352,69
2021-02-06,Oeste,Ropa Formal,731.99,121.28094061950301,0,354,67
2021-02-06,Oeste,Deportivo,484.3190000000001,157.44,10,242,35
2021-02-06,Oeste,Accesorios,298.397,85.6,10,177,35
2021-02-06,Centro,Ropa Casual,806.7,152.28854785045036,0,427,77
2021-02-06,Centro,Ropa Formal,761.2,243.59,10,373,70
2021-02-06,Centro,Deportivo,710.6110000000001,187.18,10,315,61
2021-02-06,Centro,Accesorios,607.046,87.45,10,239,55
2021-02-07,Norte,Ropa Casual,686.66,159.34,0,325,68
2021-02-07,Norte,Ropa Formal,934.3840000000001,263.12,10,443,85
2021-02-07,Norte,Deportivo,593.8715,138.2100642589378,15,283,53
2021-02-07,Norte,Accesorios,560.5079999999999,85.49,20,208,48
2021-02-07,Sur,Ropa Casual,380.32,83.85,0,200,28
2021-02-07,Sur,Ropa Formal,406.45000000000005,190.66,10,186,30
2021-02-07,Sur,Deportivo,346.67600000000004,60.37,10,184,37
2021-02-07,Sur,Accesorios,272.75623809189926,79.79,10,161,32
2021-02-07,Este,Ropa Casual,489.1525,155.66,15,207,44
2021-02-07,Este,Ropa Formal,655.914,137.36,15,326,57
2021-02-07,Este,Deportivo,552.828,81.37,15,224,39
2021-02-07,Este,Accesorios,347.19,78.64,0,187,38
2021-02-07,Oeste,Ropa Casual,519.354,126.37,10,246,55
2021-02-07,Oeste,Ropa Formal,687.53,109.28,0,381,64
2021-02-07,Oeste,Deportivo,428.81300000000005,126.25,10,178,35
2021-02-07,Oeste,Accesorios,349.0,82.3,0,182,36
2021-02-07,Centro,Ropa Casual,847.212,201.37,20,322,64
2021-02-07,Centro,Ropa Formal,885.14,202.09,0,426,82
2021-02-07,Centro,Deportivo,612.63,157.32,0,295,63
2021-02-07,Centro,Accesorios,510.224,116.71,10,232,35
2021-02-08,Norte,Ropa Casual,639.28,222.18,0,339,60
2021-02-08,Norte,Ropa Formal,769.02,199.23,5,380,76
2021-02-08,Norte,Deportivo,511.5705,132.77,5,251,45
2021-02-08,Norte,Accesorios,424.67,105.02309673328865,0,211,42
2021-02-08,Sur,Ropa Casual,471.2,98.58,0,228,52
2021-02-08,Sur,Ropa Formal,597.33,111.67,0,310,55
2021-02-08,Sur,Deportivo,569.92,88.82,0,292,58
2021-02-08,Sur,Accesorios,254.88750000000002,67.52,5,145,29
2021-02-08,Este,Ropa Casual,641.0565,116.14,5,300,56
2021-02-08,Este,Ropa Formal,668.5350000000001,157.46,5,300,59
2021-02-08,Este,Deportivo,427.79100000000005,107.86,5,183,39
2021-02-08,Este,Accesorios,346.96200000000005,70.6,10,128,24
2021-02-08,Oeste,Ropa Casual,547.0787136462469,71.05,0,299,65
2021-02-08,Oeste,Ropa Formal,603.922,162.92,10,270,54
2021-02-08,Oeste,Deportivo,536.68,148.9,0,296,51
2021-02-08,Oeste,Accesorios,392.0595,72.29,5,162,25
2021-02-08,Centro,Ropa Casual,826.83,165.7,0,431,74
2021-02-08,Centro,Ropa Formal,977.7900000000001,229.42,10,435,88
2021-02-08,Centro,Deportivo,563.18,120.09,0,291,59
2021-02-08,Centro,Accesorios,498.93800000000005,109.14,10,206,44
2021-02-09,Norte,Ropa Casual,406.14,161.32,0,232,44
2021-02-09,Norte,Ropa Formal,772.6320000000001,170.82,5,354,63
2021-02-09,Norte,Deportivo,532.7280000000001,173.78,5,249,58
2021-02-09,Norte,Accesorios,411.07,98.91,10,170,41
2021-02-09,Sur,Ropa Casual,511.1715,103.7,5,249,45
2021-02-09,Sur,Ropa Formal,405.8985,105.18,5,213,36
2021-02-09,Sur,Deportivo,308.84,64.3,0,159,24
2021-02-09,Sur,Accesorios,218.1505920161989,31.94,0,77,23
2021-02-09,Este,Ropa Casual,508.91,106.62313340534821,0,236,48
2021-02-09,Este,Ropa Formal,558.293831839624,161.29,5,294,64
2021-02-09,Este,Deportivo,466.05,90.7,0,264,46
2021-02-09,Este,Accesorios,276.01,59.41,0,110,20
2021-02-09,Oeste,Ropa Casual,472.6365,139.95,5,214,40
2021-02-09,Oeste,Ropa Formal,902.7270000000001,162.79,5,409,88
2021-02-09,Oeste,Deportivo,388.97,110.48,0,184,38
2021-02-09,Oeste,Accesorios,305.8270317847277,88.52,0,159,27
2021-02-09,Centro,Ropa Casual,772.365,198.91,10,377,67
2021-02-09,Centro,Ropa Formal,1034.23,175.86,0,540,105
2021-02-09,Centro,Deportivo,577.51,139.99,0,260,64
2021-02-09,Centro,Accesorios,486.297,94.98,5,212,44
2021-02-10,Norte,Ropa Casual,513.9011310355241,134.82,0,305,64
2021-02-10,Norte,Ropa Formal,662.7075,218.78202587150017,5,312,55
2021-02-10,Norte,Deportivo,457.61,136.74,0,222,49
2021-02-10,Norte,Accesorios,308.09,105.12424847692459,0,126,33
2021-02-10,Sur,Ropa Casual,392.23,97.39,0,185,37
2021-02-10,Sur,Ropa Formal,430.2,122.26,0,221,51
2021-02-10,Sur,Deportivo,382.89,106.51,0,182,36
2021-02-10,Sur,Accesorios,264.0,66.82452009113113,0,117,32
2021-02-10,Este,Ropa Casual,619.57,133.19,0,304,53
2021-02-10,Este,Ropa Formal,721.6238308556433,121.1,10,322,67
2021-02-10,Este,Deportivo,378.3522233733941,113.59,0,221,40
2021-02-10,Este,Accesorios,425.81700000000006,82.7,5,186,31
2021-02-10,Oeste,Ropa Casual,559.7865,165.35,5,269,56
2021-02-10,Oeste,Ropa Formal,820.1550000000001,184.74,5,379,77
2021-02-10,Oeste,Deportivo,539.8499253580235,85.62,0,280,65
2021-02-10,Oeste,Accesorios,289.0965,89.96,5,109,28
2021-02-10,Centro,Ropa Casual,844.2,165.77,0,404,71
2021-02-10,Centro,Ropa Formal,944.0235000000001,263.53,5,442,81
2021-02-10,Centro,Deportivo,523.5303881618826,144.82,0,301,51
2021-02-10,Centro,Accesorios,456.84,136.54,0,241,53
2021-02-11,Norte,Ropa Casual,785.2350000000001,179.1,10,319,75
2021-02-11,Norte,Ropa Formal,715.6274999999999,178.95582571810968,5,333,64
2021-02-11,Norte,Deportivo,530.41,154.55,0,288,52
2021-02-11,Norte,Accesorios,426.26,87.12,0,223,44
2021-02-11,Sur,Ropa Casual,398.8611719638464,64.96,0,224,52
2021-02-11,Sur,Ropa Formal,381.41898204112533,142.74,0,207,40
2021-02-11,Sur,Deportivo,484.4175,87.14,5,242,45
2021-02-11,Sur,Accesorios,298.99,65.06,0,137,31
2021-02-11,Este,Ropa Casual,556.31,69.36,0,255,57
2021-02-11,Este,Ropa Formal,885.7200000000001,89.55607557004625,10,409,81
2021-02-11,Este,Deportivo,460.66,135.57,0,252,53
2021-02-11,Este,Accesorios,300.16,120.66,0,154,20
2021-02-11,Oeste,Ropa Casual,628.32,118.99,0,311,58
2021-02-11,Oeste,Ropa Formal,596.37,232.09,0,258,63
2021-02-11,Oeste,Deportivo,307.86,109.03,5,146,26
2021-02-11,Oeste,Accesorios,379.62,77.08,0,222,39
2021-02-11,Centro,Ropa Casual,723.822,190.47,10,376,67
2021-02-11,Centro,Ropa Formal,881.24,158.39443492083853,0,430,91
2021-02-11,Centro,Deportivo,627.165,119.39,5,301,56
2021-02-11,Centro,Accesorios,517.27,111.02,0,248,51
2021-02-12,Norte,Ropa Casual,842.72,113.72,0,396,78
2021-02-12,Norte,Ropa Formal,717.71,145.6033371574199,0,390,75
2021-02-12,Norte,Deportivo,569.56,91.16,0,317,56
2021-02-12,Norte,Accesorios,349.382,73.07,10,158,28
2021-02-12,Sur,Ropa Casual,485.85,126.39,0,227,42
2021-02-12,Sur,Ropa Formal,581.55,165.31,0,288,60
2021-02-12,Sur,Deportivo,328.9125,87.08,5,159,34
2021-02-12,Sur,Accesorios,307.09350000000006,43.87,5,165,28
2021-02-12,Este,Ropa Casual,630.8610000000001,134.58,5,292,56
2021-02-12,Este,Ropa Formal,722.64,192.02,0,372,68
2021-02-12,Este,Deportivo,312.54300000000006,97.48,5,146,28
2021-02-12,Este,Accesorios,269.61,73.83,10,114,22
2021-02-12,Oeste,Ropa Casual,636.95,114.63,0,311,63
2021-02-12,Oeste,Ropa Formal,715.302,144.51,5,357,68
2021-02-12,Oeste,Deportivo,550.03,99.16,0,278,57
2021-02-12,Oeste,Accesorios,377.67,71.91888972515984,0,213,32
2021-02-12,Centro,Ropa Casual,845.2815,174.0,5,399,77
2021-02-12,Centro,Ropa Formal,854.623,190.82,10,415,82
2021-02-12,Centro,Deportivo,620.9490000000001,146.38496426733403,5,316,58
2021-02-12,Centro,Accesorios,427.05600000000004,95.32,5,234,33
2021-02-13,Norte,Ropa Casual,789.31,145.41,0,391,77
2021-02-13,Norte,Ropa Formal,599.05,169.5303223338508,0,287,59
2021-02-13,Norte,Deportivo,577.7,130.25,0,322,62
2021-02-13,Norte,Accesorios,525.426,75.12815868233677,10,233,47
2021-02-13,Sur,Ropa Casual,522.7910802687687,141.66,0,289,57
2021-02-13,Sur,Ropa Formal,680.256,26.52,20,295,64
2021-02-13,Sur,Deportivo,443.4100000000001,90.28,10,154,37
2021-02-13,Sur,Accesorios,256.85,61.48,10,136,22
2021-02-13,Este,Ropa Casual,637.0210000000001,112.03,10,252,58
2021-02-13,Este,Ropa Formal,769.29,148.09,0,378,75
2021-02-13,Este,Deportivo,550.0880000000001,83.99,10,238,47
2021-02-13,Este,Accesorios,343.46,72.66,0,171,35
2021-02-13,Oeste,Ropa Casual,906.588,125.42,20,358,80
2021-02-13,Oeste,Ropa Formal,744.964,122.96,10,330,67
2021-02-13,Oeste,Deportivo,540.089,114.89,10,211,62
2021-02-13,Oeste,Accesorios,457.80349999999993,70.64989512318157,15,220,31
2021-02-13,Centro,Ropa Casual,445.84,209.12,0,189,47
2021-02-13,Centro,Ropa Formal,977.784,173.8,20,409,78
2021-02-13,Centro,Deportivo,636.81,85.08,0,306,62
2021-02-13,Centro,Accesorios,440.1328069154739,122.93,10,220,46
2021-02-14,Norte,Ropa Casual,934.536,142.29,15,446,92
2021-02-14,Norte,Ropa Formal,733.5,176.02,20,305,67
2021-02-14,Norte,Deportivo,393.2762028305586,137.87,10,198,48
2021-02-14,Norte,Accesorios,413.81162046903586,83.07,0,195,39
2021-02-14,Sur,Ropa Casual,670.5820000000001,93.16,10,311,67
2021-02-14,Sur,Ropa Formal,688.13,104.61,0,344,61
2021-02-14,Sur,Deportivo,424.64400000000006,135.57,10,194,40
2021-02-14,Sur,Accesorios,377.399,65.73,10,154,41
2021-02-14,Este,Ropa Casual,517.92,99.87,0,251,54
2021-02-14,Este,Ropa Formal,569.395315671652,106.94,15,270,56
2021-02-14,Este,Deportivo,489.44500000000005,53.31,10,241,39
2021-02-14,Este,Accesorios,221.85,49.58274560773071,0,70,21
2021-02-14,Oeste,Ropa Casual,617.856,106.85,20,231,40
2021-02-14,Oeste,Ropa Formal,724.43,164.67,0,385,77
2021-02-14,Oeste,Deportivo,437.19500000000005,113.55,10,201,36
2021-02-14,Oeste,Accesorios,339.68699999999995,93.81,15,118,28
2021-02-14,Centro,Ropa Casual,955.2180000000001,146.46,10,426,83
2021-02-14,Centro,Ropa Formal,811.0600059549416,206.26,10,384,84
2021-02-14,Centro,Deportivo,592.308,115.47,20,224,44
2021-02-14,Centro,Accesorios,621.7015,115.95,15,262,59
2021-02-15,Norte,Ropa Casual,514.85,190.74,0,223,46
2021-02-15,Norte,Ropa Formal,878.72,215.65,0,427,92
2021-02-15,Norte,Deportivo,669.942,115.88,5,340,71
2021-02-15,Norte,Accesorios,401.89,122.16,0,159,38
2021-02-15,Sur,Ropa Casual,560.61,109.42,0,286,67
2021-02-15,Sur,Ropa Formal,295.60450289229044,121.41,0,121,32
2021-02-15,Sur,Deportivo,353.26,42.78,0,164,36
2021-02-15,Sur,Accesorios,334.80300000000005,72.67,5,165,27
2021-02-15,Este,Ropa Casual,583.1595,162.52,5,312,43
2021-02-15,Este,Ropa Formal,644.87,140.32,0,287,61
2021-02-15,Este,Deportivo,351.5505,104.57,5,157,35
2021-02-15,Este,Accesorios,321.36,94.96,0,166,28
2021-02-15,Oeste,Ropa Casual,620.571,141.27,5,287,56
2021-02-15,Oeste,Ropa Formal,797.4435000000001,145.10677405229796,5,390,80
2021-02-15,Oeste,Deportivo,486.19,96.0,0,215,54
2021-02-15,Oeste,Accesorios,364.43,78.63,0,203,41
2021-02-15,Centro,Ropa Casual,837.4485000000001,224.72,5,405,75
2021-02-15,Centro,Ropa Formal,833.63,210.11056275798202,0,427,87
2021-02-15,Centro,Deportivo,545.61,152.58,0,288,54
2021-02-15,Centro,Accesorios,365.93,134.27,0,175,25
2021-02-16,Norte,Ropa Casual,803.46,124.48,5,362,81
2021-02-16,Norte,Ropa Formal,695.625,174.99,5,333,63
2021-02-16,Norte,Deportivo,360.09,72.11,0,199,38
2021-02-16,Norte,Accesorios,366.408,67.0,5,167,37
2021-02-16,Sur,Ropa Casual,331.17,110.44,0,161,39
2021-02-16,Sur,Ropa Formal,631.84,51.64,0,325,70
2021-02-16,Sur,Deportivo,304.75001534784593,65.34402638882315,0,169,30
2021-02-16,Sur,Accesorios,300.153,51.57,5,119,21
2021-02-16,Este,Ropa Casual,340.63839356665244,134.87205671895146,0,201,44
2021-02-16,Este,Ropa Formal,861.966,170.9,5,398,76
2021-02-16,Este,Deportivo,539.759,111.47,10,222,51
2021-02-16,Este,Accesorios,450.50250000000005,98.46,5,231,45
2021-02-16,Oeste,Ropa Casual,556.248,158.81,5,268,52
2021-02-16,Oeste,Ropa Formal,700.52,146.73,0,333,72
2021-02-16,Oeste,Deportivo,503.78900000000004,70.62,10,219,43
2021-02-16,Oeste,Accesorios,347.14247757446566,110.87,10,180,29
2021-02-16,Centro,Ropa Casual,725.5815,179.09,5,374,71
2021-02-16,Centro,Ropa Formal,839.03,164.48,0,400,77
2021-02-16,Centro,Deportivo,475.18239012962414,164.19,10,246,45
2021-02-16,Centro,Accesorios,514.3380000000001,102.34,10,246,46
2021-02-17,Norte,Ropa Casual,510.16,188.95,0,243,49
2021-02-17,Norte,Ropa Formal,917.66,175.91,0,465,87
2021-02-17,Norte,Deportivo,487.2735,151.56,5,271,48
2021-02-17,Norte,Accesorios,439.35,120.74,0,218,41
2021-02-17,Sur,Ropa Casual,508.242,132.19,5,263,54
2021-02-17,Sur,Ropa Formal,451.2585,153.19,5,219,41
2021-02-17,Sur,Deportivo,374.094,101.45,5,143,25
2021-02-17,Sur,Accesorios,378.939,48.38,10,179,37
2021-02-17,Este,Ropa Casual,518.94,125.24,0,264,55
2021-02-17,Este,Ropa Formal,498.070358502053,168.98778116343976,5,258,50
2021-02-17,Este,Deportivo,359.8875,110.21,5,185,28
2021-02-17,Este,Accesorios,415.13,47.23,0,223,38
2021-02-17,Oeste,Ropa Casual,664.3457236552058,99.38,10,330,70
2021-02-17,Oeste,Ropa Formal,708.851,175.01,10,310,62
2021-02-17,Oeste,Deportivo,525.88,94.98,0,257,49
2021-02-17,Oeste,Accesorios,347.56,83.63,0,162,38
2021-02-17,Centro,Ropa Casual,849.244,163.6,10,410,77
2021-02-17,Centro,Ropa Formal,1170.162,215.18,5,548,106
2021-02-17,Centro,Deportivo,551.79,159.22,0,278,55
2021-02-17,Centro,Accesorios,531.38,113.93,0,274,59
2021-02-18,Norte,Ropa Casual,638.2845,185.5,5,280,69
2021-02-18,Norte,Ropa Formal,700.7595,164.73,5,335,56
2021-02-18,Norte,Deportivo,618.95,104.46216433676202,0,286,73
2021-02-18,Norte,Accesorios,331.61153546431274,94.58,0,172,44
2021-02-18,Sur,Ropa Casual,397.824,127.07,5,162,39
2021-02-18,Sur,Ropa Formal,669.816,77.32,5,288,61
2021-02-18,Sur,Deportivo,405.0,103.24,0,173,40
2021-02-18,Sur,Accesorios,211.94800000000004,86.01,10,55,20
2021-02-18,Este,Ropa Casual,641.5815,130.97,5,340,59
2021-02-18,Este,Ropa Formal,607.53,247.51,0,271,59
2021-02-18,Este,Deportivo,444.19100000000003,116.73,10,246,43
2021-02-18,Este,Accesorios,253.28,78.51,0,131,21
2021-02-18,Oeste,Ropa Casual,661.9361275591311,127.89,0,356,66
2021-02-18,Oeste,Ropa Formal,716.15,178.09,0,340,71
2021-02-18,Oeste,Deportivo,513.81,69.96,0,231,55
2021-02-18,Oeste,Accesorios,422.1945,95.01,5,218,41
2021-02-18,Centro,Ropa Casual,729.09,176.13,0,382,78
2021-02-18,Centro,Ropa Formal,821.74,205.33,0,381,79
2021-02-18,Centro,Deportivo,595.16,160.58,0,291,60
2021-02-18,Centro,Accesorios,501.207,106.9,5,241,45
2021-02-19,Norte,Ropa Casual,508.7273448724189,104.9863142810574,5,257,59
2021-02-19,Norte,Ropa Formal,778.4385000000001,210.21,5,389,73
2021-02-19,Norte,Deportivo,478.2015,140.24,5,218,49
2021-02-19,Norte,Accesorios,385.65,73.32,0,207,39
2021-02-19,Sur,Ropa Casual,568.7,109.92435849310328,0,243,67
2021-02-19,Sur,Ropa Formal,490.12950000000006,124.73,5,265,46
2021-02-19,Sur,Deportivo,267.6417791054017,82.0,5,142,27
2021-02-19,Sur,Accesorios,237.32500000000002,68.84,10,92,21
2021-02-19,Este,Ropa Casual,413.44800000000004,148.31,5,134,40
2021-02-19,Este,Ropa Formal,569.83,166.47,0,267,57
2021-02-19,Este,Deportivo,538.146,95.66,5,267,49
2021-02-19,Este,Accesorios,341.66,64.46,0,140,40
2021-02-19,Oeste,Ropa Casual,536.613,158.18,5,271,46
2021-02-19,Oeste,Ropa Formal,724.47,184.52836723114467,0,338,71
2021-02-19,Oeste,Deportivo,544.44,118.01649798397922,0,299,54
2021-02-19,Oeste,Accesorios,382.73400000000004,95.19,10,127,38
2021-02-19,Centro,Ropa Casual,750.92,229.79,0,399,74
2021-02-19,Centro,Ropa Formal,863.32,274.47,0,486,84
2021-02-19,Centro,Deportivo,661.15,139.36,0,315,64
2021-02-19,Centro,Accesorios,398.94,106.86,0,209,30
2021-02-20,Norte,Ropa Casual,468.281,179.86,10,210,44
2021-02-20,Norte,Ropa Formal,719.004,160.03,10,312,68
2021-02-20,Norte,Deportivo,618.78,116.08,0,281,63
2021-02-20,Norte,Accesorios,410.71099999999996,102.08,15,204,31
2021-02-20,Sur,Ropa Casual,531.12,87.99282135021794,0,264,46
2021-02-20,Sur,Ropa Formal,708.015,117.74,10,340,59
2021-02-20,Sur,Deportivo,405.42367042247355,54.79,0,223,51
2021-02-20,Sur,Accesorios,232.39,54.08,0,143,20
2021-02-20,Este,Ropa Casual,450.26,129.69,0,221,40
2021-02-20,Este,Ropa Formal,758.425,174.11,15,286,63
2021-02-20,Este,Deportivo,417.747,113.44,10,236,36
2021-02-20,Este,Accesorios,357.67600000000004,87.55,10,179,37
2021-02-20,Oeste,Ropa Casual,591.25,132.42,0,274,54
2021-02-20,Oeste,Ropa Formal,583.0,138.42,10,268,52
2021-02-20,Oeste,Deportivo,474.3,96.8,0,238,53
2021-02-20,Oeste,Accesorios,458.7086022743027,102.47,0,239,45
2021-02-20,Centro,Ropa Casual,620.47,206.97,0,321,65
2021-02-20,Centro,Ropa Formal,816.02,217.89,0,427,88
2021-02-20,Centro,Deportivo,535.39,166.62,0,259,56
2021-02-20,Centro,Accesorios,511.225,108.8,10,236,49
2021-02-21,Norte,Ropa Casual,604.087,121.27,10,274,51
2021-02-21,Norte,Ropa Formal,727.15,154.61,0,376,75
2021-02-21,Norte,Deportivo,473.75,101.85,0,244,45
2021-02-21,Norte,Accesorios,324.74,105.57,0,167,28
2021-02-21,Sur,Ropa Casual,458.60100000000006,143.92,10,210,45
2021-02-21,Sur,Ropa Formal,588.685,77.50062685125268,15,282,57
2021-02-21,Sur,Deportivo,533.2983796089238,90.66,15,231,52
2021-02-21,Sur,Accesorios,320.41,78.38,0,134,31
2021-02-21,Este,Ropa Casual,705.3090000000001,61.83,10,339,66
2021-02-21,Este,Ropa Formal,682.8354999999999,143.17,15,296,65
2021-02-21,Este,Deportivo,503.84,68.45,0,296,56
2021-02-21,Este,Accesorios,222.13920373583738,90.71,0,113,26
2021-02-21,Oeste,Ropa Casual,693.1969999999999,174.39,15,283,63
2021-02-21,Oeste,Ropa Formal,824.8549436049681,171.29,10,409,84
2021-02-21,Oeste,Deportivo,525.012,84.72,20,234,41
2021-02-21,Oeste,Accesorios,327.66,97.04,0,145,38
2021-02-21,Centro,Ropa Casual,798.7760000000001,237.88,10,352,79
2021-02-21,Centro,Ropa Formal,658.05,198.89,0,356,66
2021-02-21,Centro,Deportivo,699.215,102.15,10,299,58
2021-02-21,Centro,Accesorios,508.266,121.64,10,226,46
2021-02-22,Norte,Ropa Casual,651.27,229.77,0,312,64
2021-02-22,Norte,Ropa Formal,653.12,103.04,0,340,80
2021-02-22,Norte,Deportivo,570.25,97.5194764781128,0,281,50
2021-02-22,Norte,Accesorios,336.35699999999997,79.86,5,181,34
2021-02-22,Sur,Ropa Casual,395.68,100.0,0,198,40
2021-02-22,Sur,Ropa Formal,496.28,125.88,0,206,59
2021-02-22,Sur,Deportivo,387.71,92.95,0,161,37
2021-02-22,Sur,Accesorios,133.17,32.38,0,50,20
2021-02-22,Este,Ropa Casual,633.4581700615477,128.16,5,340,65
2021-02-22,Este,Ropa Formal,666.51,185.72,0,376,63
2021-02-22,Este,Deportivo,555.65,111.37,0,260,56
2021-02-22,Este,Accesorios,430.27950000000004,67.27,5,163,40
2021-02-22,Oeste,Ropa Casual,726.1065,120.76598628826548,5,341,70
2021-02-22,Oeste,Ropa Formal,656.12,190.98,0,342,65
2021-02-22,Oeste,Deportivo,433.55342302965835,99.37,5,200,43
2021-02-22,Oeste,Accesorios,256.82800000000003,59.66,10,117,31
2021-02-22,Centro,Ropa Casual,754.69,203.27,0,368,67
2021-02-22,Centro,Ropa Formal,815.4,265.53,0,411,82
2021-02-22,Centro,Deportivo,639.1350000000001,180.56,5,339,71
2021-02-22,Centro,Accesorios,350.04,111.02783206004091,0,194,46
2021-02-23,Norte,Ropa Casual,630.94,173.31,0,339,64
2021-02-23,Norte,Ropa Formal,834.4,179.82,0,389,91
2021-02-23,Norte,Deportivo,496.9,118.23,0,254,50
2021-02-23,Norte,Accesorios,427.97,84.09,0,198,43
2021-02-23,Sur,Ropa Casual,600.9780000000001,119.38,5,286,61
2021-02-23,Sur,Ropa Formal,522.47162624088,88.3,0,276,69
2021-02-23,Sur,Deportivo,409.629,49.76,10,161,27
2021-02-23,Sur,Accesorios,326.63,90.49,0,135,30
2021-02-23,Este,Ropa Casual,507.05,125.79,0,240,53
2021-02-23,Este,Ropa Formal,633.32,123.59,0,319,63
2021-02-23,Este,Deportivo,461.13,112.69223802350515,0,240,48
2021-02-23,Este,Accesorios,322.12,102.51,0,170,35
2021-02-23,Oeste,Ropa Casual,536.2245,117.3,5,246,56
2021-02-23,Oeste,Ropa Formal,790.7900000000001,207.63,10,356,70
2021-02-23,Oeste,Deportivo,523.67,117.47,0,237,54
2021-02-23,Oeste,Accesorios,345.6,50.66,0,175,49
2021-02-23,Centro,Ropa Casual,739.46,160.98,0,420,77
2021-02-23,Centro,Ropa Formal,803.68,261.53243097727545,0,386,74
2021-02-23,Centro,Deportivo,631.09,125.34,0,342,58
2021-02-23,Centro,Accesorios,331.1,136.57,0,163,33
2021-02-24,Norte,Ropa Casual,720.654,144.93,10,311,58
2021-02-24,Norte,Ropa Formal,966.8340000000002,196.43,10,432,88
2021-02-24,Norte,Deportivo,433.18,168.2,0,212,50
2021-02-24,Norte,Accesorios,312.9531384211299,67.59,5,146,37
2021-02-24,Sur,Ropa Casual,480.458,89.11,10,238,55
2021-02-24,Sur,Ropa Formal,376.66650000000004,169.57,5,158,36
2021-02-24,Sur,Deportivo,422.906,57.65,10,207,36
2021-02-24,Sur,Accesorios,235.46,77.24,0,123,21
2021-02-24,Este,Ropa Casual,482.06,92.06,0,229,49
2021-02-24,Este,Ropa Formal,591.42,61.95,0,287,61
2021-02-24,Este,Deportivo,433.3439524599427,125.41,0,222,55
2021-02-24,Este,Accesorios,343.99,56.24956507464554,0,144,40
2021-02-24,Oeste,Ropa Casual,598.49,162.34,0,330,58
2021-02-24,Oeste,Ropa Formal,728.0595000000001,217.08,5,334,61
2021-02-24,Oeste,Deportivo,529.95,119.94,0,256,57
2021-02-24,Oeste,Accesorios,287.9467334809022,70.17,0,141,25
2021-02-24,Centro,Ropa Casual,717.77,173.01,0,319,68
2021-02-24,Centro,Ropa Formal,1014.468,244.61,5,506,92
2021-02-24,Centro,Deportivo,694.58,142.99,0,354,74
2021-02-24,Centro,Accesorios,477.07,88.1,0,214,51
2021-02-25,Norte,Ropa Casual,711.516,181.98,20,308,48
2021-02-25,Norte,Ropa Formal,1010.34,151.31,20,453,86
2021-02-25,Norte,Deportivo,448.80917831292993,159.5,20,216,32
2021-02-25,Norte,Accesorios,373.043,120.15,10,196,33
2021-02-25,Sur,Ropa Casual,573.828,127.26,20,254,42
2021-02-25,Sur,Ropa Formal,658.2070000000001,134.67,10,296,55
2021-02-25,Sur,Deportivo,378.564,60.11,20,195,24
2021-02-25,Sur,Accesorios,279.8565,50.88,5,103,25
2021-02-25,Este,Ropa Casual,540.456,132.77545694176996,5,270,51
2021-02-25,Este,Ropa Formal,794.3159999999999,119.07,20,334,66
2021-02-25,Este,Deportivo,457.82782188312405,107.77,30,160,35
2021-02-25,Este,Accesorios,222.09600000000003,86.57,5,110,27
2021-02-25,Oeste,Ropa Casual,529.1055,112.56349944069576,5,270,47
2021-02-25,Oeste,Ropa Formal,824.461,153.82,10,353,77
2021-02-25,Oeste,Deportivo,394.45199999999994,96.41,20,169,32
2021-02-25,Oeste,Accesorios,373.043,73.64,10,129,34
2021-02-25,Centro,Ropa Casual,1067.989,206.73,30,418,83
2021-02-25,Centro,Ropa Formal,1171.698,241.68,10,499,101
2021-02-25,Centro,Deportivo,602.628,149.78,30,219,44
2021-02-25,Centro,Accesorios,435.435,118.03,5,203,33
2021-02-26,Norte,Ropa Casual,844.3005666454479,137.50200205348614,20,348,73
2021-02-26,Norte,Ropa Formal,934.5840000000001,164.51,5,423,88
2021-02-26,Norte,Deportivo,596.376,144.66,10,280,54
2021-02-26,Norte,Accesorios,366.723,104.88,5,156,43
2021-02-26,Sur,Ropa Casual,721.292,96.81141427266115,30,269,50
2021-02-26,Sur,Ropa Formal,565.955,139.07,30,191,32
2021-02-26,Sur,Deportivo,336.55649999999997,87.54,5,182,24
2021-02-26,Sur,Accesorios,371.712,58.24,20,117,32
2021-02-26,Este,Ropa Casual,417.62316338464467,116.42,10,208,44
2021-02-26,Este,Ropa Formal,733.315,127.97,10,329,72
2021-02-26,Este,Deportivo,462.79200000000003,90.1,20,210,34
2021-02-26,Este,Accesorios,311.0690000000001,58.17,10,129,22
2021-02-26,Oeste,Ropa Casual,643.555,101.77,10,289,46
2021-02-26,Oeste,Ropa Formal,501.4054585532106,137.7502836060471,5,263,50
2021-02-26,Oeste,Deportivo,624.432,95.28,20,208,49
2021-02-26,Oeste,Accesorios,322.497,65.32,5,168,29
2021-02-26,Centro,Ropa Casual,814.2160000000001,248.81,30,353,68
2021-02-26,Centro,Ropa Formal,1081.632,217.55,20,470,97
2021-02-26,Centro,Deportivo,614.614,149.95,10,239,54
2021-02-26,Centro,Accesorios,501.64400000000006,146.03,10,233,46
2021-02-27,Norte,Ropa Casual,662.7610000000001,162.54,10,290,62
2021-02-27,Norte,Ropa Formal,811.77,180.01,0,402,89
2021-02-27,Norte,Deportivo,517.9737135282077,126.56,15,259,38
2021-02-27,Norte,Accesorios,542.592,113.93,20,178,48
2021-02-27,Sur,Ropa Casual,484.4,117.51,0,270,42
2021-02-27,Sur,Ropa Formal,435.413,120.67,10,195,36
2021-02-27,Sur,Deportivo,231.426,122.12,15,110,23
2021-02-27,Sur,Accesorios,342.9261407692322,63.91,15,153,36
2021-02-27,Este,Ropa Casual,430.25,52.54,0,199,39
2021-02-27,Este,Ropa Formal,1030.032,185.11,20,453,78
2021-02-27,Este,Deportivo,468.67,117.83,0,246,35
2021-02-27,Este,Accesorios,323.311,63.03,15,123,25
2021-02-27,Oeste,Ropa Casual,694.11,138.01,0,342,66
2021-02-27,Oeste,Ropa Formal,849.206,223.4,15,366,86
2021-02-27,Oeste,Deportivo,419.474,101.61,10,203,29
2021-02-27,Oeste,Accesorios,309.58,121.01,15,127,20
2021-02-27,Centro,Ropa Casual,1110.923,193.2182215707785,15,515,90
2021-02-27,Centro,Ropa Formal,1089.07,191.8664664512799,0,543,101
2021-02-27,Centro,Deportivo,739.188,182.02,20,271,45
2021-02-27,Centro,Accesorios,470.06,112.89,0,235,50
2021-02-28,Norte,Ropa Casual,744.58,179.7,0,363,74
2021-02-28,Norte,Ropa Formal,616.88,175.1120594599436,0,288,51
2021-02-28,Norte,Deportivo,500.72,131.8,10,233,39
2021-02-28,Norte,Accesorios,496.6965,132.02,15,239,39
2021-02-28,Sur,Ropa Casual,447.62300000000005,22.57,10,173,45
2021-02-28,Sur,Ropa Formal,592.57,132.1961333191277,0,318,50
2021-02-28,Sur,Deportivo,409.85,77.16,0,176,44
2021-02-28,Sur,Accesorios,313.2374525059508,56.99,10,164,32
2021-02-28,Este,Ropa Casual,449.81200000000007,117.29,10,208,38
2021-02-28,Este,Ropa Formal,746.06,159.82,0,393,75
2021-02-28,Este,Deportivo,387.93,41.63,0,175,32
2021-02-28,Este,Accesorios,348.172,80.31,10,139,34
2021-02-28,Oeste,Ropa Casual,867.5829999999999,134.83,15,406,81
2021-02-28,Oeste,Ropa Formal,741.56,148.39,0,373,75
2021-02-28,Oeste,Deportivo,444.015,127.18,10,228,43
2021-02-28,Oeste,Accesorios,380.1094999999999,92.43,15,108,39
2021-02-28,Centro,Ropa Casual,965.5745,144.06,15,455,77
2021-02-28,Centro,Ropa Formal,1044.96,250.17584885087567,0,519,110
2021-02-28,Centro,Deportivo,594.869,137.74,10,264,58
2021-02-28,Centro,Accesorios,478.15900000000005,122.17,10,217,36
2021-03-01,Norte,Ropa Casual,563.2102293288305,116.02,5,279,62
2021-03-01,Norte,Ropa Formal,783.35,217.77,0,441,78
2021-03-01,Norte,Deportivo,457.87,195.07,0,237,43
2021-03-01,Norte,Accesorios,332.6505,97.68,5,139,29
2021-03-01,Sur,Ropa Casual,408.15500000000003,106.27,10,173,33
2021-03-01,Sur,Ropa Formal,378.11550000000005,76.42,5,154,35
2021-03-01,Sur,Deportivo,382.86,41.95,0,215,48
2021-03-01,Sur,Accesorios,330.18700000000007,65.42,10,142,26
2021-03-01,Este,Ropa Casual,526.16,147.18,0,251,52
2021-03-01,Este,Ropa Formal,401.66,174.32,0,220,41
2021-03-01,Este,Deportivo,385.8225,148.61,5,147,38
2021-03-01,Este,Accesorios,346.1955,71.06,5,172,30
2021-03-01,Oeste,Ropa Casual,628.46,130.04,0,301,63
2021-03-01,Oeste,Ropa Formal,505.24,152.16,0,243,44
2021-03-01,Oeste,Deportivo,290.06,104.78,0,147,30
2021-03-01,Oeste,Accesorios,364.014,75.85,5,161,33
2021-03-01,Centro,Ropa Casual,822.66,239.0,0,386,84
2021-03-01,Centro,Ropa Formal,1288.45,246.06,0,636,129
2021-03-01,Centro,Deportivo,610.35,133.88,0,259,59
2021-03-01,Centro,Accesorios,404.67,124.09,0,213,38
2021-03-02,Norte,Ropa Casual,614.4810000000001,184.87,5,254,59
2021-03-02,Norte,Ropa Formal,763.532,184.43,10,349,67
2021-03-02,Norte,Deportivo,559.78,125.5,0,248,70
2021-03-02,Norte,Accesorios,358.81,98.86,0,193,31
2021-03-02,Sur,Ropa Casual,502.92,65.83,0,207,51
2021-03-02,Sur,Ropa Formal,668.44,80.02,0,331,69
2021-03-02,Sur,Deportivo,369.14,130.55,0,177,28
2021-03-02,Sur,Accesorios,433.76300000000003,58.24,10,191,38
2021-03-02,Este,Ropa Casual,847.13,121.21,0,431,88
2021-03-02,Este,Ropa Formal,837.8863861283405,76.49,5,391,85
2021-03-02,Este,Deportivo,646.09,97.63,0,328,67
2021-03-02,Este,Accesorios,289.296,82.05,5,89,30
2021-03-02,Oeste,Ropa Casual,502.52,143.32,0,287,53
2021-03-02,Oeste,Ropa Formal,685.157,155.57,10,299,53
2021-03-02,Oeste,Deportivo,481.3935000000001,111.25,5,193,47
2021-03-02,Oeste,Accesorios,336.98749039078194,94.81,0,188,34
2021-03-02,Centro,Ropa Casual,575.4,240.27,0,300,52
2021-03-02,Centro,Ropa Formal,744.25,303.5,0,386,71
2021-03-02,Centro,Deportivo,846.88,133.69,0,405,87
2021-03-02,Centro,Accesorios,405.11,146.46,0,158,37
2021-03-03,Norte,Ropa Casual,582.3199692771303,140.49,5,279,65
2021-03-03,Norte,Ropa Formal,600.24,169.99929859979926,0,286,56
2021-03-03,Norte,Deportivo,480.795,118.27,5,201,51
2021-03-03,Norte,Accesorios,411.92,127.47,0,189,42
2021-03-03,Sur,Ropa Casual,232.13,146.77,0,135,24
2021-03-03,Sur,Ropa Formal,400.09,108.63,0,154,38
2021-03-03,Sur,Deportivo,359.78,101.17,0,201,34
2021-03-03,Sur,Accesorios,323.9446387949848,91.3,0,178,40
2021-03-03,Este,Ropa Casual,557.4765,49.141356180955654,5,225,49
2021-03-03,Este,Ropa Formal,623.49,115.4,0,345,57
2021-03-03,Este,Deportivo,470.82,101.21,0,233,47
2021-03-03,Este,Accesorios,223.63,58.74,0,124,20
2021-03-03,Oeste,Ropa Casual,709.8,143.01,0,358,65
2021-03-03,Oeste,Ropa Formal,687.61,187.68,0,357,69
2021-03-03,Oeste,Deportivo,562.14,120.22,0,295,52
2021-03-03,Oeste,Accesorios,341.28,73.25,0,204,36
2021-03-03,Centro,Ropa Casual,889.72,149.82,0,486,92
2021-03-03,Centro,Ropa Formal,878.44,229.39,0,439,80
2021-03-03,Centro,Deportivo,685.7025,177.79,5,304,56
2021-03-03,Centro,Accesorios,352.3212837294379,110.66,0,195,38
2021-03-04,Norte,Ropa Casual,595.0350000000001,183.88,5,288,57
2021-03-04,Norte,Ropa Formal,974.16,156.4,0,470,107
2021-03-04,Norte,Deportivo,513.48,94.66,0,268,55
2021-03-04,Norte,Accesorios,353.682,101.62,5,187,33
2021-03-04,Sur,Ropa Casual,541.46,40.47,0,276,48
2021-03-04,Sur,Ropa Formal,652.9215,134.49,5,290,70
2021-03-04,Sur,Deportivo,537.61,93.5,0,272,62
2021-03-04,Sur,Accesorios,329.322,76.62,5,136,33
2021-03-04,Este,Ropa Casual,624.95,134.41,0,291,65
2021-03-04,Este,Ropa Formal,466.51,196.27,0,214,43
2021-03-04,Este,Deportivo,413.74,123.5,0,168,38
2021-03-04,Este,Accesorios,389.13,74.16,0,204,34
2021-03-04,Oeste,Ropa Casual,843.171,144.14,5,419,79
2021-03-04,Oeste,Ropa Formal,727.797,225.69,5,340,69
2021-03-04,Oeste,Deportivo,505.5131809889619,74.49,0,276,53
2021-03-04,Oeste,Accesorios,308.94,48.69,0,164,26
2021-03-04,Centro,Ropa Casual,625.49,199.61,0,298,63
2021-03-04,Centro,Ropa Formal,1042.0620000000001,263.26,5,515,105
2021-03-04,Centro,Deportivo,790.7,149.48,0,421,81
2021-03-04,Centro,Accesorios,326.45,118.62,0,190,37
2021-03-05,Norte,Ropa Casual,632.814,170.46827486574776,5,321,61
2021-03-05,Norte,Ropa Formal,978.72,292.0,0,490,101
2021-03-05,Norte,Deportivo,481.97,185.11,0,256,52
2021-03-05,Norte,Accesorios,331.67400000000004,76.17,5,169,24
2021-03-05,Sur,Ropa Casual,491.75,118.75,0,224,55
2021-03-05,Sur,Ropa Formal,656.56,172.29,0,359,67
2021-03-05,Sur,Deportivo,476.3,87.35,0,212,44
2021-03-05,Sur,Accesorios,261.81100000000004,61.4,10,124,23
2021-03-05,Este,Ropa Casual,613.78,132.22,0,314,62
2021-03-05,Este,Ropa Formal,667.6497910293684,150.9,0,342,73
2021-03-05,Este,Deportivo,495.04400000000004,79.358140688931,10,237,39
2021-03-05,Este,Accesorios,334.35,64.49,0,149,38
2021-03-05,Oeste,Ropa Casual,819.53,112.63,0,392,87
2021-03-05,Oeste,Ropa Formal,617.8515,182.46,5,290,53
2021-03-05,Oeste,Deportivo,534.39,90.67,0,276,47
2021-03-05,Oeste,Accesorios,356.223,69.17,5,193,41
2021-03-05,Centro,Ropa Casual,687.71,154.17,0,344,77
2021-03-05,Centro,Ropa Formal,732.6632493336814,267.44,0,423,77
2021-03-05,Centro,Deportivo,618.96,181.2,0,266,61
2021-03-05,Centro,Accesorios,541.25,158.46,0,308,49
2021-03-06,Norte,Ropa Casual,562.33,133.79,0,266,54
2021-03-06,Norte,Ropa Formal,926.3135,171.51,15,399,75
2021-03-06,Norte,Deportivo,519.1,90.38,0,220,56
2021-03-06,Norte,Accesorios,350.63499999999993,64.04,15,175,29
2021-03-06,Sur,Ropa Casual,503.17300000000006,118.4,10,201,43
2021-03-06,Sur,Ropa Formal,920.6560000000001,92.5,10,437,82
2021-03-06,Sur,Deportivo,219.57444425478838,131.07,0,146,23
2021-03-06,Sur,Accesorios,386.716,70.12,10,197,29
2021-03-06,Este,Ropa Casual,519.7610000000001,145.56655470518865,10,200,39
2021-03-06,Este,Ropa Formal,535.4140779993409,141.91,0,282,53
2021-03-06,Este,Deportivo,676.7860000000001,148.48,10,339,55
2021-03-06,Este,Accesorios,521.5479999999999,44.24,15,217,38
2021-03-06,Oeste,Ropa Casual,496.97,89.35,0,276,49
2021-03-06,Oeste,Ropa Formal,745.2344999999999,62.47,15,322,74
2021-03-06,Oeste,Deportivo,561.8030000000001,103.0,10,240,46
2021-03-06,Oeste,Accesorios,356.85100000000006,106.27,10,157,37
2021-03-06,Centro,Ropa Casual,707.34,199.7,0,369,65
2021-03-06,Centro,Ropa Formal,1307.1014999999998,199.43,15,556,116
2021-03-06,Centro,Deportivo,725.307,173.91,10,305,61
2021-03-06,Centro,Accesorios,510.31200000000007,99.86,10,224,35
2021-03-07,Norte,Ropa Casual,935.0999999999999,119.71,20,381,72
2021-03-07,Norte,Ropa Formal,849.7737268689748,156.5,15,401,82
2021-03-07,Norte,Deportivo,533.8185,131.41,15,272,48
2021-03-07,Norte,Accesorios,367.44,100.8,0,176,40
2021-03-07,Sur,Ropa Casual,466.6684839234943,72.88,10,230,44
2021-03-07,Sur,Ropa Formal,532.872,141.56,20,197,44
2021-03-07,Sur,Deportivo,446.52199999999993,88.73,15,175,42
2021-03-07,Sur,Accesorios,324.32,41.21473772512037,0,191,30
2021-03-07,Este,Ropa Casual,593.8485,159.75538565339494,15,267,56
2021-03-07,Este,Ropa Formal,558.18,123.06,0,272,52
2021-03-07,Este,Deportivo,497.64,69.2,20,213,38
2021-03-07,Este,Accesorios,344.80799999999994,82.98,20,104,33
2021-03-07,Oeste,Ropa Casual,556.457,164.44,10,294,46
2021-03-07,Oeste,Ropa Formal,905.2569999999998,127.33,15,440,76
2021-03-07,Oeste,Deportivo,600.7320000000001,108.43,10,281,56
2021-03-07,Oeste,Accesorios,293.238,68.70962076798291,10,122,29
2021-03-07,Centro,Ropa Casual,910.84,201.75,0,429,94
2021-03-07,Centro,Ropa Formal,864.616017367579,229.61,0,487,92
2021-03-07,Centro,Deportivo,754.1159999999999,157.65,20,305,71
2021-03-07,Centro,Accesorios,480.95,108.68,0,237,47
2021-03-08,Norte,Ropa Casual,676.2945000000001,162.5,5,288,59
2021-03-08,Norte,Ropa Formal,755.25,135.26,0,350,79
2021-03-08,Norte,Deportivo,316.3142511574156,122.54,0,138,44
2021-03-08,Norte,Accesorios,502.908,85.77,5,229,51
2021-03-08,Sur,Ropa Casual,559.8751292776727,159.04,0,267,60
2021-03-08,Sur,Ropa Formal,479.3088234441517,109.94,0,284,58
2021-03-08,Sur,Deportivo,365.78,110.7,0,183,38
2021-03-08,Sur,Accesorios,269.25,36.02841196051352,0,124,26
2021-03-08,Este,Ropa Casual,585.13,167.92,0,326,58
2021-03-08,Este,Ropa Formal,649.16,212.31,0,292,61
2021-03-08,Este,Deportivo,360.72,113.40949584201462,0,143,37
2021-03-08,Este,Accesorios,260.64573589464,76.5718699324135,5,128,29
2021-03-08,Oeste,Ropa Casual,703.615,164.57388689568927,10,349,58
2021-03-08,Oeste,Ropa Formal,755.4030000000001,143.57,10,307,70
2021-03-08,Oeste,Deportivo,524.1285,94.77,5,259,49
2021-03-08,Oeste,Accesorios,338.52,93.19,0,195,34
2021-03-08,Centro,Ropa Casual,753.6165000000001,214.01,5,330,63
2021-03-08,Centro,Ropa Formal,901.41,201.87,0,421,83
2021-03-08,Centro,Deportivo,629.05,151.14,0,324,60
2021-03-08,Centro,Accesorios,459.86,144.69,0,202,50
2021-03-09,Norte,Ropa Casual,719.97,133.45,0,351,69
2021-03-09,Norte,Ropa Formal,773.95,218.95,0,381,82
2021-03-09,Norte,Deportivo,425.37,113.45,0,235,36
2021-03-09,Norte,Accesorios,421.96,65.96,0,203,35
2021-03-09,Sur,Ropa Casual,480.83700000000005,123.48,5,217,43
2021-03-09,Sur,Ropa Formal,503.2952573096205,104.96792305494178,0,286,51
2021-03-09,Sur,Deportivo,382.82,76.85,0,248,39
2021-03-09,Sur,Accesorios,227.556,44.68,5,103,23
2021-03-09,Este,Ropa Casual,611.16,69.21,0,310,56
2021-03-09,Este,Ropa Formal,478.2,160.42,0,247,54
2021-03-09,Este,Deportivo,464.2155,82.27,5,231,50
2021-03-09,Este,Accesorios,371.1225,63.97,5,175,33
2021-03-09,Oeste,Ropa Casual,710.82,102.7,0,371,71
2021-03-09,Oeste,Ropa Formal,581.1435,231.12,5,302,57
2021-03-09,Oeste,Deportivo,391.25100000000003,133.6950182475513,5,165,43
2021-03-09,Oeste,Accesorios,407.673,129.13,5,140,40
2021-03-09,Centro,Ropa Casual,739.13,196.77,0,387,65
2021-03-09,Centro,Ropa Formal,905.05,280.84,0,452,86
2021-03-09,Centro,Deportivo,698.7435,170.25,5,328,66
2021-03-09,Centro,Accesorios,493.4,129.33,0,227,52
2021-03-10,Norte,Ropa Casual,590.54,119.40503555570905,0,230,65
2021-03-10,Norte,Ropa Formal,584.17,249.05,0,299,61
2021-03-10,Norte,Deportivo,512.46,156.2,0,236,54
2021-03-10,Norte,Accesorios,359.5305,86.98130391385845,5,169,39
2021-03-10,Sur,Ropa Casual,570.8639999999999,147.65,5,300,52
2021-03-10,Sur,Ropa Formal,653.71,124.57,0,356,64
2021-03-10,Sur,Deportivo,397.59,115.4,0,208,39
2021-03-10,Sur,Accesorios,300.1224955724301,74.02,0,207,30
2021-03-10,Este,Ropa Casual,558.36,164.88,0,256,51
2021-03-10,Este,Ropa Formal,522.7636984949497,157.85,0,280,58
2021-03-10,Este,Deportivo,412.39,67.11,0,200,48
2021-03-10,Este,Accesorios,356.52,100.92,0,173,29
2021-03-10,Oeste,Ropa Casual,735.66,120.47,0,345,71
2021-03-10,Oeste,Ropa Formal,754.59,114.68,0,351,75
2021-03-10,Oeste,Deportivo,543.95,121.44,0,280,54
2021-03-10,Oeste,Accesorios,411.35,52.88,0,189,42
2021-03-10,Centro,Ropa Casual,843.28,228.19,0,444,83
2021-03-10,Centro,Ropa Formal,1022.9780000000001,260.81,10,486,104
2021-03-10,Centro,Deportivo,504.99,141.64922354256004,0,253,42
2021-03-10,Centro,Accesorios,451.26400000000007,81.26,10,192,30
2021-03-11,Norte,Ropa Casual,714.1995000000001,204.37,5,344,62
2021-03-11,Norte,Ropa Formal,613.7807146694,165.96,0,328,63
2021-03-11,Norte,Deportivo,453.44,119.12,0,213,46
2021-03-11,Norte,Accesorios,366.84,67.71,0,161,45
2021-03-11,Sur,Ropa Casual,409.689,85.59,5,170,37
2021-03-11,Sur,Ropa Formal,677.6595,191.98,5,327,62
2021-03-11,Sur,Deportivo,336.49350000000004,92.64,5,173,31
2021-03-11,Sur,Accesorios,307.94,46.38,0,151,32
2021-03-11,Este,Ropa Casual,689.0950000000001,111.44,10,305,54
2021-03-11,Este,Ropa Formal,426.89,163.06,0,199,38
2021-03-11,Este,Deportivo,350.9415,99.12,5,157,34
2021-03-11,Este,Accesorios,445.26900000000006,101.33,10,221,44
2021-03-11,Oeste,Ropa Casual,592.32,112.36,0,305,56
2021-03-11,Oeste,Ropa Formal,765.237,127.12,10,348,70
2021-03-11,Oeste,Deportivo,430.14,89.22,0,192,38
2021-03-11,Oeste,Accesorios,400.04,86.79,0,210,34
2021-03-11,Centro,Ropa Casual,875.98,233.43,0,436,91
2021-03-11,Centro,Ropa Formal,911.93,282.23,0,450,85
2021-03-11,Centro,Deportivo,587.94,160.47,0,307,64
2021-03-11,Centro,Accesorios,509.58,124.11,0,283,52
2021-03-12,Norte,Ropa Casual,447.15,174.7,0,222,49
2021-03-12,Norte,Ropa Formal,838.9290000000001,228.45,5,410,85
2021-03-12,Norte,Deportivo,568.533,68.87,5,243,46
2021-03-12,Norte,Accesorios,401.35,77.14199794199794,0,234,35
2021-03-12,Sur,Ropa Casual,515.172,85.34,5,237,50
2021-03-12,Sur,Ropa Formal,636.258,153.53,5,361,55
2021-03-12,Sur,Deportivo,243.88,69.12342335558452,0,91,20
2021-03-12,Sur,Accesorios,325.12,55.84,0,143,35
2021-03-12,Este,Ropa Casual,450.1289798110072,125.12,0,254,50
2021-03-12,Este,Ropa Formal,574.0041245682914,102.39,0,321,65
2021-03-12,Este,Deportivo,630.1785,108.2,5,300,59
2021-03-12,Este,Accesorios,340.68,85.63,0,127,36
2021-03-12,Oeste,Ropa Casual,803.42,147.88,0,416,82
2021-03-12,Oeste,Ropa Formal,687.81,124.5,0,321,72
2021-03-12,Oeste,Deportivo,541.66,119.31,0,265,52
2021-03-12,Oeste,Accesorios,372.27750000000003,59.6,5,178,34
2021-03-12,Centro,Ropa Casual,845.88,172.21544134673232,0,445,90
2021-03-12,Centro,Ropa Formal,707.6545625789689,214.77,5,365,80
2021-03-12,Centro,Deportivo,782.3340000000001,197.67,5,339,71
2021-03-12,Centro,Accesorios,482.21,89.27,0,223,47
2021-03-13,Norte,Ropa Casual,553.09,181.89,0,248,53
2021-03-13,Norte,Ropa Formal,609.95,235.99,10,248,56
2021-03-13,Norte,Deportivo,358.14,93.28,0,238,35
2021-03-13,Norte,Accesorios,492.45,105.65,0,261,46
2021-03-13,Sur,Ropa Casual,326.73,105.47,0,146,30
2021-03-13,Sur,Ropa Formal,606.75,192.75,0,311,54
2021-03-13,Sur,Deportivo,455.28,42.18,0,226,44
2021-03-13,Sur,Accesorios,294.536,40.08,10,182,28
2021-03-13,Este,Ropa Casual,609.015,144.95,10,291,56
2021-03-13,Este,Ropa Formal,591.69,191.1,0,296,50
2021-03-13,Este,Deportivo,437.34,145.18,0,235,46
2021-03-13,Este,Accesorios,423.63200000000006,55.91,10,231,39
2021-03-13,Oeste,Ropa Casual,589.3,170.48,0,278,62
2021-03-13,Oeste,Ropa Formal,951.5675,156.6,15,386,80
2021-03-13,Oeste,Deportivo,364.58,90.08,0,165,40
2021-03-13,Oeste,Accesorios,266.868,67.85,20,96,21
2021-03-13,Centro,Ropa Casual,876.2930000000001,175.77,10,366,70
2021-03-13,Centro,Ropa Formal,1031.0520000000001,216.02,10,443,95
2021-03-13,Centro,Deportivo,679.536,147.24,20,274,59
2021-03-13,Centro,Accesorios,404.0993052954266,108.59,10,220,40
2021-03-14,Norte,Ropa Casual,790.0614999999999,147.21,15,338,63
2021-03-14,Norte,Ropa Formal,648.3456404869535,167.86,0,312,77
2021-03-14,Norte,Deportivo,460.89,156.88,0,221,50
2021-03-14,Norte,Accesorios,478.13700000000006,131.01,10,252,43
2021-03-14,Sur,Ropa Casual,577.7715,87.0,15,241,58
2021-03-14,Sur,Ropa Formal,492.75600000000003,107.79097626369054,10,222,39
2021-03-14,Sur,Deportivo,350.625,105.22,10,153,37
2021-03-14,Sur,Accesorios,298.08900000000006,57.84,10,126,31
2021-03-14,Este,Ropa Casual,742.599,159.63,10,357,58
2021-03-14,Este,Ropa Formal,693.024,148.28,20,281,61
2021-03-14,Este,Deportivo,329.48,122.09015456859063,0,148,26
2021-03-14,Este,Accesorios,465.22300000000007,66.84,10,264,42
2021-03-14,Oeste,Ropa Casual,702.71,146.66,0,355,70
2021-03-14,Oeste,Ropa Formal,618.76,237.63,0,308,66
2021-03-14,Oeste,Deportivo,387.55,110.52,0,196,35
2021-03-14,Oeste,Accesorios,415.518,126.51,15,187,41
2021-03-14,Centro,Ropa Casual,1029.38,130.54092296872128,10,480,92
2021-03-14,Centro,Ropa Formal,982.68,210.55,0,485,94
2021-03-14,Centro,Deportivo,575.8280000000001,147.09,10,251,52
2021-03-14,Centro,Accesorios,580.3380000000001,109.9,10,282,58
2021-03-15,Norte,Ropa Casual,582.33,152.42,0,285,58
2021-03-15,Norte,Ropa Formal,724.69,163.4,0,376,71
2021-03-15,Norte,Deportivo,601.5765,147.73,5,315,63
2021-03-15,Norte,Accesorios,483.42800000000005,134.35,10,237,47
2021-03-15,Sur,Ropa Casual,446.14,118.16,0,267,30
2021-03-15,Sur,Ropa Formal,546.79,158.44041298612763,0,262,54
2021-03-15,Sur,Deportivo,472.63,94.4,0,268,55
2021-03-15,Sur,Accesorios,282.87,68.16,0,151,23
2021-03-15,Este,Ropa Casual,706.28,167.7,0,348,74
2021-03-15,Este,Ropa Formal,608.27,87.82,0,319,58
2021-03-15,Este,Deportivo,473.46,68.25,0,198,51
2021-03-15,Este,Accesorios,414.27750000000003,49.61033244690415,5,218,41
2021-03-15,Oeste,Ropa Casual,605.93,80.9765685871062,0,303,59
2021-03-15,Oeste,Ropa Formal,869.442,211.55427400805874,5,399,83
2021-03-15,Oeste,Deportivo,492.2,89.33,0,243,45
2021-03-15,Oeste,Accesorios,251.223,94.92,5,92,29
2021-03-15,Centro,Ropa Casual,896.8365,238.45,5,421,85
2021-03-15,Centro,Ropa Formal,907.533,270.61769667839525,10,419,88
2021-03-15,Centro,Deportivo,513.3169865273849,145.01,0,243,55
2021-03-15,Centro,Accesorios,431.95900000000006,121.5,10,197,43
2021-03-16,Norte,Ropa Casual,628.2885,211.83,5,273,54
2021-03-16,Norte,Ropa Formal,767.46,291.84,0,366,69
2021-03-16,Norte,Deportivo,499.25,126.15,0,224,54
2021-03-16,Norte,Accesorios,385.0,107.11050089741234,0,145,40
2021-03-16,Sur,Ropa Casual,417.45000000000005,111.0,10,152,33
2021-03-16,Sur,Ropa Formal,487.683,177.57,5,267,44
2021-03-16,Sur,Deportivo,314.71,101.37,0,151,23
2021-03-16,Sur,Accesorios,281.43,56.75,0,141,31
2021-03-16,Este,Ropa Casual,565.75,170.43,0,297,47
2021-03-16,Este,Ropa Formal,569.85,132.37,0,274,63
2021-03-16,Este,Deportivo,179.44,114.4,0,79,20
2021-03-16,Este,Accesorios,299.68,106.25,0,177,26
2021-03-16,Oeste,Ropa Casual,693.924,162.21,5,318,60
2021-03-16,Oeste,Ropa Formal,489.82500000000005,154.92,5,216,44
2021-03-16,Oeste,Deportivo,495.56,110.61,0,224,59
2021-03-16,Oeste,Accesorios,371.7105,69.92,5,198,35
2021-03-16,Centro,Ropa Casual,807.1250000000001,178.12822054290646,10,390,63
2021-03-16,Centro,Ropa Formal,905.016,279.54,5,422,82
2021-03-16,Centro,Deportivo,650.84,152.28,0,329,65
2021-03-16,Centro,Accesorios,619.72,151.98,0,304,51
2021-03-17,Norte,Ropa Casual,728.772,149.594233224511,10,373,64
2021-03-17,Norte,Ropa Formal,822.767,225.1,10,409,67
2021-03-17,Norte,Deportivo,528.54,130.9,0,267,61
2021-03-17,Norte,Accesorios,440.63,83.8,0,194,49
2021-03-17,Sur,Ropa Casual,714.56,87.2203898533616,0,392,71
2021-03-17,Sur,Ropa Formal,360.95,88.29,0,202,24
2021-03-17,Sur,Deportivo,365.92,159.77,0,157,36
2021-03-17,Sur,Accesorios,385.05,83.13,0,197,42
2021-03-17,Este,Ropa Casual,532.6640000000001,169.89,10,248,49
2021-03-17,Este,Ropa Formal,591.5,129.66,0,309,56
2021-03-17,Este,Deportivo,369.34,89.6,0,190,43
2021-03-17,Este,Accesorios,327.58,77.4,0,170,29
2021-03-17,Oeste,Ropa Casual,733.4145000000001,169.12,5,357,71
2021-03-17,Oeste,Ropa Formal,814.825,153.14,10,384,83
2021-03-17,Oeste,Deportivo,467.6,127.67,0,248,46
2021-03-17,Oeste,Accesorios,373.611,63.863532686515164,5,185,42
2021-03-17,Centro,Ropa Casual,768.57,181.72,0,392,66
2021-03-17,Centro,Ropa Formal,1044.69,329.04,0,540,103
2021-03-17,Centro,Deportivo,741.54,144.24,0,404,72
2021-03-17,Centro,Accesorios,465.11,120.45,0,271,46
2021-03-18,Norte,Ropa Casual,810.936,130.14,5,384,86
2021-03-18,Norte,Ropa Formal,774.13,225.27,0,374,72
2021-03-18,Norte,Deportivo,527.66,119.42,0,284,49
2021-03-18,Norte,Accesorios,291.6797819782297,83.26,0,150,33
2021-03-18,Sur,Ropa Casual,550.0110000000001,14.93,5,284,54
2021-03-18,Sur,Ropa Formal,568.81,114.16353611275534,0,275,53
2021-03-18,Sur,Deportivo,420.49350000000004,38.3,5,229,36
2021-03-18,Sur,Accesorios,211.82,46.16,0,118,20
2021-03-18,Este,Ropa Casual,527.2785,138.8,5,265,57
2021-03-18,Este,Ropa Formal,613.59,201.5,0,365,64
2021-03-18,Este,Deportivo,690.4810000000001,138.65,10,308,60
2021-03-18,Este,Accesorios,401.27,78.56,0,188,42
2021-03-18,Oeste,Ropa Casual,678.57,112.97,0,313,63
2021-03-18,Oeste,Ropa Formal,871.03,133.95,0,417,87
2021-03-18,Oeste,Deportivo,456.225,140.5,5,199,46
2021-03-18,Oeste,Accesorios,372.27,100.27,0,170,40
2021-03-18,Centro,Ropa Casual,934.941,185.06,5,438,96
2021-03-18,Centro,Ropa Formal,847.07,296.01,0,427,84
2021-03-18,Centro,Deportivo,625.8945000000001,106.25530888303567,5,322,60
2021-03-18,Centro,Accesorios,517.797,137.25,5,240,45
2021-03-19,Norte,Ropa Casual,623.1,171.42,0,322,64
2021-03-19,Norte,Ropa Formal,843.3915000000001,187.08,5,427,80
2021-03-19,Norte,Deportivo,413.78,121.32,0,272,44
2021-03-19,Norte,Accesorios,422.85,107.91,0,198,45
2021-03-19,Sur,Ropa Casual,490.9695,100.83,5,253,45
2021-03-19,Sur,Ropa Formal,654.9,65.88,0,348,65
2021-03-19,Sur,Deportivo,364.71,94.68,0,195,36
2021-03-19,Sur,Accesorios,240.9,89.63,0,120,22
2021-03-19,Este,Ropa Casual,530.817,131.3,5,263,41
2021-03-19,Este,Ropa Formal,505.8691440486092,139.31,0,281,47
2021-03-19,Este,Deportivo,441.87,71.14,0,244,48
2021-03-19,Este,Accesorios,324.12,61.17,0,131,35
2021-03-19,Oeste,Ropa Casual,847.5390000000001,224.17,10,429,83
2021-03-19,Oeste,Ropa Formal,819.777,164.02,5,405,75
2021-03-19,Oeste,Deportivo,602.8785,97.6666062870378,5,298,52
2021-03-19,Oeste,Accesorios,295.07,65.22,0,129,33
2021-03-19,Centro,Ropa Casual,723.96,161.58,0,342,78
2021-03-19,Centro,Ropa Formal,921.942,160.01286281901372,5,432,85
2021-03-19,Centro,Deportivo,594.8,176.53,0,304,63
2021-03-19,Centro,Accesorios,548.71,101.22,0,272,63
2021-03-20,Norte,Ropa Casual,466.499,168.02,10,226,44
2021-03-20,Norte,Ropa Formal,735.14,217.01,0,360,70
2021-03-20,Norte,Deportivo,709.8145,140.8,15,309,50
2021-03-20,Norte,Accesorios,381.77,90.59,0,180,48
2021-03-20,Sur,Ropa Casual,241.89600000000002,92.921669949206,20,102,20
2021-03-20,Sur,Ropa Formal,747.024,187.22,20,297,51
2021-03-20,Sur,Deportivo,399.61,66.53,0,203,33
2021-03-20,Sur,Accesorios,263.19700000000006,64.96,10,96,26
2021-03-20,Este,Ropa Casual,800.0520000000001,124.35,10,331,67
2021-03-20,Este,Ropa Formal,805.365,163.65,10,364,69
2021-03-20,Este,Deportivo,572.5500000000001,95.73,10,300,47
2021-03-20,Este,Accesorios,254.42,85.75,0,118,20
2021-03-20,Oeste,Ropa Casual,520.99,131.21,0,259,49
2021-03-20,Oeste,Ropa Formal,1012.4024999999999,216.02,15,440,83
2021-03-20,Oeste,Deportivo,615.1005,152.75,15,271,51
2021-03-20,Oeste,Accesorios,201.6850186930232,95.8,0,127,23
2021-03-20,Centro,Ropa Casual,921.8612664394338,201.86,10,456,89
2021-03-20,Centro,Ropa Formal,1258.3415,209.17,15,554,100
2021-03-20,Centro,Deportivo,600.78,132.46,0,301,67
2021-03-20,Centro,Accesorios,494.8,110.79,0,232,42
2021-03-21,Norte,Ropa Casual,434.01,161.4,0,211,43
2021-03-21,Norte,Ropa Formal,705.85,213.0,0,376,73
2021-03-21,Norte,Deportivo,517.18,162.6,0,276,57
2021-03-21,Norte,Accesorios,411.83,93.2,0,213,42
2021-03-21,Sur,Ropa Casual,434.17,124.76,10,193,36
2021-03-21,Sur,Ropa Formal,494.34,179.44,0,267,50
2021-03-21,Sur,Deportivo,373.17,73.0,0,173,38
2021-03-21,Sur,Accesorios,194.40146685716167,81.17,0,98,21
2021-03-21,Este,Ropa Casual,573.23,21.27,0,280,52
2021-03-21,Este,Ropa Formal,870.4520000000001,167.7371777875771,10,369,81
2021-03-21,Este,Deportivo,375.57,85.91461279915208,0,189,29
2021-03-21,Este,Accesorios,368.65,80.8,0,206,39
2021-03-21,Oeste,Ropa Casual,434.56,152.53,0,231,38
2021-03-21,Oeste,Ropa Formal,688.9738037538337,221.94,10,321,66
2021-03-21,Oeste,Deportivo,709.1999999999999,63.13707925494789,20,295,55
2021-03-21,Oeste,Accesorios,363.14,47.19,0,200,33
2021-03-21,Centro,Ropa Casual,600.69,263.96,0,282,52
2021-03-21,Centro,Ropa Formal,804.1374999999999,200.64,15,380,59
2021-03-21,Centro,Deportivo,760.298,141.95,10,357,72
2021-03-21,Centro,Accesorios,591.9625,104.94,15,236,49
2021-03-22,Norte,Ropa Casual,649.54,161.25,0,298,66
2021-03-22,Norte,Ropa Formal,729.34,217.52,0,360,54
2021-03-22,Norte,Deportivo,463.85,108.97,0,250,50
2021-03-22,Norte,Accesorios,522.7215,91.8,5,238,52
2021-03-22,Sur,Ropa Casual,456.34,92.61821471829816,0,224,53
2021-03-22,Sur,Ropa Formal,693.1575,157.05,5,350,58
2021-03-22,Sur,Deportivo,419.38,105.7,0,229,45
2021-03-22,Sur,Accesorios,276.11,73.8,0,169,27
2021-03-22,Este,Ropa Casual,477.67,105.75,0,253,48
2021-03-22,Este,Ropa Formal,766.164,114.26,5,350,78
2021-03-22,Este,Deportivo,437.136,76.01,5,252,31
2021-03-22,Este,Accesorios,237.43,103.09,0,126,24
2021-03-22,Oeste,Ropa Casual,750.06,148.13,0,375,67
2021-03-22,Oeste,Ropa Formal,673.58,169.43,0,390,69
2021-03-22,Oeste,Deportivo,493.43,127.42,0,239,47
2021-03-22,Oeste,Accesorios,415.7685000000001,118.41,5,212,46
2021-03-22,Centro,Ropa Casual,791.37,212.44,0,385,82
2021-03-22,Centro,Ropa Formal,1042.65,302.31,0,493,97
2021-03-22,Centro,Deportivo,773.3040000000001,179.46,5,367,66
2021-03-22,Centro,Accesorios,466.21,148.01,0,246,52
2021-03-23,Norte,Ropa Casual,739.73,156.52,0,386,69
2021-03-23,Norte,Ropa Formal,825.1059431983092,205.86,10,431,77
2021-03-23,Norte,Deportivo,481.34694014208145,107.56,5,275,41
2021-03-23,Norte,Accesorios,575.7950000000001,98.62,10,263,49
2021-03-23,Sur,Ropa Casual,474.33,140.53,0,198,50
2021-03-23,Sur,Ropa Formal,547.0787136462469,121.13,0,272,58
2021-03-23,Sur,Deportivo,361.11083312534595,41.34,0,206,32
2021-03-23,Sur,Accesorios,373.29,49.21,0,219,27
2021-03-23,Este,Ropa Casual,608.72,116.69232970365407,0,318,62
2021-03-23,Este,Ropa Formal,546.2481331737364,162.5692432490859,0,290,61
2021-03-23,Este,Deportivo,513.1665,126.27,5,250,46
2021-03-23,Este,Accesorios,386.73,88.49,0,192,37
2021-03-23,Oeste,Ropa Casual,677.0390000000001,106.47,10,329,59
2021-03-23,Oeste,Ropa Formal,655.237,248.12,10,292,57
2021-03-23,Oeste,Deportivo,472.07,102.02,0,241,52
2021-03-23,Oeste,Accesorios,361.9961771454946,126.18,0,185,38
2021-03-23,Centro,Ropa Casual,1040.13,194.01,5,470,103
2021-03-23,Centro,Ropa Formal,851.05,201.3,0,368,87
2021-03-23,Centro,Deportivo,796.62,166.14,0,384,77
2021-03-23,Centro,Accesorios,578.172,107.67,5,252,58
2021-03-24,Norte,Ropa Casual,803.93,219.89,0,392,95
2021-03-24,Norte,Ropa Formal,986.57,214.06,0,481,100
2021-03-24,Norte,Deportivo,415.39,124.52,0,179,48
2021-03-24,Norte,Accesorios,323.411,113.64,10,150,34
2021-03-24,Sur,Ropa Casual,329.5670296858253,76.4,0,176,42
2021-03-24,Sur,Ropa Formal,563.5980000000001,55.79,5,241,51
2021-03-24,Sur,Deportivo,265.37,58.42,0,122,38
2021-03-24,Sur,Accesorios,381.78000000000003,76.43,5,188,39
2021-03-24,Este,Ropa Casual,530.46,148.67,0,257,51
2021-03-24,Este,Ropa Formal,522.1978085026898,138.86,0,272,59
2021-03-24,Este,Deportivo,546.18,134.03,0,279,58
2021-03-24,Este,Accesorios,376.61,68.0935146931094,0,170,38
2021-03-24,Oeste,Ropa Casual,659.7675,96.57,5,287,65
2021-03-24,Oeste,Ropa Formal,825.55,166.1,0,368,94
2021-03-24,Oeste,Deportivo,597.22,106.05,0,276,55
2021-03-24,Oeste,Accesorios,363.5,75.8,0,189,31
2021-03-24,Centro,Ropa Casual,903.64,227.71,0,462,96
2021-03-24,Centro,Ropa Formal,846.59,220.72,0,450,95
2021-03-24,Centro,Deportivo,629.94,214.65,0,345,66
2021-03-24,Centro,Accesorios,564.43,113.44,0,271,54
2021-03-25,Norte,Ropa Casual,905.9039999999999,151.57,20,404,66
2021-03-25,Norte,Ropa Formal,702.4290000000001,224.57,5,336,68
2021-03-25,Norte,Deportivo,464.6145,135.8467917030797,5,180,44
2021-03-25,Norte,Accesorios,377.75849999999997,84.59,5,178,45
2021-03-25,Sur,Ropa Casual,529.9350000000001,81.64,5,261,48
2021-03-25,Sur,Ropa Formal,640.2719999999999,134.91,20,290,53
2021-03-25,Sur,Deportivo,670.5660000000001,107.28,30,270,44
2021-03-25,Sur,Accesorios,267.7815,63.25,5,134,21
2021-03-25,Este,Ropa Casual,687.7397984803896,194.89,5,374,71
2021-03-25,Este,Ropa Formal,1032.108,110.55,20,432,93
2021-03-25,Este,Deportivo,500.20799999999997,130.79,20,192,36
2021-03-25,Este,Accesorios,257.1555,71.59,5,164,29
2021-03-25,Oeste,Ropa Casual,466.778,124.29,30,175,30
2021-03-25,Oeste,Ropa Formal,785.4000000000001,91.68,10,334,71
2021-03-25,Oeste,Deportivo,365.45250000000004,114.99,5,212,29
2021-03-25,Oeste,Accesorios,454.74,105.63,10,175,34
2021-03-25,Centro,Ropa Casual,941.232,271.47,20,390,78
2021-03-25,Centro,Ropa Formal,1091.6290000000001,210.21,10,515,103
2021-03-25,Centro,Deportivo,642.2350000000001,146.12,10,281,53
2021-03-25,Centro,Accesorios,442.197,113.73,5,199,44
2021-03-26,Norte,Ropa Casual,858.585,154.49,30,314,64
2021-03-26,Norte,Ropa Formal,1064.208,201.16,20,413,93
2021-03-26,Norte,Deportivo,541.8359999999999,132.68,20,261,47
2021-03-26,Norte,Accesorios,373.464,108.08,5,136,36
2021-03-26,Sur,Ropa Casual,567.6,129.68573095434462,20,265,49
2021-03-26,Sur,Ropa Formal,729.1305,110.63,5,318,70
2021-03-26,Sur,Deportivo,237.55200000000002,79.15,5,126,21
2021-03-26,Sur,Accesorios,319.715,61.03,10,168,34
2021-03-26,Este,Ropa Casual,715.8599999999999,137.71,20,297,56
2021-03-26,Este,Ropa Formal,516.648,127.99,10,211,37
2021-03-26,Este,Deportivo,527.1959999999999,125.83,20,210,49
2021-03-26,Este,Accesorios,237.79800000000003,48.69996675418061,10,90,20
2021-03-26,Oeste,Ropa Casual,546.4250000000001,151.56,10,244,59
2021-03-26,Oeste,Ropa Formal,800.1719999999999,164.92,20,350,61
2021-03-26,Oeste,Deportivo,603.148,119.86,30,233,45
2021-03-26,Oeste,Accesorios,262.668,132.18,5,106,28
2021-03-26,Centro,Ropa Casual,821.873,214.54,30,306,55
2021-03-26,Centro,Ropa Formal,1135.8719999999998,188.05,20,485,102
2021-03-26,Centro,Deportivo,689.052,137.85143534968304,5,314,69
2021-03-26,Centro,Accesorios,441.192,104.4,20,187,31
2021-03-27,Norte,Ropa Casual,836.16,140.44,20,338,55
2021-03-27,Norte,Ropa Formal,867.339,224.33,10,429,82
2021-03-27,Norte,Deportivo,531.6564999999999,127.91,15,214,44
2021-03-27,Norte,Accesorios,511.1635,103.53,15,212,50
2021-03-27,Sur,Ropa Casual,641.66,152.88,0,320,68
2021-03-27,Sur,Ropa Formal,648.912,128.19,10,296,52
2021-03-27,Sur,Deportivo,494.3965,100.8,15,194,47
2021-03-27,Sur,Accesorios,324.204,59.55,20,137,32
2021-03-27,Este,Ropa Casual,618.02,195.2,0,309,70
2021-03-27,Este,Ropa Formal,736.032,219.71997840339716,10,323,62
2021-03-27,Este,Deportivo,493.26,87.89166960658198,20,196,37
2021-03-27,Este,Accesorios,436.01,105.33,0,230,46
2021-03-27,Oeste,Ropa Casual,624.0840000000001,112.18,20,270,56
2021-03-27,Oeste,Ropa Formal,770.044,141.49,10,345,63
2021-03-27,Oeste,Deportivo,398.86599999999993,125.4557489477504,15,163,39
2021-03-27,Oeste,Accesorios,343.95,89.39,0,163,45
2021-03-27,Centro,Ropa Casual,770.46,226.51,0,322,77
2021-03-27,Centro,Ropa Formal,1165.7452494907552,207.65,15,573,106
2021-03-27,Centro,Deportivo,841.8960000000001,140.41,10,349,75
2021-03-27,Centro,Accesorios,514.855,121.94,10,301,50
2021-03-28,Norte,Ropa Casual,674.212,131.78,10,329,58
2021-03-28,Norte,Ropa Formal,1261.6995,227.41,15,542,111
2021-03-28,Norte,Deportivo,481.59,172.01,0,240,44
2021-03-28,Norte,Accesorios,346.665,84.61,10,142,35
2021-03-28,Sur,Ropa Casual,334.37,138.85,0,173,28
2021-03-28,Sur,Ropa Formal,650.5950000000001,83.09,10,278,64
2021-03-28,Sur,Deportivo,396.3190000000001,118.68,10,216,36
2021-03-28,Sur,Accesorios,278.014,57.72,10,113,20
2021-03-28,Este,Ropa Casual,600.028,199.36,10,306,56
2021-03-28,Este,Ropa Formal,772.112,226.03,10,347,75
2021-03-28,Este,Deportivo,615.7470000000001,94.91,10,282,53
2021-03-28,Este,Accesorios,222.24,65.72,0,93,35
2021-03-28,Oeste,Ropa Casual,717.1055,116.14,15,317,63
2021-03-28,Oeste,Ropa Formal,903.1869999999999,166.04,15,376,76
2021-03-28,Oeste,Deportivo,350.54800000000006,74.99942009952738,10,189,34
2021-03-28,Oeste,Accesorios,346.6905,78.56731796595905,15,147,28
2021-03-28,Centro,Ropa Casual,922.254,184.85021368816817,15,415,79
2021-03-28,Centro,Ropa Formal,1342.0155,289.77,15,564,109
2021-03-28,Centro,Deportivo,713.8450000000001,159.7,10,324,66
2021-03-28,Centro,Accesorios,561.85,154.90929757192723,0,273,57
2021-03-29,Norte,Ropa Casual,784.19,185.8893179637011,10,368,69
2021-03-29,Norte,Ropa Formal,917.6946731899716,262.34,20,417,79
2021-03-29,Norte,Deportivo,574.1519999999999,116.68,20,235,51
2021-03-29,Norte,Accesorios,513.672,77.34,20,225,44
2021-03-29,Sur,Ropa Casual,677.3235000000001,114.29,5,299,56
2021-03-29,Sur,Ropa Formal,807.168,129.39,20,332,66
2021-03-29,Sur,Deportivo,303.1490943052267,63.49,20,158,29
2021-03-29,Sur,Accesorios,222.18900000000002,66.59,10,133,22
2021-03-29,Este,Ropa Casual,545.666,95.59,10,246,52
2021-03-29,Este,Ropa Formal,731.5561129455988,189.54,5,400,77
2021-03-29,Este,Deportivo,523.005,105.65,5,257,50
2021-03-29,Este,Accesorios,388.02500000000003,85.54,10,188,34
2021-03-29,Oeste,Ropa Casual,808.7200000000001,70.86,10,344,86
2021-03-29,Oeste,Ropa Formal,1022.9835,112.62786873210047,5,475,98
2021-03-29,Oeste,Deportivo,498.52950000000004,115.68,5,246,49
2021-03-29,Oeste,Accesorios,302.274,93.01,5,156,28
2021-03-29,Centro,Ropa Casual,884.0707676659987,177.9,10,432,78
2021-03-29,Centro,Ropa Formal,1107.477,212.7,5,530,106
2021-03-29,Centro,Deportivo,763.284,176.31,20,295,61
2021-03-29,Centro,Accesorios,526.201,119.28,30,206,36
2021-03-30,Norte,Ropa Casual,866.0400000000001,230.08,20,363,67
2021-03-30,Norte,Ropa Formal,982.2719999999999,191.86,20,391,78
2021-03-30,Norte,Deportivo,479.633,148.6,10,224,46
2021-03-30,Norte,Accesorios,296.9927588249152,74.16,10,157,24
2021-03-30,Sur,Ropa Casual,637.0862550925689,95.86,20,259,64
2021-03-30,Sur,Ropa Formal,723.0520000000001,104.18,10,315,62
2021-03-30,Sur,Deportivo,445.725,71.98,5,160,49
2021-03-30,Sur,Accesorios,419.484,68.17,20,168,34
2021-03-30,Este,Ropa Casual,821.612,93.61,10,354,76
2021-03-30,Este,Ropa Formal,643.704,163.76467294660168,20,293,48
2021-03-30,Este,Deportivo,522.564,93.36,20,231,40
2021-03-30,Este,Accesorios,445.68700000000007,103.1563872825525,10,252,38
2021-03-30,Oeste,Ropa Casual,869.0880000000001,134.06,10,382,75
2021-03-30,Oeste,Ropa Formal,854.889,194.08,5,407,84
2021-03-30,Oeste,Deportivo,599.376,125.07,20,272,46
2021-03-30,Oeste,Accesorios,443.478,75.79,5,201,37
2021-03-30,Centro,Ropa Casual,749.064,173.72,20,306,58
2021-03-30,Centro,Ropa Formal,931.3490510677271,209.88067243153668,10,473,99
2021-03-30,Centro,Deportivo,777.273,181.34,5,380,78
2021-03-30,Centro,Accesorios,586.6818858465016,126.59,20,261,46
2021-03-31,Norte,Ropa Casual,763.659,163.68,30,301,55
2021-03-31,Norte,Ropa Formal,951.5740000000001,196.96,30,367,79
2021-03-31,Norte,Deportivo,538.835,113.7313422990381,10,245,40
2021-03-31,Norte,Accesorios,435.95069732751426,106.84,20,191,50
2021-03-31,Sur,Ropa Casual,568.56,142.27,20,222,45
2021-03-31,Sur,Ropa Formal,670.1634378659553,167.92,20,258,61
2021-03-31,Sur,Deportivo,509.2395,98.56,5,277,50
2021-03-31,Sur,Accesorios,365.892,59.19,20,149,32
2021-03-31,Este,Ropa Casual,585.8580000000001,95.55161528374069,5,282,63
2021-03-31,Este,Ropa Formal,715.0799999999999,153.71,20,265,62
2021-03-31,Este,Deportivo,466.158,120.18,10,193,42
2021-03-31,Este,Accesorios,339.0765,91.33,5,190,24
2021-03-31,Oeste,Ropa Casual,761.6582659935476,146.17,5,414,76
2021-03-31,Oeste,Ropa Formal,917.8365,113.67,5,429,83
2021-03-31,Oeste,Deportivo,825.372,123.73,20,366,76
2021-03-31,Oeste,Accesorios,347.897,40.36,10,148,34
2021-03-31,Centro,Ropa Casual,986.1239999999999,200.68,20,460,81
2021-03-31,Centro,Ropa Formal,1078.3042929770704,211.27,10,521,110
2021-03-31,Centro,Deportivo,678.9420000000001,193.12,10,284,59
2021-03-31,Centro,Accesorios,481.4775,149.79,5,259,51
2021-04-01,Norte,Ropa Casual,545.24,129.09,0,264,55
2021-04-01,Norte,Ropa Formal,701.35,222.4,0,383,66
2021-04-01,Norte,Deportivo,616.65,135.73,0,272,76
2021-04-01,Norte,Accesorios,441.52,93.14,0,225,38
2021-04-01,Sur,Ropa Casual,374.71,124.31,0,211,41
2021-04-01,Sur,Ropa Formal,698.313,115.80955085010396,5,378,59
2021-04-01,Sur,Deportivo,473.109,125.91,5,197,40
2021-04-01,Sur,Accesorios,376.86600000000004,80.36965812529051,5,178,41
2021-04-01,Este,Ropa Casual,575.0360000000001,160.74,10,240,56
2021-04-01,Este,Ropa Formal,821.4,249.48,0,376,86
2021-04-01,Este,Deportivo,541.0754999999999,114.79,5,261,40
2021-04-01,Este,Accesorios,347.82,81.77,0,184,35
2021-04-01,Oeste,Ropa Casual,687.5504999999999,127.497175046585,5,268,59
2021-04-01,Oeste,Ropa Formal,585.18,178.47,0,324,55
2021-04-01,Oeste,Deportivo,402.556,129.11,10,190,43
2021-04-01,Oeste,Accesorios,408.9015,89.27,5,223,34
2021-04-01,Centro,Ropa Casual,789.91,176.9419864584485,0,402,74
2021-04-01,Centro,Ropa Formal,1201.211,186.58,10,556,105
2021-04-01,Centro,Deportivo,646.9155000000001,169.4,5,310,51
2021-04-01,Centro,Accesorios,378.76842633544345,127.92,10,179,37
2021-04-02,Norte,Ropa Casual,686.41,107.87,0,330,66
2021-04-02,Norte,Ropa Formal,693.189,141.68,5,315,73
2021-04-02,Norte,Deportivo,536.19,152.66,0,276,54
2021-04-02,Norte,Accesorios,372.73,61.77,0,203,39
2021-04-02,Sur,Ropa Casual,573.174,96.28,5,299,50
2021-04-02,Sur,Ropa Formal,600.5,120.95,0,319,53
2021-04-02,Sur,Deportivo,292.17,91.8917612867309,0,183,20
2021-04-02,Sur,Accesorios,388.1,67.86,0,178,42
2021-04-02,Este,Ropa Casual,701.04,92.52,0,366,72
2021-04-02,Este,Ropa Formal,561.9075,82.7,5,252,58
2021-04-02,Este,Deportivo,540.81,79.12,0,260,49
2021-04-02,Este,Accesorios,387.783,91.74,10,189,31
2021-04-02,Oeste,Ropa Casual,410.445,129.66,5,163,45
2021-04-02,Oeste,Ropa Formal,865.88,159.96,0,458,92
2021-04-02,Oeste,Deportivo,437.451,86.21,5,193,47
2021-04-02,Oeste,Accesorios,318.51,86.42,0,141,31
2021-04-02,Centro,Ropa Casual,936.1220000000001,229.32,10,432,85
2021-04-02,Centro,Ropa Formal,1223.9141770661054,289.39,10,604,122
2021-04-02,Centro,Deportivo,714.6300000000001,171.46,5,375,72
2021-04-02,Centro,Accesorios,428.022,140.86,5,182,42
2021-04-03,Norte,Ropa Casual,709.43,127.1,0,369,68
2021-04-03,Norte,Ropa Formal,926.796,123.4,20,375,70
2021-04-03,Norte,Deportivo,767.82,145.77,20,320,64
2021-04-03,Norte,Accesorios,384.0655,92.76,15,160,34
2021-04-03,Sur,Ropa Casual,436.14693337321734,127.71,10,201,52
2021-04-03,Sur,Ropa Formal,544.423,125.66,10,251,50
2021-04-03,Sur,Deportivo,272.09679370575765,42.55,15,157,24
2021-04-03,Sur,Accesorios,261.206,69.07,10,119,20
2021-04-03,Este,Ropa Casual,730.532,136.45,10,313,62
2021-04-03,Este,Ropa Formal,726.8030000000001,163.96,10,341,62
2021-04-03,Este,Deportivo,274.14,90.38368074524948,0,140,33
2021-04-03,Este,Accesorios,441.70799999999997,85.85,20,190,36
2021-04-03,Oeste,Ropa Casual,685.5609999999999,134.62,15,279,54
2021-04-03,Oeste,Ropa Formal,911.922,115.43,10,425,84
2021-04-03,Oeste,Deportivo,477.33599999999996,128.98,20,185,37
2021-04-03,Oeste,Accesorios,369.7,70.15,0,176,33
2021-04-03,Centro,Ropa Casual,1008.4464999999999,160.48,15,422,92
2021-04-03,Centro,Ropa Formal,1007.0204999999999,177.72,15,403,91
2021-04-03,Centro,Deportivo,777.47,174.72,0,388,76
2021-04-03,Centro,Accesorios,504.79,108.72,0,225,48
2021-04-04,Norte,Ropa Casual,558.01,168.42,0,287,52
2021-04-04,Norte,Ropa Formal,495.804,226.11,20,186,52
2021-04-04,Norte,Deportivo,621.3570000000001,128.01,10,253,58
2021-04-04,Norte,Accesorios,360.76,65.38,0,176,37
2021-04-04,Sur,Ropa Casual,518.02,124.52,0,222,54
2021-04-04,Sur,Ropa Formal,677.2700000000001,120.13,10,284,59
2021-04-04,Sur,Deportivo,464.03,78.98,0,226,44
2021-04-04,Sur,Accesorios,272.87,82.87,0,149,20
2021-04-04,Este,Ropa Casual,522.66,143.06,0,264,53
2021-04-04,Este,Ropa Formal,926.365,178.14,10,407,90
2021-04-04,Este,Deportivo,563.849,85.4,10,271,48
2021-04-04,Este,Accesorios,422.29,78.16,10,187,46
2021-04-04,Oeste,Ropa Casual,589.3140000000001,124.24,10,279,60
2021-04-04,Oeste,Ropa Formal,648.5490000000001,206.21,10,294,59
2021-04-04,Oeste,Deportivo,662.6759999999999,152.25,15,304,53
2021-04-04,Oeste,Accesorios,324.786,106.89,10,144,23
2021-04-04,Centro,Ropa Casual,902.106,217.31072778225,15,366,80
2021-04-04,Centro,Ropa Formal,989.44,345.08,0,490,94
2021-04-04,Centro,Deportivo,609.252,147.91,20,280,47
2021-04-04,Centro,Accesorios,594.51,129.12,0,298,62
2021-04-05,Norte,Ropa Casual,615.45,196.93,0,279,60
2021-04-05,Norte,Ropa Formal,811.58,199.38,0,406,87
2021-04-05,Norte,Deportivo,618.6705000000001,131.64,5,280,63
2021-04-05,Norte,Accesorios,278.5730395768548,103.28,0,178,30
2021-04-05,Sur,Ropa Casual,465.8,134.71,0,228,47
2021-04-05,Sur,Ropa Formal,549.82,131.86,0,240,51
2021-04-05,Sur,Deportivo,392.091,76.7741734196854,5,211,31
2021-04-05,Sur,Accesorios,240.64950000000002,76.71,5,96,25
2021-04-05,Este,Ropa Casual,646.9674245380623,156.06,0,361,76
2021-04-05,Este,Ropa Formal,801.96,85.96,0,394,74
2021-04-05,Este,Deportivo,380.60400000000004,67.05,5,195,36
2021-04-05,Este,Accesorios,309.75,50.64,5,188,39
2021-04-05,Oeste,Ropa Casual,591.07,125.48,0,302,62
2021-04-05,Oeste,Ropa Formal,831.3165,98.23,5,370,73
2021-04-05,Oeste,Deportivo,516.5160000000001,102.25,5,274,45
2021-04-05,Oeste,Accesorios,277.48,111.88,0,153,29
2021-04-05,Centro,Ropa Casual,959.15,219.85,0,483,101
2021-04-05,Centro,Ropa Formal,980.6895000000001,213.99,5,467,97
2021-04-05,Centro,Deportivo,812.4585000000001,168.5463917366647,5,390,76
2021-04-05,Centro,Accesorios,315.32,105.2,0,171,31
2021-04-06,Norte,Ropa Casual,657.4546439107503,166.87,0,376,75
2021-04-06,Norte,Ropa Formal,906.72,255.73,0,458,92
2021-04-06,Norte,Deportivo,426.258,119.2,5,229,39
2021-04-06,Norte,Accesorios,356.06550000000004,98.77,5,160,25
2021-04-06,Sur,Ropa Casual,483.75600000000003,93.49,5,238,41
2021-04-06,Sur,Ropa Formal,642.5475000000001,149.89,5,300,58
2021-04-06,Sur,Deportivo,434.112,100.08,5,188,50
2021-04-06,Sur,Accesorios,286.75500000000005,100.63,5,111,22
2021-04-06,Este,Ropa Casual,587.6,144.75,0,287,56
2021-04-06,Este,Ropa Formal,511.7557690568034,217.81,5,292,50
2021-04-06,Este,Deportivo,366.14,96.59,0,199,35
2021-04-06,Este,Accesorios,321.365,68.93,10,142,28
2021-04-06,Oeste,Ropa Casual,433.86,154.7,0,174,42
2021-04-06,Oeste,Ropa Formal,815.7687583260205,166.58,10,418,82
2021-04-06,Oeste,Deportivo,423.3075,77.65,5,194,51
2021-04-06,Oeste,Accesorios,357.56489341578185,85.14,5,219,34
2021-04-06,Centro,Ropa Casual,758.06,183.0478735288367,0,374,75
2021-04-06,Centro,Ropa Formal,908.82,265.8543691144478,0,459,95
2021-04-06,Centro,Deportivo,556.08,143.85,5,277,56
2021-04-06,Centro,Accesorios,569.4780000000001,90.59,5,253,52
2021-04-07,Norte,Ropa Casual,689.06,159.45,0,330,63
2021-04-07,Norte,Ropa Formal,872.4,280.28,0,426,84
2021-04-07,Norte,Deportivo,388.43693067094233,132.55,10,179,38
2021-04-07,Norte,Accesorios,359.75100000000003,120.62,5,182,25
2021-04-07,Sur,Ropa Casual,402.07,71.6,0,181,40
2021-04-07,Sur,Ropa Formal,493.7205,114.7,5,261,38
2021-04-07,Sur,Deportivo,324.2,126.64,0,147,31
2021-04-07,Sur,Accesorios,227.58,79.95,0,169,21
2021-04-07,Este,Ropa Casual,368.45,179.45,0,172,38
2021-04-07,Este,Ropa Formal,710.33,140.58,0,350,61
2021-04-07,Este,Deportivo,621.3795,97.3,5,322,63
2021-04-07,Este,Accesorios,275.89,59.52,0,129,29
2021-04-07,Oeste,Ropa Casual,559.11,133.88,0,288,59
2021-04-07,Oeste,Ropa Formal,669.53,123.47,0,343,68
2021-04-07,Oeste,Deportivo,510.21600000000007,135.87,5,246,43
2021-04-07,Oeste,Accesorios,354.711,57.8,5,153,30
2021-04-07,Centro,Ropa Casual,862.3965000000001,175.97,5,387,87
2021-04-07,Centro,Ropa Formal,1235.8500000000001,267.24,5,605,119
2021-04-07,Centro,Deportivo,664.28,191.06,0,354,68
2021-04-07,Centro,Accesorios,501.34350000000006,92.54464981383566,5,236,40
2021-04-08,Norte,Ropa Casual,632.61,135.35,0,289,55
2021-04-08,Norte,Ropa Formal,834.11,177.45,0,408,81
2021-04-08,Norte,Deportivo,536.61,93.46,0,282,49
2021-04-08,Norte,Accesorios,448.28700000000003,95.06,5,241,41
2021-04-08,Sur,Ropa Casual,428.85,134.22,0,213,40
2021-04-08,Sur,Ropa Formal,722.7770000000002,154.13,10,309,66
2021-04-08,Sur,Deportivo,500.78,97.13,0,268,51
2021-04-08,Sur,Accesorios,283.23900000000003,82.23,10,140,24
2021-04-08,Este,Ropa Casual,594.16,149.2,0,298,54
2021-04-08,Este,Ropa Formal,856.023,141.0,5,399,83
2021-04-08,Este,Deportivo,619.586,141.77,10,248,51
2021-04-08,Este,Accesorios,405.95670228615063,88.6,10,195,47
2021-04-08,Oeste,Ropa Casual,703.51,141.89750509512103,0,340,67
2021-04-08,Oeste,Ropa Formal,631.5971221676477,155.85,0,304,75
2021-04-08,Oeste,Deportivo,452.81,118.36,0,184,45
2021-04-08,Oeste,Accesorios,357.9975,82.74,5,156,35
2021-04-08,Centro,Ropa Casual,699.5755702136646,260.56,5,380,76
2021-04-08,Centro,Ropa Formal,654.56,219.81,0,330,68
2021-04-08,Centro,Deportivo,733.5195000000001,142.65154536586172,5,343,68
2021-04-08,Centro,Accesorios,484.01,117.68,0,254,57
2021-04-09,Norte,Ropa Casual,569.0475000000001,152.64,5,254,53
2021-04-09,Norte,Ropa Formal,686.9,197.29,0,354,66
2021-04-09,Norte,Deportivo,431.45,110.92,0,233,45
2021-04-09,Norte,Accesorios,466.95000000000005,115.24,10,229,42
2021-04-09,Sur,Ropa Casual,388.89,89.78,0,215,38
2021-04-09,Sur,Ropa Formal,579.4425,113.85,5,270,52
2021-04-09,Sur,Deportivo,468.000150856893,48.2217948751743,0,253,56
2021-04-09,Sur,Accesorios,288.12,80.06,0,124,29
2021-04-09,Este,Ropa Casual,705.78,82.78,0,363,67
2021-04-09,Este,Ropa Formal,657.4272621369312,155.97,0,347,73
2021-04-09,Este,Deportivo,512.11,90.4,0,253,54
2021-04-09,Este,Accesorios,361.40500000000003,100.26,10,162,34
2021-04-09,Oeste,Ropa Casual,660.28,105.89,0,323,67
2021-04-09,Oeste,Ropa Formal,708.6,147.12,0,340,70
2021-04-09,Oeste,Deportivo,518.27,152.53,0,259,42
2021-04-09,Oeste,Accesorios,435.79,72.5,0,220,48
2021-04-09,Centro,Ropa Casual,869.14,195.42,0,445,80
2021-04-09,Centro,Ropa Formal,1093.18,235.27,0,536,110
2021-04-09,Centro,Deportivo,698.6175000000001,165.7,5,322,62
2021-04-09,Centro,Accesorios,584.8919999999999,101.12,5,279,64
2021-04-10,Norte,Ropa Casual,635.63,205.28,0,329,63
2021-04-10,Norte,Ropa Formal,842.2542354153726,247.87,10,417,87
2021-04-10,Norte,Deportivo,547.393,152.38,10,226,48
2021-04-10,Norte,Accesorios,449.765,108.47,15,199,32
2021-04-10,Sur,Ropa Casual,671.86,143.95,0,353,59
2021-04-10,Sur,Ropa Formal,906.6530000000001,172.33,10,393,78
2021-04-10,Sur,Deportivo,294.54,97.19,0,154,32
2021-04-10,Sur,Accesorios,231.82,95.97,0,132,20
2021-04-10,Este,Ropa Casual,531.5310000000001,165.68,10,241,48
2021-04-10,Este,Ropa Formal,644.7819999999999,195.2,15,308,55
2021-04-10,Este,Deportivo,460.1324545128922,126.01,0,296,44
2021-04-10,Este,Accesorios,357.9345473623387,87.14,20,154,42
2021-04-10,Oeste,Ropa Casual,459.97,165.54,0,254,42
2021-04-10,Oeste,Ropa Formal,720.6244999999999,180.54,15,322,63
2021-04-10,Oeste,Deportivo,447.5350000000001,127.22,10,199,40
2021-04-10,Oeste,Accesorios,371.459,57.95,10,176,29
2021-04-10,Centro,Ropa Casual,650.95,231.39,0,321,61
2021-04-10,Centro,Ropa Formal,933.3871677656567,212.88,10,434,94
2021-04-10,Centro,Deportivo,852.7709999999998,118.85329877224025,15,377,82
2021-04-10,Centro,Accesorios,465.97999999999996,100.18,15,227,46
2021-04-11,Norte,Ropa Casual,740.7180000000001,139.97562196603798,10,330,64
2021-04-11,Norte,Ropa Formal,891.6600000000001,233.87,10,409,79
2021-04-11,Norte,Deportivo,658.933,169.21,10,339,52
2021-04-11,Norte,Accesorios,325.952,113.78,10,139,31
2021-04-11,Sur,Ropa Casual,589.0,73.17,0,286,60
2021-04-11,Sur,Ropa Formal,333.9298589809905,166.07,0,186,48
2021-04-11,Sur,Deportivo,353.01200000000006,135.62,10,147,33
2021-04-11,Sur,Accesorios,259.56,61.0,0,128,20
2021-04-11,Este,Ropa Casual,556.08,180.2,0,280,51
2021-04-11,Este,Ropa Formal,837.4660759002185,109.71,20,377,74
2021-04-11,Este,Deportivo,564.788,107.54,15,239,52
2021-04-11,Este,Accesorios,394.224,77.21,20,186,36
2021-04-11,Oeste,Ropa Casual,721.165,189.22,15,280,66
2021-04-11,Oeste,Ropa Formal,1025.0639999999999,261.02,15,444,90
2021-04-11,Oeste,Deportivo,527.4474999999999,120.38,15,221,45
2021-04-11,Oeste,Accesorios,441.83,57.59,0,224,46
2021-04-11,Centro,Ropa Casual,817.0405,161.07,15,388,75
2021-04-11,Centro,Ropa Formal,1033.6071981206824,163.26,20,463,87
2021-04-11,Centro,Deportivo,839.0055,148.67,15,355,71
2021-04-11,Centro,Accesorios,534.5670000000001,121.53,10,242,50
2021-04-12,Norte,Ropa Casual,712.21,156.88,0,339,72
2021-04-12,Norte,Ropa Formal,864.02,193.78,0,456,78
2021-04-12,Norte,Deportivo,466.6858257135796,143.47,0,271,58
2021-04-12,Norte,Accesorios,331.41,123.77,0,144,36
2021-04-12,Sur,Ropa Casual,359.38,90.55839739334793,0,178,38
2021-04-12,Sur,Ropa Formal,448.31850000000003,143.98,5,206,43
2021-04-12,Sur,Deportivo,418.4565,87.31,5,196,41
2021-04-12,Sur,Accesorios,380.37,59.85424539330845,0,164,43
2021-04-12,Este,Ropa Casual,691.35,98.1,0,337,70
2021-04-12,Este,Ropa Formal,781.3155,123.25,5,355,68
2021-04-12,Este,Deportivo,351.41400000000004,112.87,5,156,35
2021-04-12,Este,Accesorios,430.01,77.66,0,205,43
2021-04-12,Oeste,Ropa Casual,525.903,153.91,5,223,45
2021-04-12,Oeste,Ropa Formal,532.92,125.52,0,270,54
2021-04-12,Oeste,Deportivo,455.10333538813063,107.81,0,243,53
2021-04-12,Oeste,Accesorios,366.74,125.06953319932221,0,154,35
2021-04-12,Centro,Ropa Casual,862.6200000000001,257.04,10,409,72
2021-04-12,Centro,Ropa Formal,1047.942,268.08,5,489,105
2021-04-12,Centro,Deportivo,562.75,175.29,0,296,52
2021-04-12,Centro,Accesorios,340.3,139.72,0,186,35
2021-04-13,Norte,Ropa Casual,716.5515,137.41,5,344,68
2021-04-13,Norte,Ropa Formal,659.6,191.57,0,348,68
2021-04-13,Norte,Deportivo,715.97,99.78159729033493,0,326,73
2021-04-13,Norte,Accesorios,397.29,101.77704532388047,0,187,36
2021-04-13,Sur,Ropa Casual,579.447,142.12,10,254,51
2021-04-13,Sur,Ropa Formal,644.941,122.27,10,271,64
2021-04-13,Sur,Deportivo,414.21,88.53536252062895,0,195,45
2021-04-13,Sur,Accesorios,267.62,55.37,0,100,23
2021-04-13,Este,Ropa Casual,679.0409999999999,116.02,10,294,66
2021-04-13,Este,Ropa Formal,585.06,137.52,0,335,63
2021-04-13,Este,Deportivo,487.42295575252376,136.54,0,291,47
2021-04-13,Este,Accesorios,245.6418929305034,70.38,0,125,25
2021-04-13,Oeste,Ropa Casual,580.3749506101854,151.48,0,319,62
2021-04-13,Oeste,Ropa Formal,614.1366777290474,125.66,0,350,64
2021-04-13,Oeste,Deportivo,441.68,129.36,0,251,45
2021-04-13,Oeste,Accesorios,389.24,94.29,0,205,33
2021-04-13,Centro,Ropa Casual,868.5495000000001,208.84,5,405,86
2021-04-13,Centro,Ropa Formal,1153.77,234.12950406499104,0,583,115
2021-04-13,Centro,Deportivo,804.2,135.13,0,410,85
2021-04-13,Centro,Accesorios,475.67,125.02,0,213,49
2021-04-14,Norte,Ropa Casual,719.51,133.43,0,342,69
2021-04-14,Norte,Ropa Formal,1065.855,231.79,5,500,100
2021-04-14,Norte,Deportivo,573.243,105.13344408998242,10,246,48
2021-04-14,Norte,Accesorios,433.09350000000006,84.53,5,224,43
2021-04-14,Sur,Ropa Casual,344.0063517463929,107.34,0,210,45
2021-04-14,Sur,Ropa Formal,863.0370000000001,142.28,5,415,87
2021-04-14,Sur,Deportivo,350.15400000000005,105.97,5,162,37
2021-04-14,Sur,Accesorios,336.62,81.33,0,147,34
2021-04-14,Este,Ropa Casual,393.85,167.19,0,152,43
2021-04-14,Este,Ropa Formal,733.4985,172.48,5,335,65
2021-04-14,Este,Deportivo,555.654,91.29,10,265,52
2021-04-14,Este,Accesorios,262.79,101.02300505313976,0,120,35
2021-04-14,Oeste,Ropa Casual,811.86,199.03,0,356,70
2021-04-14,Oeste,Ropa Formal,872.59,158.2,0,453,88
2021-04-14,Oeste,Deportivo,458.172,92.22,10,195,42
2021-04-14,Oeste,Accesorios,470.82,100.19,5,202,40
2021-04-14,Centro,Ropa Casual,885.71,186.68014068667304,0,441,97
2021-04-14,Centro,Ropa Formal,1193.28,241.97336200330597,0,613,122
2021-04-14,Centro,Deportivo,707.0977998446486,155.04,0,409,81
2021-04-14,Centro,Accesorios,419.75,120.41,0,220,43
2021-04-15,Norte,Ropa Casual,546.43,154.65,0,237,52
2021-04-15,Norte,Ropa Formal,891.65,168.29,0,474,90
2021-04-15,Norte,Deportivo,614.8275,97.18,5,278,68
2021-04-15,Norte,Accesorios,482.496,91.63,5,216,44
2021-04-15,Sur,Ropa Casual,429.29,111.98,0,198,48
2021-04-15,Sur,Ropa Formal,680.64,147.67235009542793,0,358,72
2021-04-15,Sur,Deportivo,285.96,75.76,0,147,31
2021-04-15,Sur,Accesorios,324.86,48.32,0,193,35
2021-04-15,Este,Ropa Casual,737.646,137.88,5,330,71
2021-04-15,Este,Ropa Formal,675.31,122.45,0,354,72
2021-04-15,Este,Deportivo,493.48,88.05719064162264,0,228,47
2021-04-15,Este,Accesorios,368.72,63.78,0,186,35
2021-04-15,Oeste,Ropa Casual,584.33,147.97,0,297,61
2021-04-15,Oeste,Ropa Formal,763.72,217.52,0,368,70
2021-04-15,Oeste,Deportivo,399.84,125.8,0,168,39
2021-04-15,Oeste,Accesorios,431.47650000000004,82.17199828462196,5,223,50
2021-04-15,Centro,Ropa Casual,715.701,208.79,5,333,67
2021-04-15,Centro,Ropa Formal,896.78,272.07,0,468,91
2021-04-15,Centro,Deportivo,727.89,160.84,0,346,70
2021-04-15,Centro,Accesorios,437.745,159.6,5,213,49
2021-04-16,Norte,Ropa Casual,662.9127441586764,158.04500162464163,0,390,68
2021-04-16,Norte,Ropa Formal,601.4224074190785,197.28268254233208,0,280,60
2021-04-16,Norte,Deportivo,550.221,171.66,5,267,44
2021-04-16,Norte,Accesorios,397.97,105.97,0,181,37
2021-04-16,Sur,Ropa Casual,572.9955000000001,105.54,5,313,53
2021-04-16,Sur,Ropa Formal,799.6,60.0,0,394,80
2021-04-16,Sur,Deportivo,427.1,89.58366240921968,0,209,32
2021-04-16,Sur,Accesorios,198.35,78.25,0,93,20
2021-04-16,Este,Ropa Casual,614.38,54.43,0,284,62
2021-04-16,Este,Ropa Formal,758.1,169.3,0,361,74
2021-04-16,Este,Deportivo,369.49,97.47,0,150,33
2021-04-16,Este,Accesorios,377.82,85.88,0,176,33
2021-04-16,Oeste,Ropa Casual,633.48,177.92,0,313,57
2021-04-16,Oeste,Ropa Formal,791.2590000000001,170.18,5,377,71
2021-04-16,Oeste,Deportivo,474.73650000000004,81.71,5,184,46
2021-04-16,Oeste,Accesorios,422.8245,76.08,5,171,39
2021-04-16,Centro,Ropa Casual,847.62,207.62,0,434,72
2021-04-16,Centro,Ropa Formal,903.88,294.32,0,487,94
2021-04-16,Centro,Deportivo,706.65,177.1,0,393,65
2021-04-16,Centro,Accesorios,524.91,162.15,0,277,55
2021-04-17,Norte,Ropa Casual,604.13,254.19,0,297,57
2021-04-17,Norte,Ropa Formal,953.879,196.49,15,419,93
2021-04-17,Norte,Deportivo,513.4250000000001,127.03,10,262,56
2021-04-17,Norte,Accesorios,498.0075,110.82,15,226,43
2021-04-17,Sur,Ropa Casual,489.75,144.75,0,233,49
2021-04-17,Sur,Ropa Formal,718.89,131.3,0,372,71
2021-04-17,Sur,Deportivo,262.658,63.92,10,164,25
2021-04-17,Sur,Accesorios,322.67849999999993,90.35,15,99,30
2021-04-17,Este,Ropa Casual,764.7640000000001,164.01,10,327,64
2021-04-17,Este,Ropa Formal,583.27,195.58,0,261,59
2021-04-17,Este,Deportivo,549.3276700025831,104.58,10,260,46
2021-04-17,Este,Accesorios,386.976,95.37,20,151,34
2021-04-17,Oeste,Ropa Casual,851.0260000000001,118.55903915439022,10,387,69
2021-04-17,Oeste,Ropa Formal,695.62,178.89,0,358,65
2021-04-17,Oeste,Deportivo,493.1,83.18,0,241,52
2021-04-17,Oeste,Accesorios,366.03,83.18,0,183,41
2021-04-17,Centro,Ropa Casual,967.615,206.3,10,433,92
2021-04-17,Centro,Ropa Formal,1117.9520000000002,206.98,10,492,104
2021-04-17,Centro,Deportivo,765.785,178.19,15,286,72
2021-04-17,Centro,Accesorios,570.3655,132.96,15,250,51
2021-04-18,Norte,Ropa Casual,658.36,167.21,0,318,63
2021-04-18,Norte,Ropa Formal,699.15,161.8,0,331,69
2021-04-18,Norte,Deportivo,596.673,116.81187267340563,10,312,49
2021-04-18,Norte,Accesorios,422.74100000000004,122.36,10,229,33
2021-04-18,Sur,Ropa Casual,616.884,70.72,20,272,51
2021-04-18,Sur,Ropa Formal,576.5100000000001,134.05,10,250,56
2021-04-18,Sur,Deportivo,339.86,109.12,0,168,35
2021-04-18,Sur,Accesorios,430.15500000000003,92.16,10,200,42
2021-04-18,Este,Ropa Casual,672.16,128.17,0,348,67
2021-04-18,Este,Ropa Formal,902.308,180.11,10,394,79
2021-04-18,Este,Deportivo,553.4860487198995,105.54,0,278,58
2021-04-18,Este,Accesorios,278.07,73.62,0,130,20
2021-04-18,Oeste,Ropa Casual,546.95,115.63,0,288,59
2021-04-18,Oeste,Ropa Formal,692.6159999999999,230.08,20,291,50
2021-04-18,Oeste,Deportivo,526.856,95.09,10,198,49
2021-04-18,Oeste,Accesorios,401.41,87.75,0,193,40
2021-04-18,Centro,Ropa Casual,830.51,189.39,0,450,85
2021-04-18,Centro,Ropa Formal,1058.99,197.632115838529,0,502,114
2021-04-18,Centro,Deportivo,595.47,150.51379453029233,0,299,59
2021-04-18,Centro,Accesorios,671.439,140.76,15,288,57
2021-04-19,Norte,Ropa Casual,903.3,195.59,0,445,87
2021-04-19,Norte,Ropa Formal,786.52,180.45,0,429,81
2021-04-19,Norte,Deportivo,335.42,162.88,0,158,36
2021-04-19,Norte,Accesorios,454.46,114.84,0,221,36
2021-04-19,Sur,Ropa Casual,441.99659298675573,106.66,0,233,51
2021-04-19,Sur,Ropa Formal,468.5112773015148,123.62,0,279,52
2021-04-19,Sur,Deportivo,392.71,91.49,0,254,41
2021-04-19,Sur,Accesorios,325.00600000000003,89.04,10,168,31
2021-04-19,Este,Ropa Casual,599.004,136.2,5,276,54
2021-04-19,Este,Ropa Formal,474.25350000000003,149.98,5,217,50
2021-04-19,Este,Deportivo,504.588,108.13,5,237,52
2021-04-19,Este,Accesorios,328.3875,55.95,5,150,28
2021-04-19,Oeste,Ropa Casual,634.1895000000001,127.32,5,323,65
2021-04-19,Oeste,Ropa Formal,594.03,218.81,0,286,72
2021-04-19,Oeste,Deportivo,455.76,156.12,0,208,42
2021-04-19,Oeste,Accesorios,340.9,82.26,0,154,39
2021-04-19,Centro,Ropa Casual,862.8727111011009,240.11,0,469,95
2021-04-19,Centro,Ropa Formal,915.0225,235.53,5,415,92
2021-04-19,Centro,Deportivo,810.45,164.36238779535955,0,413,83
2021-04-19,Centro,Accesorios,504.03,115.94,0,263,50
2021-04-20,Norte,Ropa Casual,644.82,196.13,0,326,56
2021-04-20,Norte,Ropa Formal,818.12,164.91,0,387,78
2021-04-20,Norte,Deportivo,478.79,127.56,0,243,40
2021-04-20,Norte,Accesorios,406.70970106617386,120.29,5,227,42
2021-04-20,Sur,Ropa Casual,493.23,132.02,0,219,48
2021-04-20,Sur,Ropa Formal,589.37,213.0,0,292,51
2021-04-20,Sur,Deportivo,426.3315,110.47,5,219,31
2021-04-20,Sur,Accesorios,413.7,53.65,0,169,41
2021-04-20,Este,Ropa Casual,592.67,134.17,0,298,49
2021-04-20,Este,Ropa Formal,687.3825,202.19,5,318,69
2021-04-20,Este,Deportivo,342.32099999999997,80.28,5,161,31
2021-04-20,Este,Accesorios,382.24,115.23,0,163,39
2021-04-20,Oeste,Ropa Casual,682.2310000000001,55.76219758258142,10,322,60
2021-04-20,Oeste,Ropa Formal,557.8945143047631,131.22139833499946,0,279,53
2021-04-20,Oeste,Deportivo,571.41,79.62,0,292,59
2021-04-20,Oeste,Accesorios,438.48,78.68686093571061,0,219,43
2021-04-20,Centro,Ropa Casual,1106.9415000000001,168.71,5,528,106
2021-04-20,Centro,Ropa Formal,964.83,258.95,0,472,104
2021-04-20,Centro,Deportivo,537.1170000000001,157.03,5,265,45
2021-04-20,Centro,Accesorios,447.5625,114.24,5,191,56
2021-04-21,Norte,Ropa Casual,621.01,100.9,0,335,55
2021-04-21,Norte,Ropa Formal,830.046,205.7,5,389,77
2021-04-21,Norte,Deportivo,529.29,153.99,0,275,50
2021-04-21,Norte,Accesorios,470.085,107.53,5,247,41
2021-04-21,Sur,Ropa Casual,405.8,73.62,0,199,42
2021-04-21,Sur,Ropa Formal,330.04400000000004,147.52,10,172,26
2021-04-21,Sur,Deportivo,376.84,114.29,0,195,38
2021-04-21,Sur,Accesorios,259.8225,78.79,5,149,20
2021-04-21,Este,Ropa Casual,554.82,150.36,5,282,53
2021-04-21,Este,Ropa Formal,681.7125,120.43,5,350,61
2021-04-21,Este,Deportivo,530.88,152.99,0,256,56
2021-04-21,Este,Accesorios,271.42,78.6,0,119,21
2021-04-21,Oeste,Ropa Casual,567.88,144.27,0,270,65
2021-04-21,Oeste,Ropa Formal,785.95,201.82,0,377,79
2021-04-21,Oeste,Deportivo,648.22,124.13,0,346,63
2021-04-21,Oeste,Accesorios,336.97,73.71,0,151,40
2021-04-21,Centro,Ropa Casual,968.87,185.67,0,464,99
2021-04-21,Centro,Ropa Formal,1051.5120000000002,281.81,5,519,91
2021-04-21,Centro,Deportivo,750.3195000000001,169.63,5,325,83
2021-04-21,Centro,Accesorios,445.1363697180043,131.37,0,214,46
2021-04-22,Norte,Ropa Casual,819.7035,172.93,5,398,69
2021-04-22,Norte,Ropa Formal,604.98,147.23,0,269,59
2021-04-22,Norte,Deportivo,664.8915000000001,121.95,5,310,53
2021-04-22,Norte,Accesorios,407.4105,106.48,5,221,49
2021-04-22,Sur,Ropa Casual,571.0845,46.75,5,284,51
2021-04-22,Sur,Ropa Formal,463.28100000000006,116.73,5,221,39
2021-04-22,Sur,Deportivo,397.75050000000005,74.12,5,147,44
2021-04-22,Sur,Accesorios,207.24,58.73,0,104,24
2021-04-22,Este,Ropa Casual,720.61,143.13,0,370,71
2021-04-22,Este,Ropa Formal,526.1772929643886,180.75,0,301,54
2021-04-22,Este,Deportivo,464.365,74.2,10,208,47
2021-04-22,Este,Accesorios,421.54,43.95,0,200,39
2021-04-22,Oeste,Ropa Casual,516.09,48.28,0,250,46
2021-04-22,Oeste,Ropa Formal,608.32,200.51,0,323,61
2021-04-22,Oeste,Deportivo,388.3830798490982,106.79,0,203,44
2021-04-22,Oeste,Accesorios,350.29,86.29,0,137,34
2021-04-22,Centro,Ropa Casual,859.26,245.57,0,428,72
2021-04-22,Centro,Ropa Formal,1199.751,300.15,5,564,122
2021-04-22,Centro,Deportivo,785.88,192.46,0,436,76
2021-04-22,Centro,Accesorios,647.472,142.0,5,325,68
2021-04-23,Norte,Ropa Casual,870.48,160.24275314545906,0,476,93
2021-04-23,Norte,Ropa Formal,796.68,193.2182215707785,0,383,83
2021-04-23,Norte,Deportivo,663.28,156.21,0,328,71
2021-04-23,Norte,Accesorios,458.4615,95.12,5,213,41
2021-04-23,Sur,Ropa Casual,497.63,122.61,0,246,54
2021-04-23,Sur,Ropa Formal,669.039,125.39,5,319,69
2021-04-23,Sur,Deportivo,348.31,91.77221831697932,0,173,42
2021-04-23,Sur,Accesorios,321.03,46.16,0,158,33
2021-04-23,Este,Ropa Casual,578.49,116.85785073869471,10,282,56
2021-04-23,Este,Ropa Formal,271.74,148.75743243624996,0,104,29
2021-04-23,Este,Deportivo,386.69399999999996,103.12,5,180,35
2021-04-23,Este,Accesorios,378.04200000000003,52.06556113334037,5,168,34
2021-04-23,Oeste,Ropa Casual,711.6340470406676,138.34,0,379,80
2021-04-23,Oeste,Ropa Formal,662.96,133.8,0,314,69
2021-04-23,Oeste,Deportivo,484.701,111.35,5,216,47
2021-04-23,Oeste,Accesorios,438.82,103.46,0,215,41
2021-04-23,Centro,Ropa Casual,746.58,189.81,0,336,78
2021-04-23,Centro,Ropa Formal,938.84,272.12,0,469,92
2021-04-23,Centro,Deportivo,658.35,205.64,0,358,68
2021-04-23,Centro,Accesorios,539.9415,103.99,5,270,54
2021-04-24,Norte,Ropa Casual,935.6974999999999,109.45,15,387,76
2021-04-24,Norte,Ropa Formal,815.2831882036296,166.83,0,463,94
2021-04-24,Norte,Deportivo,517.407,114.08,10,244,48
2021-04-24,Norte,Accesorios,475.7888964197156,103.76,15,226,47
2021-04-24,Sur,Ropa Casual,458.95,117.52,0,210,40
2021-04-24,Sur,Ropa Formal,563.4073781003275,121.66,0,290,59
2021-04-24,Sur,Deportivo,249.07374191582159,100.73,0,179,26
2021-04-24,Sur,Accesorios,291.55,64.28,0,144,30
2021-04-24,Este,Ropa Casual,471.82300000000004,153.92,10,166,39
2021-04-24,Este,Ropa Formal,883.848,136.18,20,400,66
2021-04-24,Este,Deportivo,593.44,103.7,0,260,59
2021-04-24,Este,Accesorios,328.11,61.17,0,155,42
2021-04-24,Oeste,Ropa Casual,499.17,148.62,0,254,50
2021-04-24,Oeste,Ropa Formal,810.9915,155.6,15,302,73
2021-04-24,Oeste,Deportivo,368.0566764174395,91.29,0,208,43
2021-04-24,Oeste,Accesorios,433.36,98.22,0,201,54
2021-04-24,Centro,Ropa Casual,835.89,244.0,10,375,80
2021-04-24,Centro,Ropa Formal,911.2471781813844,228.72,0,506,100
2021-04-24,Centro,Deportivo,468.03900000000004,140.2,10,207,40
2021-04-24,Centro,Accesorios,511.82,138.52,0,268,46
2021-04-25,Norte,Ropa Casual,669.4296063276053,182.35,0,368,77
2021-04-25,Norte,Ropa Formal,903.18,260.41,0,466,87
2021-04-25,Norte,Deportivo,687.5770000000001,143.65,10,326,61
2021-04-25,Norte,Accesorios,437.25,93.04,0,237,44
2021-04-25,Sur,Ropa Casual,758.4019999999999,104.18,15,335,66
2021-04-25,Sur,Ropa Formal,439.5,114.05318875606157,0,207,41
2021-04-25,Sur,Deportivo,289.36,93.43,0,109,34
2021-04-25,Sur,Accesorios,298.82,69.51,0,171,33
2021-04-25,Este,Ropa Casual,681.7,131.22,0,331,66
2021-04-25,Este,Ropa Formal,729.0719999999999,138.43,20,301,56
2021-04-25,Este,Deportivo,640.7159999999999,111.9,20,257,54
2021-04-25,Este,Accesorios,445.76,57.11395270208001,0,233,36
2021-04-25,Oeste,Ropa Casual,831.2280000000001,173.36,20,317,69
2021-04-25,Oeste,Ropa Formal,1064.7045,184.35,15,450,95
2021-04-25,Oeste,Deportivo,359.69,140.33,0,175,35
2021-04-25,Oeste,Accesorios,311.0752051000415,99.76,0,168,36
2021-04-25,Centro,Ropa Casual,846.83,191.26,0,442,82
2021-04-25,Centro,Ropa Formal,1202.7510000000002,250.96,10,575,106
2021-04-25,Centro,Deportivo,746.8329999999999,222.94,15,320,68
2021-04-25,Centro,Accesorios,599.244,174.31,20,266,46
2021-04-26,Norte,Ropa Casual,765.856,147.99,30,300,57
2021-04-26,Norte,Ropa Formal,738.1605000000001,154.79,5,315,75
2021-04-26,Norte,Deportivo,768.18,116.57278673390248,20,328,56
2021-04-26,Norte,Accesorios,393.833,118.43,10,156,36
2021-04-26,Sur,Ropa Casual,409.99688301314825,115.48,5,202,41
2021-04-26,Sur,Ropa Formal,856.7900000000001,94.02,10,400,75
2021-04-26,Sur,Deportivo,550.594,86.91,10,250,52
2021-04-26,Sur,Accesorios,472.128,62.77,20,195,40
2021-04-26,Este,Ropa Casual,565.6310000000001,156.24,10,247,46
2021-04-26,Este,Ropa Formal,876.9810000000001,227.89,5,431,74
2021-04-26,Este,Deportivo,651.1830000000001,97.16,30,238,47
2021-04-26,Este,Accesorios,423.7302116720819,77.31,5,221,42
2021-04-26,Oeste,Ropa Casual,665.8850000000001,160.51,10,312,69
2021-04-26,Oeste,Ropa Formal,933.828,197.47,20,368,72
2021-04-26,Oeste,Deportivo,481.25000000000006,140.1,10,233,40
2021-04-26,Oeste,Accesorios,297.7557975886722,94.75,10,129,23
2021-04-26,Centro,Ropa Casual,1011.2570000000001,208.37,30,390,76
2021-04-26,Centro,Ropa Formal,1290.113,210.38,10,610,121
2021-04-26,Centro,Deportivo,731.808,179.31,20,274,51
2021-04-26,Centro,Accesorios,671.1650000000001,122.97,10,297,60
2021-04-27,Norte,Ropa Casual,742.2660374120146,222.61,10,376,83
2021-04-27,Norte,Ropa Formal,1134.492,90.59,20,447,99
2021-04-27,Norte,Deportivo,636.444,132.04,20,260,58
2021-04-27,Norte,Accesorios,522.384,89.06,20,222,48
2021-04-27,Sur,Ropa Casual,503.32700000000006,115.08,10,189,44
2021-04-27,Sur,Ropa Formal,635.613,136.61,10,308,60
2021-04-27,Sur,Deportivo,484.0815,46.35,5,222,44
2021-04-27,Sur,Accesorios,375.9030000000001,59.11,10,132,43
2021-04-27,Este,Ropa Casual,654.1605000000001,136.64,5,288,71
2021-04-27,Este,Ropa Formal,824.94,139.53,20,352,65
2021-04-27,Este,Deportivo,548.515,150.58,10,254,51
2021-04-27,Este,Accesorios,449.532,91.66,20,209,36
2021-04-27,Oeste,Ropa Casual,684.5260909598296,134.49,10,331,64
2021-04-27,Oeste,Ropa Formal,1260.1680000000001,171.28,30,501,83
2021-04-27,Oeste,Deportivo,782.397,152.83,10,336,74
2021-04-27,Oeste,Accesorios,393.87600000000003,55.75,5,190,38
2021-04-27,Centro,Ropa Casual,973.62,248.32,20,396,88
2021-04-27,Centro,Ropa Formal,1189.992,298.88,20,500,98
2021-04-27,Centro,Deportivo,841.863,165.16,10,393,80
2021-04-27,Centro,Accesorios,549.835,93.63,10,240,44
2021-04-28,Norte,Ropa Casual,650.0655,151.4,5,338,61
2021-04-28,Norte,Ropa Formal,1105.776,208.23,20,482,98
2021-04-28,Norte,Deportivo,723.618,122.91,5,352,71
2021-04-28,Norte,Accesorios,475.05150000000003,87.54,5,240,49
2021-04-28,Sur,Ropa Casual,717.213,110.15,5,328,69
2021-04-28,Sur,Ropa Formal,696.9599999999999,83.74,20,284,56
2021-04-28,Sur,Deportivo,360.90600000000006,70.34,5,204,28
2021-04-28,Sur,Accesorios,461.832,55.10930905547666,20,215,47
2021-04-28,Este,Ropa Casual,418.089,101.18,5,183,34
2021-04-28,Este,Ropa Formal,910.897,183.89,30,335,59
2021-04-28,Este,Deportivo,399.8715,89.4549238264103,5,164,36
2021-04-28,Este,Accesorios,319.572,76.83,10,128,22
2021-04-28,Oeste,Ropa Casual,783.744,110.46689966351427,30,317,58
2021-04-28,Oeste,Ropa Formal,979.3679999999999,215.85,20,406,77
2021-04-28,Oeste,Deportivo,630.036,133.48,20,278,52
2021-04-28,Oeste,Accesorios,469.692,93.48,20,198,42
2021-04-28,Centro,Ropa Casual,905.4,200.75,20,385,77
2021-04-28,Centro,Ropa Formal,928.4880000000002,308.38,10,426,80
2021-04-28,Centro,Deportivo,1218.8410000000001,183.98,30,454,93
2021-04-28,Centro,Accesorios,534.975,155.08,5,256,48
2021-04-29,Norte,Ropa Casual,712.5690000000001,209.11,10,333,71
2021-04-29,Norte,Ropa Formal,1050.984,154.55,20,452,94
2021-04-29,Norte,Deportivo,653.232,150.1,20,267,50
2021-04-29,Norte,Accesorios,473.046,119.02,5,208,45
2021-04-29,Sur,Ropa Casual,566.232,129.37,20,275,43
2021-04-29,Sur,Ropa Formal,484.04400000000004,90.46,10,224,42
2021-04-29,Sur,Deportivo,368.232,43.73433570296129,20,215,29
2021-04-29,Sur,Accesorios,377.663,42.94,30,116,21
2021-04-29,Este,Ropa Casual,666.8280000000001,133.42,20,263,59
2021-04-29,Este,Ropa Formal,698.5680000000001,126.73,30,241,55
2021-04-29,Este,Deportivo,653.666,53.27,30,245,50
2021-04-29,Este,Accesorios,303.1773888048398,80.24,10,138,24
2021-04-29,Oeste,Ropa Casual,689.6925000000001,150.26551297773136,5,332,63
2021-04-29,Oeste,Ropa Formal,998.448,155.19,10,440,80
2021-04-29,Oeste,Deportivo,553.6125000000001,122.98,5,253,52
2021-04-29,Oeste,Accesorios,475.1670000000001,79.33055384975756,10,219,46
2021-04-29,Centro,Ropa Casual,815.4876387814784,204.56,10,405,74
2021-04-29,Centro,Ropa Formal,1181.631,256.44,10,531,109
2021-04-29,Centro,Deportivo,543.356,170.5,10,268,47
2021-04-29,Centro,Accesorios,755.144,80.64,30,290,54
2021-04-30,Norte,Ropa Casual,745.656,181.77,20,321,60
2021-04-30,Norte,Ropa Formal,670.3295539604574,159.26,10,322,62
2021-04-30,Norte,Deportivo,397.19179648667966,110.38,10,224,49
2021-04-30,Norte,Accesorios,343.05600000000004,110.63242069855492,5,175,34
2021-04-30,Sur,Ropa Casual,480.90900000000005,64.68,10,260,45
2021-04-30,Sur,Ropa Formal,705.204,106.12,20,270,57
2021-04-30,Sur,Deportivo,376.72950000000003,122.16,5,180,39
2021-04-30,Sur,Accesorios,299.211,82.69,10,136,28
2021-04-30,Este,Ropa Casual,593.1640000000001,114.02560191688812,10,268,51
2021-04-30,Este,Ropa Formal,947.8590000000002,151.32,10,414,87
2021-04-30,Este,Deportivo,527.4280000000001,141.88,10,232,46
2021-04-30,Este,Accesorios,480.16799999999995,69.21,20,211,46
2021-04-30,Oeste,Ropa Casual,808.9716893383436,150.16,10,412,85
2021-04-30,Oeste,Ropa Formal,941.1719999999999,243.32,20,378,71
2021-04-30,Oeste,Deportivo,590.8439999999999,153.93,20,221,41
2021-04-30,Oeste,Accesorios,402.85300000000007,105.69,10,158,32
2021-04-30,Centro,Ropa Casual,905.652,225.24,20,364,78
2021-04-30,Centro,Ropa Formal,1161.1425,315.92,5,540,102
2021-04-30,Centro,Deportivo,750.036984821855,205.6,10,388,78
2021-04-30,Centro,Accesorios,636.5590000000001,138.54,10,294,62
2021-05-01,Norte,Ropa Casual,695.07,191.26875160252203,0,304,73
2021-05-01,Norte,Ropa Formal,901.2779999999999,271.54,15,415,84
2021-05-01,Norte,Deportivo,575.58,135.63529260274998,0,265,58
2021-05-01,Norte,Accesorios,370.04,103.73,10,144,41
2021-05-01,Sur,Ropa Casual,602.27,109.95,0,290,62
2021-05-01,Sur,Ropa Formal,613.042,183.46,15,258,53
2021-05-01,Sur,Deportivo,401.3155,95.95,15,165,29
2021-05-01,Sur,Accesorios,362.99,58.34,0,192,41
2021-05-01,Este,Ropa Casual,471.6875630645221,110.29,0,233,49
2021-05-01,Este,Ropa Formal,765.336,143.39639002354463,10,348,73
2021-05-01,Este,Deportivo,330.97,171.42,0,162,30
2021-05-01,Este,Accesorios,320.1750812658986,71.56,0,153,35
2021-05-01,Oeste,Ropa Casual,622.226,114.23,10,277,52
2021-05-01,Oeste,Ropa Formal,897.9314999999999,169.28,15,403,91
2021-05-01,Oeste,Deportivo,587.708,87.57901876261633,10,283,51
2021-05-01,Oeste,Accesorios,493.5920000000001,94.98,10,221,40
2021-05-01,Centro,Ropa Casual,1055.67,160.72,0,530,98
2021-05-01,Centro,Ropa Formal,828.092,311.51,15,408,73
2021-05-01,Centro,Deportivo,748.53,176.69,0,388,74
2021-05-01,Centro,Accesorios,511.9186906110265,91.52,20,263,31
2021-05-02,Norte,Ropa Casual,728.12,190.82,0,363,70
2021-05-02,Norte,Ropa Formal,733.5274999999999,278.88,15,324,72
2021-05-02,Norte,Deportivo,408.96900000000005,118.87,10,164,40
2021-05-02,Norte,Accesorios,375.8,116.24,0,218,34
2021-05-02,Sur,Ropa Casual,505.86,87.55,0,263,55
2021-05-02,Sur,Ropa Formal,634.21,0.0,0,290,73
2021-05-02,Sur,Deportivo,231.65,68.92,0,74,24
2021-05-02,Sur,Accesorios,253.56,38.75,0,165,25
2021-05-02,Este,Ropa Casual,766.018,153.95,10,375,70
2021-05-02,Este,Ropa Formal,991.8920000000002,144.11,10,480,87
2021-05-02,Este,Deportivo,422.21,86.67,0,186,38
2021-05-02,Este,Accesorios,491.5215,89.68,15,180,50
2021-05-02,Oeste,Ropa Casual,772.8805,169.2,15,333,60
2021-05-02,Oeste,Ropa Formal,821.0070000000001,217.0,10,396,76
2021-05-02,Oeste,Deportivo,543.41,77.26,0,293,58
2021-05-02,Oeste,Accesorios,416.47100000000006,83.2,10,185,32
2021-05-02,Centro,Ropa Casual,733.1743757783032,176.78,0,418,84
2021-05-02,Centro,Ropa Formal,1166.844,261.28,20,476,99
2021-05-02,Centro,Deportivo,591.3048419929477,231.33,10,291,63
2021-05-02,Centro,Accesorios,569.3380000000001,139.09,10,234,52
2021-05-03,Norte,Ropa Casual,675.98,165.93,0,351,63
2021-05-03,Norte,Ropa Formal,788.39,252.12,0,400,70
2021-05-03,Norte,Deportivo,593.95,170.95,0,302,57
2021-05-03,Norte,Accesorios,487.65,87.66,0,252,49
2021-05-03,Sur,Ropa Casual,502.94,134.79,0,255,49
2021-05-03,Sur,Ropa Formal,467.29,127.96,0,233,41
2021-05-03,Sur,Deportivo,242.87,105.65,0,113,29
2021-05-03,Sur,Accesorios,292.26,95.11,0,139,25
2021-05-03,Este,Ropa Casual,570.79,120.56,0,297,48
2021-05-03,Este,Ropa Formal,743.25,148.67,0,403,77
2021-05-03,Este,Deportivo,338.94,147.25,0,178,35
2021-05-03,Este,Accesorios,349.2195,68.19,5,128,29
2021-05-03,Oeste,Ropa Casual,873.686,102.13,10,367,79
2021-05-03,Oeste,Ropa Formal,863.520746414818,255.61,0,494,98
2021-05-03,Oeste,Deportivo,475.508,87.46,10,242,40
2021-05-03,Oeste,Accesorios,481.173,83.98,5,246,47
2021-05-03,Centro,Ropa Casual,778.1169938732685,235.99,0,454,82
2021-05-03,Centro,Ropa Formal,881.76,254.85641589730275,0,418,92
2021-05-03,Centro,Deportivo,806.83,172.84,0,389,76
2021-05-03,Centro,Accesorios,514.63,180.9,0,256,53
2021-05-04,Norte,Ropa Casual,866.01,172.76,0,410,91
2021-05-04,Norte,Ropa Formal,817.8555,210.77,5,410,71
2021-05-04,Norte,Deportivo,378.1365,130.58,5,183,39
2021-05-04,Norte,Accesorios,379.6,123.6,0,185,43
2021-05-04,Sur,Ropa Casual,457.31,111.19,0,255,50
2021-05-04,Sur,Ropa Formal,465.29,141.47,0,231,35
2021-05-04,Sur,Deportivo,424.16,99.12,0,210,47
2021-05-04,Sur,Accesorios,273.8085,73.75,5,123,20
2021-05-04,Este,Ropa Casual,559.99,129.91,0,259,57
2021-05-04,Este,Ropa Formal,761.93,118.99,0,381,79
2021-05-04,Este,Deportivo,453.93,102.86,0,259,40
2021-05-04,Este,Accesorios,208.95,72.67,0,96,20
2021-05-04,Oeste,Ropa Casual,588.82,142.88143569230706,0,270,55
2021-05-04,Oeste,Ropa Formal,609.5913032750886,252.76,0,329,79
2021-05-04,Oeste,Deportivo,568.071,74.22,5,269,51
2021-05-04,Oeste,Accesorios,459.69000000000005,91.41,5,216,40
2021-05-04,Centro,Ropa Casual,767.907,224.23,5,373,74
2021-05-04,Centro,Ropa Formal,1124.7810000000002,294.92,5,538,104
2021-05-04,Centro,Deportivo,633.62,174.93,0,292,65
2021-05-04,Centro,Accesorios,555.12,105.59,0,269,60
2021-05-05,Norte,Ropa Casual,585.5774876358008,177.63,0,301,59
2021-05-05,Norte,Ropa Formal,971.729,234.85,10,428,96
2021-05-05,Norte,Deportivo,684.3100000000001,142.3572857480117,10,317,58
2021-05-05,Norte,Accesorios,429.14549999999997,75.23,5,215,33
2021-05-05,Sur,Ropa Casual,414.41,74.4,0,156,48
2021-05-05,Sur,Ropa Formal,367.64,130.19,0,211,38
2021-05-05,Sur,Deportivo,332.2029817788038,113.92,10,146,39
2021-05-05,Sur,Accesorios,310.59,33.1,0,156,38
2021-05-05,Este,Ropa Casual,618.67,53.34375134837645,0,316,62
2021-05-05,Este,Ropa Formal,673.28,153.52,0,323,60
2021-05-05,Este,Deportivo,504.43050000000005,77.53,5,186,52
2021-05-05,Este,Accesorios,344.91,58.53,0,185,38
2021-05-05,Oeste,Ropa Casual,661.8254999999999,173.83,5,315,59
2021-05-05,Oeste,Ropa Formal,882.18,181.01,0,430,80
2021-05-05,Oeste,Deportivo,488.838,94.99,5,247,47
2021-05-05,Oeste,Accesorios,316.5,79.753552050417,0,181,22
2021-05-05,Centro,Ropa Casual,891.2200000000001,215.52,10,373,93
2021-05-05,Centro,Ropa Formal,1073.29,241.44,0,523,111
2021-05-05,Centro,Deportivo,675.9,160.9,0,351,73
2021-05-05,Centro,Accesorios,562.4325,120.53,5,287,56
2021-05-06,Norte,Ropa Casual,595.4445000000001,243.42,5,265,53
2021-05-06,Norte,Ropa Formal,653.86,225.24,0,353,61
2021-05-06,Norte,Deportivo,522.92,79.9,0,235,59
2021-05-06,Norte,Accesorios,534.0825,59.78,5,267,52
2021-05-06,Sur,Ropa Casual,629.0129999999999,96.63,5,277,65
2021-05-06,Sur,Ropa Formal,621.89,137.99,0,283,70
2021-05-06,Sur,Deportivo,396.86,95.22,0,229,33
2021-05-06,Sur,Accesorios,339.779,53.41,10,161,29
2021-05-06,Este,Ropa Casual,662.0145,183.89,5,310,64
2021-05-06,Este,Ropa Formal,941.4,194.42,0,470,96
2021-05-06,Este,Deportivo,598.81,128.95,0,294,51
2021-05-06,Este,Accesorios,361.39,75.7,0,196,38
2021-05-06,Oeste,Ropa Casual,746.79,86.7,0,417,73
2021-05-06,Oeste,Ropa Formal,759.4860000000001,202.67,5,375,73
2021-05-06,Oeste,Deportivo,352.4184890264954,95.79,5,181,36
2021-05-06,Oeste,Accesorios,314.6325,74.83389906448673,5,147,40
2021-05-06,Centro,Ropa Casual,898.128,207.27,5,443,88
2021-05-06,Centro,Ropa Formal,1038.94,254.54,0,522,106
2021-05-06,Centro,Deportivo,561.0160365201323,153.96,0,296,65
2021-05-06,Centro,Accesorios,411.159,111.72,5,234,40
2021-05-07,Norte,Ropa Casual,605.0415,181.2,5,304,53
2021-05-07,Norte,Ropa Formal,699.35,162.57,0,357,77
2021-05-07,Norte,Deportivo,542.0205000000001,152.93,5,245,53
2021-05-07,Norte,Accesorios,382.46,57.2,0,214,32
2021-05-07,Sur,Ropa Casual,624.503,82.1,10,324,62
2021-05-07,Sur,Ropa Formal,762.8060000000002,78.89,10,377,72
2021-05-07,Sur,Deportivo,360.087,86.42,5,172,28
2021-05-07,Sur,Accesorios,238.78,107.44,0,80,22
2021-05-07,Este,Ropa Casual,382.83,113.43,0,163,38
2021-05-07,Este,Ropa Formal,831.0,164.99,0,425,92
2021-05-07,Este,Deportivo,497.99,101.44,0,266,47
2021-05-07,Este,Accesorios,415.50600000000003,88.63,5,212,42
2021-05-07,Oeste,Ropa Casual,557.97,152.67,0,283,54
2021-05-07,Oeste,Ropa Formal,821.08,179.17,0,384,84
2021-05-07,Oeste,Deportivo,591.8365047679337,136.17,5,315,63
2021-05-07,Oeste,Accesorios,378.9135,71.36715294169103,5,152,36
2021-05-07,Centro,Ropa Casual,629.39,254.34,0,307,69
2021-05-07,Centro,Ropa Formal,980.969,312.08,10,464,91
2021-05-07,Centro,Deportivo,627.85,205.98,0,302,58
2021-05-07,Centro,Accesorios,552.2370000000001,134.4,5,245,52
2021-05-08,Norte,Ropa Casual,732.116,153.75,10,335,72
2021-05-08,Norte,Ropa Formal,979.6964999999999,191.52,15,457,99
2021-05-08,Norte,Deportivo,678.012,120.33,20,277,54
2021-05-08,Norte,Accesorios,393.1758029932222,111.76,10,243,43
2021-05-08,Sur,Ropa Casual,329.7,89.42,0,182,37
2021-05-08,Sur,Ropa Formal,736.52,182.32,0,329,73
2021-05-08,Sur,Deportivo,584.9399999999999,75.32,20,244,53
2021-05-08,Sur,Accesorios,337.94,50.92530511417149,0,151,29
2021-05-08,Este,Ropa Casual,346.98183783472734,144.84,0,211,37
2021-05-08,Este,Ropa Formal,819.41,174.44,0,415,75
2021-05-08,Este,Deportivo,724.8795,100.49,15,289,60
2021-05-08,Este,Accesorios,290.84,86.14,0,136,22
2021-05-08,Oeste,Ropa Casual,847.6419999999999,195.65,15,352,75
2021-05-08,Oeste,Ropa Formal,765.0374999999999,162.89,15,317,69
2021-05-08,Oeste,Deportivo,569.4920000000001,116.22,10,246,55
2021-05-08,Oeste,Accesorios,454.322,76.81,10,217,50
2021-05-08,Centro,Ropa Casual,1010.28,230.97,0,522,99
2021-05-08,Centro,Ropa Formal,1231.328,193.7,15,558,105
2021-05-08,Centro,Deportivo,799.964,178.34891525629396,10,383,64
2021-05-08,Centro,Accesorios,547.5250000000001,113.73,10,241,49
2021-05-09,Norte,Ropa Casual,682.525,174.76,15,291,67
2021-05-09,Norte,Ropa Formal,927.62,198.72,0,473,95
2021-05-09,Norte,Deportivo,514.84,128.51,0,272,47
2021-05-09,Norte,Accesorios,457.18,85.93,0,232,45
2021-05-09,Sur,Ropa Casual,432.83,70.11,0,215,38
2021-05-09,Sur,Ropa Formal,894.6655,99.36,15,379,78
2021-05-09,Sur,Deportivo,389.74100000000004,92.19,10,157,38
2021-05-09,Sur,Accesorios,290.521,83.33,10,127,29
2021-05-09,Este,Ropa Casual,788.4,160.01,20,322,63
2021-05-09,Este,Ropa Formal,739.03,238.75,0,372,64
2021-05-09,Este,Deportivo,553.058,130.47,10,213,50
2021-05-09,Este,Accesorios,335.99,66.62,0,161,26
2021-05-09,Oeste,Ropa Casual,627.451,144.81,10,269,57
2021-05-09,Oeste,Ropa Formal,767.0729999999999,223.74,15,319,65
2021-05-09,Oeste,Deportivo,642.82,114.22,0,335,60
2021-05-09,Oeste,Accesorios,348.8255439385419,46.19,0,208,34
2021-05-09,Centro,Ropa Casual,840.851,162.08,10,391,77
2021-05-09,Centro,Ropa Formal,1122.032,335.57,15,477,98
2021-05-09,Centro,Deportivo,781.16,170.37,0,406,77
2021-05-09,Centro,Accesorios,537.12,148.17,0,262,50
2021-05-10,Norte,Ropa Casual,610.97,173.19,0,314,55
2021-05-10,Norte,Ropa Formal,932.08,282.09,0,450,91
2021-05-10,Norte,Deportivo,627.88,131.41,10,298,58
2021-05-10,Norte,Accesorios,430.93600000000004,104.02,10,201,35
2021-05-10,Sur,Ropa Casual,457.77900000000005,67.68,5,186,41
2021-05-10,Sur,Ropa Formal,497.31000000000006,87.1,10,222,52
2021-05-10,Sur,Deportivo,443.05,75.97,0,210,38
2021-05-10,Sur,Accesorios,298.33,47.47,0,118,40
2021-05-10,Este,Ropa Casual,487.09,135.22,0,235,47
2021-05-10,Este,Ropa Formal,686.9731088134567,147.76,5,387,66
2021-05-10,Este,Deportivo,492.32,115.79,0,252,51
2021-05-10,Este,Accesorios,301.88,86.65,0,161,21
2021-05-10,Oeste,Ropa Casual,632.1,143.86,5,292,51
2021-05-10,Oeste,Ropa Formal,781.6,166.11,0,390,82
2021-05-10,Oeste,Deportivo,556.6,121.28,0,269,55
2021-05-10,Oeste,Accesorios,494.571,100.26,5,231,41
2021-05-10,Centro,Ropa Casual,821.8091776304981,172.74878690408553,0,446,91
2021-05-10,Centro,Ropa Formal,1112.08,245.51,0,555,108
2021-05-10,Centro,Deportivo,557.41,187.97,0,253,49
2021-05-10,Centro,Accesorios,515.15,125.92,0,275,51
2021-05-11,Norte,Ropa Casual,683.57,155.07,0,353,64
2021-05-11,Norte,Ropa Formal,896.7,168.68,0,463,89
2021-05-11,Norte,Deportivo,573.9615,123.28,5,241,57
2021-05-11,Norte,Accesorios,533.274,85.81,5,231,47
2021-05-11,Sur,Ropa Casual,413.39,89.22,0,199,39
2021-05-11,Sur,Ropa Formal,690.5,157.33,0,338,74
2021-05-11,Sur,Deportivo,462.0945,50.58,5,226,45
2021-05-11,Sur,Accesorios,272.05982831110197,65.83,5,142,28
2021-05-11,Este,Ropa Casual,472.19,88.93077388211492,0,250,45
2021-05-11,Este,Ropa Formal,692.74,142.89982691842272,0,324,67
2021-05-11,Este,Deportivo,510.15,103.8,0,267,43
2021-05-11,Este,Accesorios,296.5172286862581,72.66,0,177,26
2021-05-11,Oeste,Ropa Casual,860.4530000000001,146.57,10,384,74
2021-05-11,Oeste,Ropa Formal,679.1715,161.39,5,321,72
2021-05-11,Oeste,Deportivo,445.11,119.87,0,229,51
2021-05-11,Oeste,Accesorios,427.52,67.09,0,197,57
2021-05-11,Centro,Ropa Casual,1047.1965,179.15812920538158,5,536,100
2021-05-11,Centro,Ropa Formal,1058.2845,304.06,5,496,99
2021-05-11,Centro,Deportivo,786.597,183.74,5,382,85
2021-05-11,Centro,Accesorios,578.56,116.13,0,258,65
2021-05-12,Norte,Ropa Casual,760.628,185.65,10,346,68
2021-05-12,Norte,Ropa Formal,1031.3380000000002,236.25,10,459,93
2021-05-12,Norte,Deportivo,447.15349372267275,135.72,0,235,48
2021-05-12,Norte,Accesorios,381.41400000000004,73.61,10,177,27
2021-05-12,Sur,Ropa Casual,692.63,107.96,0,373,67
2021-05-12,Sur,Ropa Formal,868.938,135.05,5,424,80
2021-05-12,Sur,Deportivo,297.9375,84.01,5,172,25
2021-05-12,Sur,Accesorios,178.374,82.48,5,50,23
2021-05-12,Este,Ropa Casual,793.1,91.43198063384023,10,364,66
2021-05-12,Este,Ropa Formal,794.31,181.07081672140677,0,424,82
2021-05-12,Este,Deportivo,461.75710642615456,127.12,0,251,49
2021-05-12,Este,Accesorios,360.0975,83.06,5,181,26
2021-05-12,Oeste,Ropa Casual,615.61,152.13,0,309,57
2021-05-12,Oeste,Ropa Formal,719.5100000000001,148.86,10,340,67
2021-05-12,Oeste,Deportivo,613.8825,123.39,5,290,59
2021-05-12,Oeste,Accesorios,475.34,103.83,0,188,46
2021-05-12,Centro,Ropa Casual,1017.5550000000001,216.25,5,485,93
2021-05-12,Centro,Ropa Formal,1031.6879999999999,189.84,5,463,95
2021-05-12,Centro,Deportivo,666.78,187.37,0,346,64
2021-05-12,Centro,Accesorios,444.65,145.0,0,288,48
2021-05-13,Norte,Ropa Casual,660.5506098038883,197.23,10,361,63
2021-05-13,Norte,Ropa Formal,530.5020000000001,173.37,5,225,49
2021-05-13,Norte,Deportivo,494.319,135.68,5,215,53
2021-05-13,Norte,Accesorios,529.67,134.09,0,235,63
2021-05-13,Sur,Ropa Casual,459.65,105.59,0,233,39
2021-05-13,Sur,Ropa Formal,793.01,172.46372289929332,0,420,77
2021-05-13,Sur,Deportivo,424.61,88.55,0,203,43
2021-05-13,Sur,Accesorios,392.4030000000001,74.1,10,149,46
2021-05-13,Este,Ropa Casual,490.99050000000005,147.19,5,231,51
2021-05-13,Este,Ropa Formal,648.879,153.12,5,320,60
2021-05-13,Este,Deportivo,561.42,145.15,0,317,57
2021-05-13,Este,Accesorios,378.97650000000004,74.77,5,194,39
2021-05-13,Oeste,Ropa Casual,642.7995000000001,157.9,5,309,60
2021-05-13,Oeste,Ropa Formal,752.44,143.71,0,399,68
2021-05-13,Oeste,Deportivo,587.444,102.33,10,274,54
2021-05-13,Oeste,Accesorios,292.74,68.85,0,126,34
2021-05-13,Centro,Ropa Casual,898.04,271.82,0,447,93
2021-05-13,Centro,Ropa Formal,1075.9245,325.92,5,493,99
2021-05-13,Centro,Deportivo,458.17009405586185,214.07,0,275,55
2021-05-13,Centro,Accesorios,504.17,115.04631496630543,0,247,48
2021-05-14,Norte,Ropa Casual,646.46,163.69110804213915,0,313,73
2021-05-14,Norte,Ropa Formal,707.6790000000001,202.0460101062795,5,338,70
2021-05-14,Norte,Deportivo,457.98,167.39,0,234,46
2021-05-14,Norte,Accesorios,485.13,112.67,0,245,41
2021-05-14,Sur,Ropa Casual,546.41,78.22,0,284,57
2021-05-14,Sur,Ropa Formal,464.07900000000006,128.07,5,200,41
2021-05-14,Sur,Deportivo,431.97,97.58,0,193,39
2021-05-14,Sur,Accesorios,315.6825,82.93,5,186,24
2021-05-14,Este,Ropa Casual,450.597,107.15,5,181,46
2021-05-14,Este,Ropa Formal,658.47,132.65,0,343,66
2021-05-14,Este,Deportivo,470.01,79.0,0,216,51
2021-05-14,Este,Accesorios,449.18500000000006,88.62,10,200,42
2021-05-14,Oeste,Ropa Casual,660.9,153.12,0,356,69
2021-05-14,Oeste,Ropa Formal,856.4270000000001,199.78,10,363,71
2021-05-14,Oeste,Deportivo,325.42,138.41,0,180,36
2021-05-14,Oeste,Accesorios,301.27253007282934,111.48,0,144,33
2021-05-14,Centro,Ropa Casual,867.98,213.03,0,434,89
2021-05-14,Centro,Ropa Formal,849.072,299.69,5,377,77
2021-05-14,Centro,Deportivo,598.4377940728044,183.56282786007426,0,359,59
2021-05-14,Centro,Accesorios,486.37,103.35,0,272,51
2021-05-15,Norte,Ropa Casual,523.16,118.41,0,252,50
2021-05-15,Norte,Ropa Formal,1386.9599999999998,143.34,20,581,112
2021-05-15,Norte,Deportivo,791.3149999999999,205.42,15,320,75
2021-05-15,Norte,Accesorios,467.83,75.36,0,223,33
2021-05-15,Sur,Ropa Casual,545.38,110.16,0,274,57
2021-05-15,Sur,Ropa Formal,618.4970000000001,183.04,10,266,53
2021-05-15,Sur,Deportivo,476.17,88.84,0,264,52
2021-05-15,Sur,Accesorios,352.6600000000001,93.02,10,162,34
2021-05-15,Este,Ropa Casual,550.748,179.18,10,233,45
2021-05-15,Este,Ropa Formal,799.062,234.78,10,376,65
2021-05-15,Este,Deportivo,639.15,83.35,0,337,67
2021-05-15,Este,Accesorios,300.86819254610174,65.54,10,171,35
2021-05-15,Oeste,Ropa Casual,535.03,196.59,0,254,51
2021-05-15,Oeste,Ropa Formal,821.088,188.35,20,347,69
2021-05-15,Oeste,Deportivo,561.3034999999999,138.88,15,227,52
2021-05-15,Oeste,Accesorios,414.43699999999995,91.11,15,190,31
2021-05-15,Centro,Ropa Casual,836.7055,217.89,15,349,66
2021-05-15,Centro,Ropa Formal,822.42,283.28,0,401,84
2021-05-15,Centro,Deportivo,731.698,161.88,10,289,70
2021-05-15,Centro,Accesorios,434.47800000000007,111.43,10,197,42
2021-05-16,Norte,Ropa Casual,525.58,144.07,0,224,48
2021-05-16,Norte,Ropa Formal,896.241,181.2,15,411,72
2021-05-16,Norte,Deportivo,449.19,183.57,0,249,36
2021-05-16,Norte,Accesorios,341.43,91.92,0,167,39
2021-05-16,Sur,Ropa Casual,555.8525,181.72,15,218,62
2021-05-16,Sur,Ropa Formal,624.92,147.22,0,322,59
2021-05-16,Sur,Deportivo,455.7850000000001,118.79,10,188,51
2021-05-16,Sur,Accesorios,310.52399999999994,72.64,20,143,32
2021-05-16,Este,Ropa Casual,548.0640000000001,116.34289640745715,10,272,57
2021-05-16,Este,Ropa Formal,1014.1389999999999,114.48,15,440,85
2021-05-16,Este,Deportivo,542.1350000000001,150.79,10,251,49
2021-05-16,Este,Accesorios,351.9,72.42,0,168,29
2021-05-16,Oeste,Ropa Casual,616.5955610179961,161.3,10,333,62
2021-05-16,Oeste,Ropa Formal,934.032,208.53,10,472,87
2021-05-16,Oeste,Deportivo,487.7724999999999,105.85,15,202,43
2021-05-16,Oeste,Accesorios,542.2120000000001,90.13,10,266,51
2021-05-16,Centro,Ropa Casual,959.95,209.24,0,453,88
2021-05-16,Centro,Ropa Formal,1204.313,304.18,10,538,110
2021-05-16,Centro,Deportivo,793.8700000000001,149.01,10,351,79
2021-05-16,Centro,Accesorios,685.02,152.78,20,290,49
2021-05-17,Norte,Ropa Casual,698.45,129.05,0,317,70
2021-05-17,Norte,Ropa Formal,836.07,185.2,0,407,78
2021-05-17,Norte,Deportivo,651.56,145.34,0,325,69
2021-05-17,Norte,Accesorios,413.8575,152.49,5,163,41
2021-05-17,Sur,Ropa Casual,533.18,79.95,0,262,49
2021-05-17,Sur,Ropa Formal,758.15,135.9,0,400,73
2021-05-17,Sur,Deportivo,282.5443095064079,111.78,5,127,20
2021-05-17,Sur,Accesorios,244.29,60.2,0,134,23
2021-05-17,Este,Ropa Casual,591.94,173.94,0,271,62
2021-05-17,Este,Ropa Formal,828.5970000000001,121.11541958446239,10,358,81
2021-05-17,Este,Deportivo,336.32941509333136,131.83,10,180,40
2021-05-17,Este,Accesorios,466.41,62.69,0,231,44
2021-05-17,Oeste,Ropa Casual,648.62,167.89,0,317,67
2021-05-17,Oeste,Ropa Formal,658.95,141.91,0,317,81
2021-05-17,Oeste,Deportivo,447.951,146.69,5,223,39
2021-05-17,Oeste,Accesorios,453.44,109.58,0,214,46
2021-05-17,Centro,Ropa Casual,846.0516310811748,171.9947466333448,5,442,89
2021-05-17,Centro,Ropa Formal,1233.69,260.09,0,633,123
2021-05-17,Centro,Deportivo,617.41,158.12,0,271,58
2021-05-17,Centro,Accesorios,630.2520000000001,105.75,5,315,62
2021-05-18,Norte,Ropa Casual,704.75,215.83,0,371,72
2021-05-18,Norte,Ropa Formal,825.76,237.09,0,415,88
2021-05-18,Norte,Deportivo,654.822,138.52,5,309,63
2021-05-18,Norte,Accesorios,486.22,104.77,0,231,51
2021-05-18,Sur,Ropa Casual,546.49,148.21,0,312,53
2021-05-18,Sur,Ropa Formal,501.459,202.86,5,259,64
2021-05-18,Sur,Deportivo,431.4345,53.13225224804674,5,208,33
2021-05-18,Sur,Accesorios,348.48,52.8,0,200,39
2021-05-18,Este,Ropa Casual,391.671,169.06,5,183,41
2021-05-18,Este,Ropa Formal,594.03,113.26,0,296,55
2021-05-18,Este,Deportivo,681.45,109.09,0,359,69
2021-05-18,Este,Accesorios,359.57,94.66,0,161,33
2021-05-18,Oeste,Ropa Casual,608.92,142.06,0,306,65
2021-05-18,Oeste,Ropa Formal,905.121,198.12,5,443,85
2021-05-18,Oeste,Deportivo,502.85550000000006,123.27,5,251,49
2021-05-18,Oeste,Accesorios,451.01,56.86,0,216,44
2021-05-18,Centro,Ropa Casual,993.7,223.8,0,468,100
2021-05-18,Centro,Ropa Formal,1035.13,227.44,0,508,103
2021-05-18,Centro,Deportivo,697.37,153.89,0,350,67
2021-05-18,Centro,Accesorios,545.98,146.43,0,307,59
2021-05-19,Norte,Ropa Casual,780.6645000000001,178.34891525629396,5,391,77
2021-05-19,Norte,Ropa Formal,675.56,249.33,0,340,67
2021-05-19,Norte,Deportivo,507.48,157.57,0,231,46
2021-05-19,Norte,Accesorios,309.92850000000004,83.27,5,135,34
2021-05-19,Sur,Ropa Casual,595.4655,78.42,5,284,62
2021-05-19,Sur,Ropa Formal,511.1,142.19,0,240,46
2021-05-19,Sur,Deportivo,537.2745,82.54901841999231,5,276,62
2021-05-19,Sur,Accesorios,326.51,65.85,0,146,28
2021-05-19,Este,Ropa Casual,638.88,213.14,0,330,68
2021-05-19,Este,Ropa Formal,643.6,177.17,0,306,61
2021-05-19,Este,Deportivo,294.9550984898825,95.88,5,151,32
2021-05-19,Este,Accesorios,381.31,88.01,0,190,35
2021-05-19,Oeste,Ropa Casual,436.74933239723595,131.97,10,227,48
2021-05-19,Oeste,Ropa Formal,859.3305,152.83,5,424,81
2021-05-19,Oeste,Deportivo,463.32,101.45,0,241,52
2021-05-19,Oeste,Accesorios,324.73,80.61,0,158,26
2021-05-19,Centro,Ropa Casual,817.1205000000001,195.35,5,424,78
2021-05-19,Centro,Ropa Formal,1020.75,252.96,0,506,101
2021-05-19,Centro,Deportivo,737.7590000000001,162.03,10,339,63
2021-05-19,Centro,Accesorios,441.83,130.91,0,248,46
2021-05-20,Norte,Ropa Casual,810.726,209.14,5,393,86
2021-05-20,Norte,Ropa Formal,921.35,176.4,0,479,88
2021-05-20,Norte,Deportivo,581.36,141.91,0,265,61
2021-05-20,Norte,Accesorios,481.74,114.37,0,219,43
2021-05-20,Sur,Ropa Casual,497.75,88.6,0,244,45
2021-05-20,Sur,Ropa Formal,682.0695000000001,63.95,5,309,67
2021-05-20,Sur,Deportivo,429.0682884781015,104.15870910585417,5,242,44
2021-05-20,Sur,Accesorios,290.86,86.45,0,148,30
2021-05-20,Este,Ropa Casual,499.52,149.55,0,255,47
2021-05-20,Este,Ropa Formal,599.53,205.89,0,291,59
2021-05-20,Este,Deportivo,440.92650000000003,138.39,5,221,47
2021-05-20,Este,Accesorios,365.8,48.42,0,201,34
2021-05-20,Oeste,Ropa Casual,759.27,147.48,0,385,89
2021-05-20,Oeste,Ropa Formal,608.37,168.84984696757257,5,292,53
2021-05-20,Oeste,Deportivo,571.35,122.87,0,289,51
2021-05-20,Oeste,Accesorios,380.04,80.53,0,205,37
2021-05-20,Centro,Ropa Casual,823.06,227.79,0,425,83
2021-05-20,Centro,Ropa Formal,1353.803,344.95,10,628,125
2021-05-20,Centro,Deportivo,787.5,128.78,5,389,65
2021-05-20,Centro,Accesorios,441.57673912153064,125.6,0,248,49
2021-05-21,Norte,Ropa Casual,901.15,141.4101376030569,0,453,94
2021-05-21,Norte,Ropa Formal,907.2,229.62,0,464,90
2021-05-21,Norte,Deportivo,630.74,123.7,10,302,55
2021-05-21,Norte,Accesorios,416.58,104.84,0,203,41
2021-05-21,Sur,Ropa Casual,557.8545,119.8,5,253,52
2021-05-21,Sur,Ropa Formal,773.8720000000001,167.58,10,367,73
2021-05-21,Sur,Deportivo,419.9177560306792,112.09452317474728,0,235,49
2021-05-21,Sur,Accesorios,256.28,63.76,0,93,27
2021-05-21,Este,Ropa Casual,606.3,96.48,0,301,67
2021-05-21,Este,Ropa Formal,575.21,178.78,0,313,55
2021-05-21,Este,Deportivo,435.8865,130.52,5,209,44
2021-05-21,Este,Accesorios,432.56850000000003,96.47,5,240,47
2021-05-21,Oeste,Ropa Casual,710.3985000000001,176.64,5,325,61
2021-05-21,Oeste,Ropa Formal,761.44,136.91,0,367,81
2021-05-21,Oeste,Deportivo,564.165,146.6,5,277,44
2021-05-21,Oeste,Accesorios,495.3190000000001,121.64,10,214,48
2021-05-21,Centro,Ropa Casual,650.6183277139328,209.49,0,345,79
2021-05-21,Centro,Ropa Formal,1223.8905,238.62,5,583,117
2021-05-21,Centro,Deportivo,539.88,168.68,0,261,47
2021-05-21,Centro,Accesorios,510.1005,123.81,5,230,38
2021-05-22,Norte,Ropa Casual,661.39,140.07,0,312,66
2021-05-22,Norte,Ropa Formal,997.6709999999999,236.98933972597106,15,396,80
2021-05-22,Norte,Deportivo,612.766,115.84,10,312,54
2021-05-22,Norte,Accesorios,445.38,115.91,0,208,45
2021-05-22,Sur,Ropa Casual,411.65,157.42,0,212,46
2021-05-22,Sur,Ropa Formal,631.378,131.49,10,290,61
2021-05-22,Sur,Deportivo,563.5409999999999,97.06,10,259,47
2021-05-22,Sur,Accesorios,449.443,80.15,15,209,44
2021-05-22,Este,Ropa Casual,628.429,101.46,15,234,56
2021-05-22,Este,Ropa Formal,785.9170000000001,105.58402912981528,10,364,65
2021-05-22,Este,Deportivo,358.809,94.03,10,179,36
2021-05-22,Este,Accesorios,440.17,74.04,0,228,35
2021-05-22,Oeste,Ropa Casual,614.2840000000001,96.13,10,280,61
2021-05-22,Oeste,Ropa Formal,663.355,153.96,10,335,60
2021-05-22,Oeste,Deportivo,483.12,110.15,0,216,40
2021-05-22,Oeste,Accesorios,376.156,108.82,10,144,37
2021-05-22,Centro,Ropa Casual,906.1185719450804,252.8425766376416,10,439,93
2021-05-22,Centro,Ropa Formal,1162.3700000000001,278.2960335816695,10,531,106
2021-05-22,Centro,Deportivo,888.118,191.8,10,389,81
2021-05-22,Centro,Accesorios,612.2490000000001,104.09,10,278,63
2021-05-23,Norte,Ropa Casual,956.791,161.02438025537325,10,451,88
2021-05-23,Norte,Ropa Formal,630.67,143.63547596304778,0,308,63
2021-05-23,Norte,Deportivo,732.5450000000001,138.76,10,350,63
2021-05-23,Norte,Accesorios,472.2808348306011,87.27,10,253,52
2021-05-23,Sur,Ropa Casual,480.92,136.14,10,203,53
2021-05-23,Sur,Ropa Formal,720.92,185.68,0,374,76
2021-05-23,Sur,Deportivo,326.35,92.00210864342465,0,132,28
2021-05-23,Sur,Accesorios,376.86000000000007,56.48,10,141,36
2021-05-23,Este,Ropa Casual,475.16,161.15,0,214,52
2021-05-23,Este,Ropa Formal,716.991,210.74,10,344,69
2021-05-23,Este,Deportivo,474.7,77.16,0,249,54
2021-05-23,Este,Accesorios,446.63,83.02,0,234,46
2021-05-23,Oeste,Ropa Casual,664.7172030533507,161.12,10,330,67
2021-05-23,Oeste,Ropa Formal,764.0039999999999,195.0,20,338,67
2021-05-23,Oeste,Deportivo,562.97,146.67,0,261,56
2021-05-23,Oeste,Accesorios,283.24,86.66,0,132,25
2021-05-23,Centro,Ropa Casual,691.097,243.7,10,327,63
2021-05-23,Centro,Ropa Formal,1166.412,235.54,20,481,96
2021-05-23,Centro,Deportivo,659.15,180.32,0,279,63
2021-05-23,Centro,Accesorios,538.32,170.61,20,262,46
2021-05-24,Norte,Ropa Casual,656.2,165.62,0,287,66
2021-05-24,Norte,Ropa Formal,866.67,205.93,0,414,87
2021-05-24,Norte,Deportivo,580.0701001950002,90.93,10,276,56
2021-05-24,Norte,Accesorios,352.94,97.92,0,163,36
2021-05-24,Sur,Ropa Casual,735.29,89.8,0,392,70
2021-05-24,Sur,Ropa Formal,570.65,61.74,0,301,55
2021-05-24,Sur,Deportivo,337.95,100.27,0,175,36
2021-05-24,Sur,Accesorios,277.07,31.29267123573954,0,140,20
2021-05-24,Este,Ropa Casual,837.72,128.41,0,426,82
2021-05-24,Este,Ropa Formal,770.994,145.41,5,406,73
2021-05-24,Este,Deportivo,497.87,107.55,0,234,48
2021-05-24,Este,Accesorios,522.1920000000001,94.95,10,243,55
2021-05-24,Oeste,Ropa Casual,630.73,172.68,0,283,71
2021-05-24,Oeste,Ropa Formal,715.62,194.74,0,367,72
2021-05-24,Oeste,Deportivo,534.9540000000001,144.63,5,240,39
2021-05-24,Oeste,Accesorios,418.677,49.73,5,202,39
2021-05-24,Centro,Ropa Casual,1097.8065,211.96,5,545,104
2021-05-24,Centro,Ropa Formal,703.4012603790798,309.97,0,415,73
2021-05-24,Centro,Deportivo,681.76,169.73262582112267,0,350,63
2021-05-24,Centro,Accesorios,553.623,140.54,5,246,53
2021-05-25,Norte,Ropa Casual,912.372,218.71,20,383,77
2021-05-25,Norte,Ropa Formal,876.4245000000001,213.7,5,446,82
2021-05-25,Norte,Deportivo,621.126,132.76,10,266,55
2021-05-25,Norte,Accesorios,380.3205,124.76,5,196,46
2021-05-25,Sur,Ropa Casual,675.318,71.87,5,308,67
2021-05-25,Sur,Ropa Formal,791.0400000000001,115.33,20,327,65
2021-05-25,Sur,Deportivo,442.8436025235577,103.4,10,203,45
2021-05-25,Sur,Accesorios,280.65770529027685,67.43,10,138,23
2021-05-25,Este,Ropa Casual,467.796,73.37179658829439,5,248,41
2021-05-25,Este,Ropa Formal,971.058,140.13,10,473,78
2021-05-25,Este,Deportivo,627.6270000000001,104.5,30,241,49
2021-05-25,Este,Accesorios,534.27,77.04,10,260,50
2021-05-25,Oeste,Ropa Casual,696.311,200.6,10,303,73
2021-05-25,Oeste,Ropa Formal,757.2600000000001,179.08,5,387,71
2021-05-25,Oeste,Deportivo,575.047,70.91656790185817,10,243,58
2021-05-25,Oeste,Accesorios,485.73599999999993,57.67488509860664,20,214,35
2021-05-25,Centro,Ropa Casual,745.225,190.96529637161416,30,286,51
2021-05-25,Centro,Ropa Formal,1340.284,374.67,10,596,123
2021-05-25,Centro,Deportivo,1004.832,222.6,20,423,80
2021-05-25,Centro,Accesorios,629.592,101.36,20,248,54
2021-05-26,Norte,Ropa Casual,772.0860000000001,175.83,5,376,77
2021-05-26,Norte,Ropa Formal,780.2550000000001,241.7,5,366,77
2021-05-26,Norte,Deportivo,595.0350000000001,123.28,5,294,62
2021-05-26,Norte,Accesorios,415.9195606902041,111.08,5,243,40
2021-05-26,Sur,Ropa Casual,654.708,110.18,20,285,56
2021-05-26,Sur,Ropa Formal,427.40500000000003,146.01,10,168,33
2021-05-26,Sur,Deportivo,587.457,56.09,30,207,42
2021-05-26,Sur,Accesorios,433.017,79.94,30,162,32
2021-05-26,Este,Ropa Casual,900.3610000000001,167.07,10,385,83
2021-05-26,Este,Ropa Formal,1065.306,161.5,10,473,106
2021-05-26,Este,Deportivo,414.15000000000003,88.95,10,179,42
2021-05-26,Este,Accesorios,353.463,78.91,10,142,37
2021-05-26,Oeste,Ropa Casual,475.608,198.8,5,250,40
2021-05-26,Oeste,Ropa Formal,624.8329113085539,174.8361910682092,5,348,67
2021-05-26,Oeste,Deportivo,625.3485000000001,79.02,5,287,66
2021-05-26,Oeste,Accesorios,499.548,106.01,20,190,38
2021-05-26,Centro,Ropa Casual,1049.286,200.43,5,462,108
2021-05-26,Centro,Ropa Formal,1165.74,256.38,20,469,92
2021-05-26,Centro,Deportivo,758.6810000000002,201.61,10,354,70
2021-05-26,Centro,Accesorios,568.6537259640534,126.59,20,281,48
2021-05-27,Norte,Ropa Casual,789.321,151.22,30,274,59
2021-05-27,Norte,Ropa Formal,744.3765,224.4189366759399,5,352,69
2021-05-27,Norte,Deportivo,527.34,145.32,10,260,49
2021-05-27,Norte,Accesorios,478.338,94.18,5,213,54
2021-05-27,Sur,Ropa Casual,567.2205,93.78,5,260,48
2021-05-27,Sur,Ropa Formal,484.7325,159.97,5,230,44
2021-05-27,Sur,Deportivo,299.544,73.8499684673007,5,170,26
2021-05-27,Sur,Accesorios,363.74100000000004,75.13,5,171,35
2021-05-27,Este,Ropa Casual,381.0876625779151,130.33,10,199,41
2021-05-27,Este,Ropa Formal,792.168,168.72,30,341,63
2021-05-27,Este,Deportivo,737.958,60.95,30,273,52
2021-05-27,Este,Accesorios,400.344,77.25,5,185,35
2021-05-27,Oeste,Ropa Casual,400.48050000000006,162.01,5,210,33
2021-05-27,Oeste,Ropa Formal,614.6595,196.52,5,239,57
2021-05-27,Oeste,Deportivo,639.3420000000001,105.66,10,268,60
2021-05-27,Oeste,Accesorios,290.62,96.75,10,145,30
2021-05-27,Centro,Ropa Casual,1309.321,193.43,30,483,102
2021-05-27,Centro,Ropa Formal,1155.984,280.05,20,433,98
2021-05-27,Centro,Deportivo,890.227,165.63,30,341,66
2021-05-27,Centro,Accesorios,564.212,146.5,10,233,63
2021-05-28,Norte,Ropa Casual,805.6020000000001,179.4,5,372,70
2021-05-28,Norte,Ropa Formal,912.7919999999999,218.77283025844238,20,419,79
2021-05-28,Norte,Deportivo,628.3117656722615,124.97,5,325,62
2021-05-28,Norte,Accesorios,487.245,115.05,10,200,45
2021-05-28,Sur,Ropa Casual,659.9159999999999,128.07,20,285,54
2021-05-28,Sur,Ropa Formal,711.0950000000001,165.74,10,347,74
2021-05-28,Sur,Deportivo,305.63500000000005,69.13,10,103,36
2021-05-28,Sur,Accesorios,357.7647803646607,53.17,10,174,32
2021-05-28,Este,Ropa Casual,690.283,157.22,10,313,61
2021-05-28,Este,Ropa Formal,944.076,94.85,20,386,84
2021-05-28,Este,Deportivo,406.0455,109.1,5,182,39
2021-05-28,Este,Accesorios,393.67650000000003,116.55,5,160,38
2021-05-28,Oeste,Ropa Casual,851.9060000000001,130.7064440037619,10,396,73
2021-05-28,Oeste,Ropa Formal,919.094,152.69,10,441,82
2021-05-28,Oeste,Deportivo,595.2345,111.02,5,317,58
2021-05-28,Oeste,Accesorios,555.672,101.69,20,249,49
2021-05-28,Centro,Ropa Casual,761.6532460016808,275.4,10,392,77
2021-05-28,Centro,Ropa Formal,1224.626,223.79,30,446,95
2021-05-28,Centro,Deportivo,779.2575,196.91,5,372,79
2021-05-28,Centro,Accesorios,529.3365,147.93,5,217,49
2021-05-29,Norte,Ropa Casual,840.95,184.11,10,393,78
2021-05-29,Norte,Ropa Formal,927.3000000000001,275.52,10,400,88
2021-05-29,Norte,Deportivo,740.8111524964303,131.39,15,364,80
2021-05-29,Norte,Accesorios,373.54215843918485,122.59,0,213,45
2021-05-29,Sur,Ropa Casual,620.9194999999999,101.17,15,255,55
2021-05-29,Sur,Ropa Formal,767.404,146.67,10,321,59
2021-05-29,Sur,Deportivo,525.88,102.33,0,286,59
2021-05-29,Sur,Accesorios,324.13,80.04781166826703,0,165,30
2021-05-29,Este,Ropa Casual,615.241,82.85,10,236,51
2021-05-29,Este,Ropa Formal,638.51,124.22,0,320,66
2021-05-29,Este,Deportivo,494.92300000000006,93.59,10,214,45
2021-05-29,Este,Accesorios,294.26,90.24,0,176,22
2021-05-29,Oeste,Ropa Casual,664.6310000000001,119.39583994265125,10,302,54
2021-05-29,Oeste,Ropa Formal,567.68,185.53,0,300,56
2021-05-29,Oeste,Deportivo,662.5379999999999,134.64,15,255,64
2021-05-29,Oeste,Accesorios,499.272,73.32,20,243,40
2021-05-29,Centro,Ropa Casual,651.5740000000001,201.03449266992,10,250,59
2021-05-29,Centro,Ropa Formal,1280.9965,282.66,15,563,110
2021-05-29,Centro,Deportivo,685.4229999999999,154.07,15,292,58
2021-05-29,Centro,Accesorios,609.84,120.18,0,334,66
2021-05-30,Norte,Ropa Casual,820.1600000000001,182.78,10,362,69
2021-05-30,Norte,Ropa Formal,1040.4,174.1833025411044,0,541,100
2021-05-30,Norte,Deportivo,750.674,160.43,15,339,70
2021-05-30,Norte,Accesorios,480.557,103.74,10,205,39
2021-05-30,Sur,Ropa Casual,554.67,119.18,0,272,57
2021-05-30,Sur,Ropa Formal,789.82,85.96059086444114,0,382,77
2021-05-30,Sur,Deportivo,521.58,63.19,0,269,44
2021-05-30,Sur,Accesorios,453.721,73.71,15,185,49
2021-05-30,Este,Ropa Casual,749.52,169.07,20,326,53
2021-05-30,Este,Ropa Formal,879.3359999999999,234.54,15,365,73
2021-05-30,Este,Deportivo,535.1500000000001,99.75,10,263,40
2021-05-30,Este,Accesorios,332.86000000000007,111.82,10,156,31
2021-05-30,Oeste,Ropa Casual,727.8349999999999,111.97,15,330,66
2021-05-30,Oeste,Ropa Formal,754.6990000000001,159.86,10,325,74
2021-05-30,Oeste,Deportivo,535.41,107.16,0,262,52
2021-05-30,Oeste,Accesorios,433.45,60.3,0,236,36
2021-05-30,Centro,Ropa Casual,888.8,182.05474731859283,0,433,86
2021-05-30,Centro,Ropa Formal,1181.224,252.14,10,528,103
2021-05-30,Centro,Deportivo,703.043,205.08,10,309,62
2021-05-30,Centro,Accesorios,609.178,147.58,15,268,63
2021-05-31,Norte,Ropa Casual,757.764,153.02,5,396,66
2021-05-31,Norte,Ropa Formal,1102.752,246.87,20,451,87
2021-05-31,Norte,Deportivo,664.1999999999999,118.46,20,264,55
2021-05-31,Norte,Accesorios,319.99,89.85,10,154,34
2021-05-31,Sur,Ropa Casual,662.388,93.54,20,266,53
2021-05-31,Sur,Ropa Formal,698.448,172.34,20,326,58
2021-05-31,Sur,Deportivo,284.933,85.89,10,127,31
2021-05-31,Sur,Accesorios,330.94800000000004,56.55,20,123,31
2021-05-31,Este,Ropa Casual,563.926,111.19,10,277,54
2021-05-31,Este,Ropa Formal,488.9940000000001,172.94,10,231,43
2021-05-31,Este,Deportivo,464.233,130.57,10,255,46
2021-05-31,Este,Accesorios,529.404,83.67,20,244,44
2021-05-31,Oeste,Ropa Casual,934.219,172.57,30,341,67
2021-05-31,Oeste,Ropa Formal,1037.5040000000001,194.66,30,402,76
2021-05-31,Oeste,Deportivo,537.7995000000001,92.78,5,227,57
2021-05-31,Oeste,Accesorios,382.935,78.13,5,179,38
2021-05-31,Centro,Ropa Casual,1165.6799999999998,211.47,20,503,104
2021-05-31,Centro,Ropa Formal,1513.8719999999998,304.94,20,631,128
2021-05-31,Centro,Deportivo,889.537,165.33,10,389,83
2021-05-31,Centro,Accesorios,558.828,133.25,20,203,40
2021-06-01,Norte,Ropa Casual,803.418,215.27,10,352,73
2021-06-01,Norte,Ropa Formal,823.368,244.62,5,402,78
2021-06-01,Norte,Deportivo,633.654,127.95,5,303,62
2021-06-01,Norte,Accesorios,451.101,90.65,5,204,36
2021-06-01,Sur,Ropa Casual,339.55,140.06757809661613,0,185,38
2021-06-01,Sur,Ropa Formal,516.7575,214.81,5,223,47
2021-06-01,Sur,Deportivo,348.4,100.85,0,147,33
2021-06-01,Sur,Accesorios,232.74,64.55,0,106,24
2021-06-01,Este,Ropa Casual,578.02,151.34,0,280,68
2021-06-01,Este,Ropa Formal,617.9355,158.64271647339953,5,274,60
2021-06-01,Este,Deportivo,573.23,103.63,0,281,53
2021-06-01,Este,Accesorios,384.47850000000005,57.07,5,145,27
2021-06-01,Oeste,Ropa Casual,655.81,177.05,0,341,58
2021-06-01,Oeste,Ropa Formal,596.123,231.22,10,277,56
2021-06-01,Oeste,Deportivo,341.03,171.34,0,191,30
2021-06-01,Oeste,Accesorios,444.65,88.5,0,266,45
2021-06-01,Centro,Ropa Casual,1075.3600000000001,227.01,10,496,93
2021-06-01,Centro,Ropa Formal,1220.82,243.45,0,636,125
2021-06-01,Centro,Deportivo,848.55,234.15,0,447,73
2021-06-01,Centro,Accesorios,584.6182128263408,133.85,10,282,63
2021-06-02,Norte,Ropa Casual,624.32,220.76,0,300,61
2021-06-02,Norte,Ropa Formal,860.09,137.25,10,403,76
2021-06-02,Norte,Deportivo,505.55,125.68,0,246,51
2021-06-02,Norte,Accesorios,404.84,77.9,0,204,49
2021-06-02,Sur,Ropa Casual,641.5815,85.27,5,305,63
2021-06-02,Sur,Ropa Formal,443.7195,174.91,5,163,35
2021-06-02,Sur,Deportivo,146.5,141.03,0,107,20
2021-06-02,Sur,Accesorios,254.63,73.42,0,143,29
2021-06-02,Este,Ropa Casual,610.06,192.4825725261534,0,288,59
2021-06-02,Este,Ropa Formal,660.9225000000001,190.77,5,306,72
2021-06-02,Este,Deportivo,447.54,96.02,0,210,46
2021-06-02,Este,Accesorios,391.12,98.17,0,214,45
2021-06-02,Oeste,Ropa Casual,565.52,169.21,0,269,50
2021-06-02,Oeste,Ropa Formal,933.0310000000001,211.19,10,402,89
2021-06-02,Oeste,Deportivo,557.01,67.48660423129371,0,250,61
2021-06-02,Oeste,Accesorios,409.10195537216305,98.44,0,225,48
2021-06-02,Centro,Ropa Casual,763.6335,275.61,5,361,85
2021-06-02,Centro,Ropa Formal,1028.53,297.89,0,546,109
2021-06-02,Centro,Deportivo,719.0920000000001,104.1035354275073,10,316,66
2021-06-02,Centro,Accesorios,552.37,139.71,0,293,60
2021-06-03,Norte,Ropa Casual,780.8955000000001,120.76,5,397,73
2021-06-03,Norte,Ropa Formal,914.445,218.84,5,387,85
2021-06-03,Norte,Deportivo,556.28,170.58,0,255,55
2021-06-03,Norte,Accesorios,354.93,127.49,0,188,41
2021-06-03,Sur,Ropa Casual,556.86,131.98,0,275,58
2021-06-03,Sur,Ropa Formal,483.9,127.33165401154434,0,265,47
2021-06-03,Sur,Deportivo,410.96665416923884,54.29,10,207,42
2021-06-03,Sur,Accesorios,287.1855,76.54,5,121,28
2021-06-03,Este,Ropa Casual,531.25,157.22,0,280,42
2021-06-03,Este,Ropa Formal,843.8,214.23,0,375,80
2021-06-03,Este,Deportivo,448.47,135.94,0,209,51
2021-06-03,Este,Accesorios,350.15400000000005,102.8,5,164,30
2021-06-03,Oeste,Ropa Casual,749.4647057490373,135.8,10,399,73
2021-06-03,Oeste,Ropa Formal,805.13,246.81,0,407,79
2021-06-03,Oeste,Deportivo,539.952,84.77,5,263,56
2021-06-03,Oeste,Accesorios,403.7565,105.06,5,157,36
2021-06-03,Centro,Ropa Casual,860.44,248.68,0,454,79
2021-06-03,Centro,Ropa Formal,974.6310000000001,255.91,5,465,89
2021-06-03,Centro,Deportivo,678.279,171.31,5,309,61
2021-06-03,Centro,Accesorios,541.608747962999,107.15,5,245,52
2021-06-04,Norte,Ropa Casual,760.2945000000001,184.67,5,387,67
2021-06-04,Norte,Ropa Formal,920.7870000000001,250.32,5,447,95
2021-06-04,Norte,Deportivo,647.97,119.77,0,336,67
2021-06-04,Norte,Accesorios,413.27,128.67,0,211,39
2021-06-04,Sur,Ropa Casual,540.45,137.28,0,309,47
2021-06-04,Sur,Ropa Formal,768.2180000000001,166.55,10,353,65
2021-06-04,Sur,Deportivo,483.903,98.41,5,230,48
2021-06-04,Sur,Accesorios,289.3,89.81,0,159,26
2021-06-04,Este,Ropa Casual,645.1,147.77,0,322,60
2021-06-04,Este,Ropa Formal,696.4,160.0,0,341,68
2021-06-04,Este,Deportivo,582.6555,112.36,5,307,59
2021-06-04,Este,Accesorios,409.41,91.93,0,216,39
2021-06-04,Oeste,Ropa Casual,731.11,154.38,0,376,72
2021-06-04,Oeste,Ropa Formal,1055.04,195.40677747853812,5,514,106
2021-06-04,Oeste,Deportivo,501.22,94.54,0,239,52
2021-06-04,Oeste,Accesorios,285.81,81.6,0,127,31
2021-06-04,Centro,Ropa Casual,953.94,207.18,0,469,95
2021-06-04,Centro,Ropa Formal,1215.91,235.63,0,597,120
2021-06-04,Centro,Deportivo,563.7277448540102,191.80209715987522,5,275,65
2021-06-04,Centro,Accesorios,533.95,125.8143778570051,0,259,43
2021-06-05,Norte,Ropa Casual,1014.58,156.92313683158838,0,530,108
2021-06-05,Norte,Ropa Formal,798.391,199.63675948513236,10,360,61
2021-06-05,Norte,Deportivo,557.4,159.81,0,304,54
2021-06-05,Norte,Accesorios,424.68,132.43,0,261,35
2021-06-05,Sur,Ropa Casual,500.84,157.65878587621344,0,249,56
2021-06-05,Sur,Ropa Formal,609.53,141.81,0,299,61
2021-06-05,Sur,Deportivo,399.7745,59.92,15,164,34
2021-06-05,Sur,Accesorios,270.41999999999996,99.69,20,150,22
2021-06-05,Este,Ropa Casual,773.0185,121.88,15,374,64
2021-06-05,Este,Ropa Formal,840.2159999999999,142.99,20,355,69
2021-06-05,Este,Deportivo,538.5600000000001,110.8,10,254,48
2021-06-05,Este,Accesorios,354.936,102.3,20,173,28
2021-06-05,Oeste,Ropa Casual,822.437,141.76,10,381,70
2021-06-05,Oeste,Ropa Formal,726.75,136.05,0,334,86
2021-06-05,Oeste,Deportivo,419.55100000000004,121.66,10,171,45
2021-06-05,Oeste,Accesorios,465.152,106.3,15,206,41
2021-06-05,Centro,Ropa Casual,937.948,199.79,10,444,87
2021-06-05,Centro,Ropa Formal,1034.11,233.1,0,514,103
2021-06-05,Centro,Deportivo,818.3399999999999,187.94913528865132,15,342,63
2021-06-05,Centro,Accesorios,502.06,145.7504669663449,0,244,57
2021-06-06,Norte,Ropa Casual,793.72,209.74,0,405,76
2021-06-06,Norte,Ropa Formal,745.77,262.47,0,353,73
2021-06-06,Norte,Deportivo,615.72,143.48,0,286,64
2021-06-06,Norte,Accesorios,363.43,110.68,0,183,40
2021-06-06,Sur,Ropa Casual,488.34,129.82,0,276,44
2021-06-06,Sur,Ropa Formal,703.56,140.21,0,331,76
2021-06-06,Sur,Deportivo,452.44100000000003,58.57,10,199,39
2021-06-06,Sur,Accesorios,207.58,38.27,0,107,20
2021-06-06,Este,Ropa Casual,552.74,150.74,0,280,58
2021-06-06,Este,Ropa Formal,649.77,171.08,0,305,63
2021-06-06,Este,Deportivo,466.21,86.06,0,183,40
2021-06-06,Este,Accesorios,360.0064349146452,90.06,0,228,39
2021-06-06,Oeste,Ropa Casual,839.1479999999999,137.27,20,333,71
2021-06-06,Oeste,Ropa Formal,908.2584999999999,189.79,15,387,76
2021-06-06,Oeste,Deportivo,425.38100000000003,134.11,10,175,39
2021-06-06,Oeste,Accesorios,421.56,95.12,0,176,47
2021-06-06,Centro,Ropa Casual,704.77,217.2,0,352,82
2021-06-06,Centro,Ropa Formal,1152.49,192.08,0,565,104
2021-06-06,Centro,Deportivo,706.618,168.25,10,316,65
2021-06-06,Centro,Accesorios,629.8380000000001,139.26,10,299,50
2021-06-07,Norte,Ropa Casual,849.24,132.88,0,395,88
2021-06-07,Norte,Ropa Formal,958.99,252.05,0,475,94
2021-06-07,Norte,Deportivo,610.39,132.48,0,306,65
2021-06-07,Norte,Accesorios,385.46,111.22,0,174,35
2021-06-07,Sur,Ropa Casual,498.8865,98.75,5,280,38
2021-06-07,Sur,Ropa Formal,671.58,125.79,5,318,62
2021-06-07,Sur,Deportivo,444.28,97.1,0,195,43
2021-06-07,Sur,Accesorios,329.78,26.93,0,172,41
2021-06-07,Este,Ropa Casual,604.835,168.1,10,287,57
2021-06-07,Este,Ropa Formal,595.896,185.03,5,249,58
2021-06-07,Este,Deportivo,440.6,84.93068220196602,0,237,42
2021-06-07,Este,Accesorios,374.81850000000003,76.92,5,190,35
2021-06-07,Oeste,Ropa Casual,469.606548254276,174.13,0,283,44
2021-06-07,Oeste,Ropa Formal,793.6170000000001,164.85,10,343,69
2021-06-07,Oeste,Deportivo,204.395814301107,171.88,0,96,29
2021-06-07,Oeste,Accesorios,353.02,66.88888938253582,0,173,44
2021-06-07,Centro,Ropa Casual,849.5630000000001,230.17,10,390,79
2021-06-07,Centro,Ropa Formal,1119.5205,260.28,5,535,109
2021-06-07,Centro,Deportivo,676.51,213.4,0,314,67
2021-06-07,Centro,Accesorios,588.37,129.83,0,288,57
2021-06-08,Norte,Ropa Casual,822.39,196.52,0,400,75
2021-06-08,Norte,Ropa Formal,939.7,207.34,0,467,91
2021-06-08,Norte,Deportivo,599.28,127.38682768989123,0,327,64
2021-06-08,Norte,Accesorios,459.71,128.26,0,237,49
2021-06-08,Sur,Ropa Casual,615.8570000000001,127.05,10,279,49
2021-06-08,Sur,Ropa Formal,418.446,166.49,5,215,44
2021-06-08,Sur,Deportivo,437.64,130.84,0,242,45
2021-06-08,Sur,Accesorios,217.18,72.41,0,114,21
2021-06-08,Este,Ropa Casual,658.6,144.21,0,313,66
2021-06-08,Este,Ropa Formal,639.170008080197,164.98,5,350,67
2021-06-08,Este,Deportivo,606.0407999365547,119.89,0,356,66
2021-06-08,Este,Accesorios,452.8335,96.9,5,226,37
2021-06-08,Oeste,Ropa Casual,714.8820000000001,103.44145128734472,5,364,66
2021-06-08,Oeste,Ropa Formal,872.1405000000001,207.82,5,403,81
2021-06-08,Oeste,Deportivo,588.9,147.42,0,303,58
2021-06-08,Oeste,Accesorios,364.9538650808466,83.3490367560221,5,214,33
2021-06-08,Centro,Ropa Casual,963.669,283.13,5,425,94
2021-06-08,Centro,Ropa Formal,1135.46,329.66,0,569,118
2021-06-08,Centro,Deportivo,742.34,103.00006186056967,0,390,73
2021-06-08,Centro,Accesorios,534.765,142.17,5,268,54
2021-06-09,Norte,Ropa Casual,606.7215000000001,131.86,5,344,57
2021-06-09,Norte,Ropa Formal,957.83,237.19,0,469,91
2021-06-09,Norte,Deportivo,391.16,143.13,0,195,35
2021-06-09,Norte,Accesorios,456.74,65.83,0,238,44
2021-06-09,Sur,Ropa Casual,624.019,77.44545317290579,10,304,57
2021-06-09,Sur,Ropa Formal,557.757605435668,97.69,0,305,60
2021-06-09,Sur,Deportivo,577.918,63.87,10,257,49
2021-06-09,Sur,Accesorios,212.142,28.98,5,92,20
2021-06-09,Este,Ropa Casual,668.66,155.63,0,310,68
2021-06-09,Este,Ropa Formal,641.6,147.53,0,321,68
2021-06-09,Este,Deportivo,434.96,96.79,0,197,53
2021-06-09,Este,Accesorios,435.77,50.86,0,210,42
2021-06-09,Oeste,Ropa Casual,798.0315,131.65,5,400,77
2021-06-09,Oeste,Ropa Formal,846.72,170.47,0,391,76
2021-06-09,Oeste,Deportivo,484.49,100.58,0,234,52
2021-06-09,Oeste,Accesorios,447.59000000000003,75.89,10,188,36
2021-06-09,Centro,Ropa Casual,729.9871373057684,230.53,10,346,64
2021-06-09,Centro,Ropa Formal,1121.9882622021544,263.95,10,595,107
2021-06-09,Centro,Deportivo,726.369,153.57,5,314,62
2021-06-09,Centro,Accesorios,507.7858682159412,168.5,0,301,61
2021-06-10,Norte,Ropa Casual,809.424,142.13,5,369,85
2021-06-10,Norte,Ropa Formal,1055.3655,183.24,5,471,104
2021-06-10,Norte,Deportivo,599.403,159.55,5,272,51
2021-06-10,Norte,Accesorios,258.88800000000003,129.76849147186493,5,104,21
2021-06-10,Sur,Ropa Casual,524.1,136.25,0,271,46
2021-06-10,Sur,Ropa Formal,698.2146960548588,118.84410315918244,5,362,72
2021-06-10,Sur,Deportivo,437.008,115.35,10,237,39
2021-06-10,Sur,Accesorios,312.44,65.24,0,139,29
2021-06-10,Este,Ropa Casual,524.1510417017805,134.77,0,281,61
2021-06-10,Este,Ropa Formal,677.83,182.38,0,347,67
2021-06-10,Este,Deportivo,495.8205,144.83,5,241,40
2021-06-10,Este,Accesorios,350.59,76.42,0,173,44
2021-06-10,Oeste,Ropa Casual,655.46,185.91690480287454,0,342,68
2021-06-10,Oeste,Ropa Formal,832.902,214.65,5,383,81
2021-06-10,Oeste,Deportivo,542.19,74.3,10,279,46
2021-06-10,Oeste,Accesorios,328.03,94.85274869134686,0,200,34
2021-06-10,Centro,Ropa Casual,908.0820000000001,253.83,5,420,87
2021-06-10,Centro,Ropa Formal,1230.59,248.85,0,584,126
2021-06-10,Centro,Deportivo,796.74,197.07,5,343,76
2021-06-10,Centro,Accesorios,503.49,146.24,0,262,45
2021-06-11,Norte,Ropa Casual,813.09,198.5148946920791,0,354,82
2021-06-11,Norte,Ropa Formal,691.57,224.8,0,317,66
2021-06-11,Norte,Deportivo,598.02,134.26,0,338,58
2021-06-11,Norte,Accesorios,440.78,127.07,0,217,34
2021-06-11,Sur,Ropa Casual,404.81,137.59,0,191,49
2021-06-11,Sur,Ropa Formal,611.2798459939287,135.46,0,368,73
2021-06-11,Sur,Deportivo,324.16,89.39,0,185,38
2021-06-11,Sur,Accesorios,229.01,75.95,0,121,32
2021-06-11,Este,Ropa Casual,586.7295,166.16,5,217,56
2021-06-11,Este,Ropa Formal,867.7,150.2930998169048,0,431,84
2021-06-11,Este,Deportivo,434.61600000000004,132.21,5,184,45
2021-06-11,Este,Accesorios,461.96,103.34,0,253,38
2021-06-11,Oeste,Ropa Casual,640.47,163.59,0,304,63
2021-06-11,Oeste,Ropa Formal,543.14,204.84,0,268,54
2021-06-11,Oeste,Deportivo,407.1669766889517,107.46912980666707,0,226,37
2021-06-11,Oeste,Accesorios,384.49,59.21,0,210,33
2021-06-11,Centro,Ropa Casual,962.69,263.8,0,476,79
2021-06-11,Centro,Ropa Formal,825.14,231.89,0,451,83
2021-06-11,Centro,Deportivo,644.92,218.47,0,335,53
2021-06-11,Centro,Accesorios,622.9544999999999,135.37,5,302,62
2021-06-12,Norte,Ropa Casual,855.924,184.49,20,362,71
2021-06-12,Norte,Ropa Formal,749.5070000000001,197.46,10,313,73
2021-06-12,Norte,Deportivo,492.6985108416565,142.65154536586172,0,243,45
2021-06-12,Norte,Accesorios,437.27,99.41,0,222,52
2021-06-12,Sur,Ropa Casual,552.68,41.45,0,260,56
2021-06-12,Sur,Ropa Formal,441.46,151.3781821577268,0,263,51
2021-06-12,Sur,Deportivo,403.0175,88.01,15,157,36
2021-06-12,Sur,Accesorios,250.41,136.29,0,149,27
2021-06-12,Este,Ropa Casual,556.1804152636919,165.18,15,273,52
2021-06-12,Este,Ropa Formal,798.1930000000001,134.80768742754677,10,378,68
2021-06-12,Este,Deportivo,524.48,117.3,10,210,47
2021-06-12,Este,Accesorios,385.94,50.28161220012454,0,215,35
2021-06-12,Oeste,Ropa Casual,474.78,151.69,20,135,44
2021-06-12,Oeste,Ropa Formal,634.46,214.09,0,321,65
2021-06-12,Oeste,Deportivo,521.048,140.97,10,237,41
2021-06-12,Oeste,Accesorios,370.5875,78.35581886562933,15,161,33
2021-06-12,Centro,Ropa Casual,1084.243,241.05,15,453,86
2021-06-12,Centro,Ropa Formal,989.4369999999999,283.68,15,434,86
2021-06-12,Centro,Deportivo,773.61,205.2,0,427,80
2021-06-12,Centro,Accesorios,624.67,153.4,0,294,52
2021-06-13,Norte,Ropa Casual,632.29,160.34,0,313,51
2021-06-13,Norte,Ropa Formal,858.7654450282466,244.07,0,484,105
2021-06-13,Norte,Deportivo,654.99,147.07,0,310,70
2021-06-13,Norte,Accesorios,465.86,109.82,0,227,45
2021-06-13,Sur,Ropa Casual,498.87,88.85,0,263,51
2021-06-13,Sur,Ropa Formal,634.34,190.14,0,298,70
2021-06-13,Sur,Deportivo,366.87299999999993,75.44,15,153,35
2021-06-13,Sur,Accesorios,423.48749999999995,35.17,15,186,33
2021-06-13,Este,Ropa Casual,698.71,121.18,0,365,73
2021-06-13,Este,Ropa Formal,953.4765,140.11,15,393,80
2021-06-13,Este,Deportivo,598.692,96.34,20,244,56
2021-06-13,Este,Accesorios,258.54,92.84,0,72,20
2021-06-13,Oeste,Ropa Casual,780.835,153.91,10,335,72
2021-06-13,Oeste,Ropa Formal,824.8240000000001,219.17,10,347,75
2021-06-13,Oeste,Deportivo,517.6433067907914,129.35,0,287,54
2021-06-13,Oeste,Accesorios,478.63200000000006,66.13,10,237,40
2021-06-13,Centro,Ropa Casual,1151.518,234.19,15,494,99
2021-06-13,Centro,Ropa Formal,1307.0200000000002,270.62,10,585,123
2021-06-13,Centro,Deportivo,851.3340000000002,162.46809150544996,10,373,81
2021-06-13,Centro,Accesorios,623.622,148.8,15,270,49
2021-06-14,Norte,Ropa Casual,698.04,170.6,0,359,65
2021-06-14,Norte,Ropa Formal,825.069,173.51,5,427,77
2021-06-14,Norte,Deportivo,487.49,159.56,0,221,42
2021-06-14,Norte,Accesorios,484.374,114.07,10,191,46
2021-06-14,Sur,Ropa Casual,392.5,73.03155890515528,0,203,49
2021-06-14,Sur,Ropa Formal,490.0,124.51,0,238,47
2021-06-14,Sur,Deportivo,404.5545,96.77,5,179,37
2021-06-14,Sur,Accesorios,327.43,91.49,0,176,28
2021-06-14,Este,Ropa Casual,506.3,176.6,0,244,54
2021-06-14,Este,Ropa Formal,742.2760773957484,124.7,10,333,82
2021-06-14,Este,Deportivo,446.3174368953985,107.2,10,208,53
2021-06-14,Este,Accesorios,482.1705,96.06,5,226,49
2021-06-14,Oeste,Ropa Casual,741.39,111.7,0,340,83
2021-06-14,Oeste,Ropa Formal,803.1345,140.67,5,381,83
2021-06-14,Oeste,Deportivo,519.0675,94.24,5,280,45
2021-06-14,Oeste,Accesorios,306.033,92.71,5,146,24
2021-06-14,Centro,Ropa Casual,869.6310000000001,364.53,5,431,87
2021-06-14,Centro,Ropa Formal,1285.4,232.65,0,679,121
2021-06-14,Centro,Deportivo,658.623,147.16659137724818,5,323,67
2021-06-14,Centro,Accesorios,610.7115,136.81,5,328,58
2021-06-15,Norte,Ropa Casual,903.11,203.71961168280157,0,435,89
2021-06-15,Norte,Ropa Formal,1115.631,176.19,10,508,104
2021-06-15,Norte,Deportivo,492.51300000000003,151.39,5,230,45
2021-06-15,Norte,Accesorios,350.61,115.6992034934102,0,165,39
2021-06-15,Sur,Ropa Casual,463.5015,97.44,5,241,41
2021-06-15,Sur,Ropa Formal,643.3770000000001,89.89,5,328,69
2021-06-15,Sur,Deportivo,492.95,90.88,0,219,53
2021-06-15,Sur,Accesorios,312.10200000000003,44.0,5,132,24
2021-06-15,Este,Ropa Casual,698.6595,150.54,5,321,72
2021-06-15,Este,Ropa Formal,724.4159999999999,113.7,5,368,68
2021-06-15,Este,Deportivo,430.61550000000005,100.90346208338818,5,217,42
2021-06-15,Este,Accesorios,365.47,96.34,0,171,33
2021-06-15,Oeste,Ropa Casual,694.974,136.79,5,308,73
2021-06-15,Oeste,Ropa Formal,796.6,215.0118245177966,0,395,76
2021-06-15,Oeste,Deportivo,407.1409640038236,121.65,5,230,38
2021-06-15,Oeste,Accesorios,446.76,122.12,0,208,38
2021-06-15,Centro,Ropa Casual,896.2275,262.57,5,455,83
2021-06-15,Centro,Ropa Formal,1171.086,311.97,5,539,120
2021-06-15,Centro,Deportivo,774.774,184.85,5,388,71
2021-06-15,Centro,Accesorios,449.09759966382376,155.23,0,235,53
2021-06-16,Norte,Ropa Casual,879.4170000000001,144.38032062073069,10,409,86
2021-06-16,Norte,Ropa Formal,869.34,141.90670070817882,0,425,93
2021-06-16,Norte,Deportivo,561.96,168.23,5,253,43
2021-06-16,Norte,Accesorios,423.94,109.43,10,198,52
2021-06-16,Sur,Ropa Casual,520.54,116.05,0,264,47
2021-06-16,Sur,Ropa Formal,554.0,60.36,0,301,53
2021-06-16,Sur,Deportivo,324.5744195928225,112.46,0,196,33
2021-06-16,Sur,Accesorios,323.73,81.89,0,171,30
2021-06-16,Este,Ropa Casual,581.01,147.6355676431967,0,300,61
2021-06-16,Este,Ropa Formal,815.9030000000001,224.67,10,352,71
2021-06-16,Este,Deportivo,541.317,160.79,5,277,45
2021-06-16,Este,Accesorios,391.30350000000004,79.57,5,161,34
2021-06-16,Oeste,Ropa Casual,774.88,157.72,0,370,72
2021-06-16,Oeste,Ropa Formal,695.0133103325174,201.05,0,394,81
2021-06-16,Oeste,Deportivo,520.84,182.18,0,255,54
2021-06-16,Oeste,Accesorios,367.8465,85.4,5,208,42
2021-06-16,Centro,Ropa Casual,1009.1129999999999,195.48,5,503,93
2021-06-16,Centro,Ropa Formal,1225.71,250.94,0,622,122
2021-06-16,Centro,Deportivo,695.0685000000001,167.74637340063492,5,291,72
2021-06-16,Centro,Accesorios,430.71,143.02,0,228,35
2021-06-17,Norte,Ropa Casual,837.49,158.68869453868857,0,397,77
2021-06-17,Norte,Ropa Formal,834.21,195.70103709638815,0,413,78
2021-06-17,Norte,Deportivo,543.28,175.75,0,313,61
2021-06-17,Norte,Accesorios,382.6164782828109,120.94,5,164,42
2021-06-17,Sur,Ropa Casual,441.21,72.64,5,211,41
2021-06-17,Sur,Ropa Formal,649.1853482174037,142.18,0,369,69
2021-06-17,Sur,Deportivo,405.8,79.16,0,226,39
2021-06-17,Sur,Accesorios,358.65560073957306,81.73,0,198,40
2021-06-17,Este,Ropa Casual,485.023,92.39,10,254,47
2021-06-17,Este,Ropa Formal,590.7195,160.58,5,281,68
2021-06-17,Este,Deportivo,408.75450000000006,129.97,5,176,30
2021-06-17,Este,Accesorios,389.92,110.73,0,196,42
2021-06-17,Oeste,Ropa Casual,590.87,154.19,0,278,46
2021-06-17,Oeste,Ropa Formal,862.0290000000001,223.31,5,427,79
2021-06-17,Oeste,Deportivo,470.98,103.4,0,213,50
2021-06-17,Oeste,Accesorios,352.49,97.02,0,192,35
2021-06-17,Centro,Ropa Casual,1084.083,265.44,5,495,105
2021-06-17,Centro,Ropa Formal,812.84,308.08,0,384,81
2021-06-17,Centro,Deportivo,741.961,180.63,10,330,64
2021-06-17,Centro,Accesorios,489.98771523357277,156.49,0,250,52
2021-06-18,Norte,Ropa Casual,843.98,169.31,0,396,86
2021-06-18,Norte,Ropa Formal,966.81,197.29,0,482,102
2021-06-18,Norte,Deportivo,482.4212184015812,163.73,0,279,56
2021-06-18,Norte,Accesorios,571.648,118.53,10,252,51
2021-06-18,Sur,Ropa Casual,358.22,137.35,0,164,35
2021-06-18,Sur,Ropa Formal,307.55550000000005,118.72,5,124,31
2021-06-18,Sur,Deportivo,358.93,72.8,0,202,44
2021-06-18,Sur,Accesorios,228.261,54.02,10,103,23
2021-06-18,Este,Ropa Casual,708.94,124.11,0,367,73
2021-06-18,Este,Ropa Formal,536.41,175.22,0,241,51
2021-06-18,Este,Deportivo,635.57,89.1882510477337,0,332,70
2021-06-18,Este,Accesorios,389.27700000000004,82.06,5,169,50
2021-06-18,Oeste,Ropa Casual,658.42,136.45,0,319,72
2021-06-18,Oeste,Ropa Formal,701.93,195.4,0,379,71
2021-06-18,Oeste,Deportivo,654.9165,168.66,5,287,55
2021-06-18,Oeste,Accesorios,458.67,74.31,0,229,45
2021-06-18,Centro,Ropa Casual,960.8235000000001,249.28,5,456,101
2021-06-18,Centro,Ropa Formal,1179.33,297.82,0,566,114
2021-06-18,Centro,Deportivo,800.31,182.26,0,419,78
2021-06-18,Centro,Accesorios,686.599347600827,161.85,5,398,71
2021-06-19,Norte,Ropa Casual,835.872,100.58,20,349,69
2021-06-19,Norte,Ropa Formal,856.428,270.3,15,381,79
2021-06-19,Norte,Deportivo,683.076,87.28,20,258,65
2021-06-19,Norte,Accesorios,485.23199999999997,94.47,20,179,27
2021-06-19,Sur,Ropa Casual,679.6020000000001,114.36,10,291,69
2021-06-19,Sur,Ropa Formal,795.432,154.24,10,355,67
2021-06-19,Sur,Deportivo,467.9465,88.73766600790084,15,198,37
2021-06-19,Sur,Accesorios,282.0,65.98,0,149,26
2021-06-19,Este,Ropa Casual,595.76,136.17,0,316,67
2021-06-19,Este,Ropa Formal,530.2754317793032,229.61,0,307,61
2021-06-19,Este,Deportivo,486.55,90.27,0,253,44
2021-06-19,Este,Accesorios,278.61,91.75,0,137,33
2021-06-19,Oeste,Ropa Casual,506.52,197.53,0,284,42
2021-06-19,Oeste,Ropa Formal,873.83,167.75,0,418,85
2021-06-19,Oeste,Deportivo,482.04,120.72,0,230,35
2021-06-19,Oeste,Accesorios,315.35900000000004,90.49402810194323,10,103,29
2021-06-19,Centro,Ropa Casual,919.23,269.74,0,430,87
2021-06-19,Centro,Ropa Formal,1188.48,288.86,0,610,117
2021-06-19,Centro,Deportivo,768.8670000000001,221.49,10,351,74
2021-06-19,Centro,Accesorios,567.446,101.51037254520388,10,262,49
2021-06-20,Norte,Ropa Casual,723.2402682367597,150.56,15,368,68
2021-06-20,Norte,Ropa Formal,894.02,209.12,0,430,93
2021-06-20,Norte,Deportivo,682.8359999999999,150.67,20,217,59
2021-06-20,Norte,Accesorios,339.306,95.74,10,143,30
2021-06-20,Sur,Ropa Casual,497.6164999999999,93.82,15,244,45
2021-06-20,Sur,Ropa Formal,693.9527229599271,151.7,20,297,60
2021-06-20,Sur,Deportivo,371.4866999511698,33.54,15,141,37
2021-06-20,Sur,Accesorios,311.77,99.33,0,172,31
2021-06-20,Este,Ropa Casual,642.0,181.39,0,319,59
2021-06-20,Este,Ropa Formal,649.33,223.31,0,305,66
2021-06-20,Este,Deportivo,481.5969999999999,124.22,15,245,39
2021-06-20,Este,Accesorios,416.11,107.8,0,238,41
2021-06-20,Oeste,Ropa Casual,633.7237732675924,144.43,0,357,75
2021-06-20,Oeste,Ropa Formal,1056.7925,150.58,15,455,94
2021-06-20,Oeste,Deportivo,652.2890000000001,149.10686573244686,10,302,50
2021-06-20,Oeste,Accesorios,427.294,121.00507222776862,15,227,28
2021-06-20,Centro,Ropa Casual,1039.5880000000002,208.28,10,466,85
2021-06-20,Centro,Ropa Formal,1369.62,286.88,0,686,142
2021-06-20,Centro,Deportivo,687.98,153.82,0,368,65
2021-06-20,Centro,Accesorios,589.1334999999999,140.96,15,244,54
2021-06-21,Norte,Ropa Casual,559.49,183.37,0,270,56
2021-06-21,Norte,Ropa Formal,890.95,128.3,0,452,92
2021-06-21,Norte,Deportivo,536.45,101.02,0,310,54
2021-06-21,Norte,Accesorios,382.87,108.73,0,187,40
2021-06-21,Sur,Ropa Casual,648.4065,70.64,5,329,61
2021-06-21,Sur,Ropa Formal,646.21,131.16,0,332,69
2021-06-21,Sur,Deportivo,365.36850000000004,72.39,5,169,33
2021-06-21,Sur,Accesorios,353.0149553328532,69.05,0,229,40
2021-06-21,Este,Ropa Casual,676.33,182.25,0,344,64
2021-06-21,Este,Ropa Formal,773.0415,163.51,5,390,78
2021-06-21,Este,Deportivo,410.08000000000004,125.3,10,165,41
2021-06-21,Este,Accesorios,421.17600000000004,84.24,5,191,39
2021-06-21,Oeste,Ropa Casual,809.5605,208.75,5,379,73
2021-06-21,Oeste,Ropa Formal,962.0835000000001,202.95,5,468,96
2021-06-21,Oeste,Deportivo,494.60400000000004,145.77,10,214,42
2021-06-21,Oeste,Accesorios,454.15700000000004,133.75,10,212,41
2021-06-21,Centro,Ropa Casual,831.5055,195.31,5,411,79
2021-06-21,Centro,Ropa Formal,1235.39,245.1,0,619,135
2021-06-21,Centro,Deportivo,751.77,180.94,0,359,73
2021-06-21,Centro,Accesorios,525.04,149.46,0,270,49
2021-06-22,Norte,Ropa Casual,767.802,216.6,5,404,72
2021-06-22,Norte,Ropa Formal,849.24,195.57,0,413,89
2021-06-22,Norte,Deportivo,410.39250000000004,107.87,5,224,38
2021-06-22,Norte,Accesorios,466.2,108.22,0,209,54
2021-06-22,Sur,Ropa Casual,435.32639288444045,86.46,5,212,47
2021-06-22,Sur,Ropa Formal,629.9895,154.14,5,269,60
2021-06-22,Sur,Deportivo,439.89,100.55,0,189,46
2021-06-22,Sur,Accesorios,255.01350000000002,88.81,5,105,21
2021-06-22,Este,Ropa Casual,493.4895,148.7,5,251,41
2021-06-22,Este,Ropa Formal,843.1500000000001,178.4,10,390,79
2021-06-22,Este,Deportivo,664.015,102.93,10,302,58
2021-06-22,Este,Accesorios,386.65,62.29,0,222,49
2021-06-22,Oeste,Ropa Casual,692.3805,170.9,5,316,56
2021-06-22,Oeste,Ropa Formal,570.19,176.69,0,314,66
2021-06-22,Oeste,Deportivo,410.3,154.51,0,185,42
2021-06-22,Oeste,Accesorios,388.53,83.63410076081432,0,209,32
2021-06-22,Centro,Ropa Casual,985.5670000000001,212.36,10,434,94
2021-06-22,Centro,Ropa Formal,1060.47,299.39,0,570,103
2021-06-22,Centro,Deportivo,641.41,200.35,0,338,63
2021-06-22,Centro,Accesorios,568.5435000000001,117.01417616067754,5,263,54
2021-06-23,Norte,Ropa Casual,886.27,127.92,0,450,84
2021-06-23,Norte,Ropa Formal,644.8681552119368,216.84,0,340,71
2021-06-23,Norte,Deportivo,677.07,134.51,0,313,76
2021-06-23,Norte,Accesorios,454.713,72.12119321243175,5,222,44
2021-06-23,Sur,Ropa Casual,627.69,96.53,0,313,61
2021-06-23,Sur,Ropa Formal,781.28,173.21,0,392,79
2021-06-23,Sur,Deportivo,453.18000000000006,65.7,5,197,51
2021-06-23,Sur,Accesorios,402.446,50.03,10,205,42
2021-06-23,Este,Ropa Casual,634.59,93.91479615944986,0,320,62
2021-06-23,Este,Ropa Formal,777.75,142.09,0,359,76
2021-06-23,Este,Deportivo,562.958,143.07,10,235,52
2021-06-23,Este,Accesorios,326.36,118.4,0,168,31
2021-06-23,Oeste,Ropa Casual,638.24,144.84,0,319,57
2021-06-23,Oeste,Ropa Formal,762.04,184.76745317064783,0,432,70
2021-06-23,Oeste,Deportivo,505.6485,136.04,5,257,52
2021-06-23,Oeste,Accesorios,454.57,97.56,0,226,45
2021-06-23,Centro,Ropa Casual,1014.04,262.13,0,505,99
2021-06-23,Centro,Ropa Formal,1235.6641525747473,304.12,5,626,130
2021-06-23,Centro,Deportivo,850.3635,166.73,5,382,85
2021-06-23,Centro,Accesorios,540.43,150.77,0,276,50
2021-06-24,Norte,Ropa Casual,657.3629999999999,174.44,5,325,66
2021-06-24,Norte,Ropa Formal,932.85,178.38,0,449,85
2021-06-24,Norte,Deportivo,541.81,169.75,0,270,43
2021-06-24,Norte,Accesorios,400.54,98.63,0,202,34
2021-06-24,Sur,Ropa Casual,482.37,108.46,0,242,39
2021-06-24,Sur,Ropa Formal,729.8235000000001,131.33,5,379,65
2021-06-24,Sur,Deportivo,477.25700000000006,73.77640356283818,10,214,59
2021-06-24,Sur,Accesorios,339.61,44.515962812875436,0,167,34
2021-06-24,Este,Ropa Casual,837.16,181.89,0,405,79
2021-06-24,Este,Ropa Formal,797.6255949935322,233.03,5,426,81
2021-06-24,Este,Deportivo,442.43,141.02392185462875,0,199,38
2021-06-24,Este,Accesorios,400.71,79.27,0,182,31
2021-06-24,Oeste,Ropa Casual,417.809359446614,110.58,0,238,48
2021-06-24,Oeste,Ropa Formal,812.1435,188.3,5,407,78
2021-06-24,Oeste,Deportivo,635.51,127.497175046585,0,327,60
2021-06-24,Oeste,Accesorios,339.5,86.04,0,176,33
2021-06-24,Centro,Ropa Casual,1031.844,290.33,10,469,98
2021-06-24,Centro,Ropa Formal,973.6867497467086,310.26,0,547,100
2021-06-24,Centro,Deportivo,943.047,187.25,5,421,90
2021-06-24,Centro,Accesorios,594.42,163.42443526346256,0,316,52
2021-06-25,Norte,Ropa Casual,771.9915000000001,214.94,5,376,74
2021-06-25,Norte,Ropa Formal,814.2015,185.29,5,375,85
2021-06-25,Norte,Deportivo,459.877,158.68,10,201,32
2021-06-25,Norte,Accesorios,556.8,65.5831123283263,20,208,51
2021-06-25,Sur,Ropa Casual,672.7560000000001,118.14,5,322,60
2021-06-25,Sur,Ropa Formal,522.3018592432021,158.88,20,250,48
2021-06-25,Sur,Deportivo,478.44300000000004,75.59,5,261,56
2021-06-25,Sur,Accesorios,394.149,62.71,5,157,38
2021-06-25,Este,Ropa Casual,780.0719999999999,157.82,20,332,59
2021-06-25,Este,Ropa Formal,923.7359999999999,241.32,20,386,72
2021-06-25,Este,Deportivo,686.764,134.44,30,278,51
2021-06-25,Este,Accesorios,528.7679999999999,72.92,20,222,38
2021-06-25,Oeste,Ropa Casual,653.3340000000001,172.7,10,274,61
2021-06-25,Oeste,Ropa Formal,735.147,221.64,5,308,76
2021-06-25,Oeste,Deportivo,380.259,108.09443149459838,10,179,26
2021-06-25,Oeste,Accesorios,374.4825,110.52,5,163,35
2021-06-25,Centro,Ropa Casual,1019.9530000000001,290.85,10,475,91
2021-06-25,Centro,Ropa Formal,1439.676,270.31,20,606,115
2021-06-25,Centro,Deportivo,989.832,206.35,20,436,86
2021-06-25,Centro,Accesorios,586.092,149.35,30,225,44
2021-06-26,Norte,Ropa Casual,663.46,227.81,0,335,63
2021-06-26,Norte,Ropa Formal,951.8850000000001,214.34974037763405,10,410,82
2021-06-26,Norte,Deportivo,461.87,137.5,0,242,47
2021-06-26,Norte,Accesorios,439.14,118.3,0,209,45
2021-06-26,Sur,Ropa Casual,723.8444999999999,135.42,15,292,67
2021-06-26,Sur,Ropa Formal,587.59,147.3137211861732,0,283,62
2021-06-26,Sur,Deportivo,486.365,108.81,10,210,43
2021-06-26,Sur,Accesorios,288.36,75.82,0,135,41
2021-06-26,Este,Ropa Casual,528.221798742876,138.45,0,293,53
2021-06-26,Este,Ropa Formal,877.0935,151.17,15,359,74
2021-06-26,Este,Deportivo,494.86800000000005,119.83,10,236,49
2021-06-26,Este,Accesorios,439.18,88.28,0,237,46
2021-06-26,Oeste,Ropa Casual,936.7600000000001,169.7,10,444,75
2021-06-26,Oeste,Ropa Formal,739.14,127.76,0,362,70
2021-06-26,Oeste,Deportivo,571.228,148.78,15,242,43
2021-06-26,Oeste,Accesorios,480.14,111.6439381349144,0,262,47
2021-06-26,Centro,Ropa Casual,1038.696,239.01,20,420,98
2021-06-26,Centro,Ropa Formal,1312.61,200.69425498678092,0,660,134
2021-06-26,Centro,Deportivo,749.65,156.25,0,375,74
2021-06-26,Centro,Accesorios,607.91,173.14,0,292,61
2021-06-27,Norte,Ropa Casual,824.7344638001643,242.93,10,418,85
2021-06-27,Norte,Ropa Formal,982.9395,259.91,15,409,77
2021-06-27,Norte,Deportivo,613.94,149.16,0,313,63
2021-06-27,Norte,Accesorios,365.2,82.78,0,182,34
2021-06-27,Sur,Ropa Casual,596.211,149.75,10,280,52
2021-06-27,Sur,Ropa Formal,756.588,177.9,20,324,66
2021-06-27,Sur,Deportivo,374.39,99.34,0,158,40
2021-06-27,Sur,Accesorios,263.928,68.84,20,110,22
2021-06-27,Este,Ropa Casual,706.7500000000001,120.06711969587163,10,335,60
2021-06-27,Este,Ropa Formal,739.21,146.6,0,360,69
2021-06-27,Este,Deportivo,532.49,104.23,0,244,56
2021-06-27,Este,Accesorios,350.7066717999092,49.13,10,187,44
2021-06-27,Oeste,Ropa Casual,735.43,134.39388483994517,0,398,72
2021-06-27,Oeste,Ropa Formal,845.5961809099849,174.72,15,392,75
2021-06-27,Oeste,Deportivo,503.34,147.8,20,192,46
2021-06-27,Oeste,Accesorios,384.67199999999997,84.23,20,179,32
2021-06-27,Centro,Ropa Casual,1003.4,223.11,0,526,97
2021-06-27,Centro,Ropa Formal,1142.2,290.49,0,593,113
2021-06-27,Centro,Deportivo,792.4189999999999,219.98,15,331,64
2021-06-27,Centro,Accesorios,404.481,133.53,10,144,39
2021-06-28,Norte,Ropa Casual,846.494,160.08,10,429,77
2021-06-28,Norte,Ropa Formal,936.432,233.78,5,455,89
2021-06-28,Norte,Deportivo,465.89400000000006,196.08,10,188,45
2021-06-28,Norte,Accesorios,421.25600000000003,79.36,10,181,29
2021-06-28,Sur,Ropa Casual,514.8465,101.12,5,276,50
2021-06-28,Sur,Ropa Formal,589.4595,96.05,5,289,58
2021-06-28,Sur,Deportivo,521.196,78.52,30,212,28
2021-06-28,Sur,Accesorios,493.415,38.35,30,186,25
2021-06-28,Este,Ropa Casual,603.75,202.24,5,294,57
2021-06-28,Este,Ropa Formal,611.0790000000001,181.77,5,304,57
2021-06-28,Este,Deportivo,531.2958592169589,146.2838125236981,10,301,54
2021-06-28,Este,Accesorios,502.4355,73.73,5,253,45
2021-06-28,Oeste,Ropa Casual,699.1845000000001,182.63,5,337,68
2021-06-28,Oeste,Ropa Formal,1097.6570000000002,120.9131160971905,10,518,99
2021-06-28,Oeste,Deportivo,518.133,112.08,5,232,43
2021-06-28,Oeste,Accesorios,439.56000000000006,86.23,10,203,35
2021-06-28,Centro,Ropa Casual,902.4435000000001,229.55,5,434,75
2021-06-28,Centro,Ropa Formal,1304.604,310.3,5,597,118
2021-06-28,Centro,Deportivo,669.6568750503033,227.74,10,280,64
2021-06-28,Centro,Accesorios,567.2415000000001,150.8816190526049,5,280,56
2021-06-29,Norte,Ropa Casual,942.2595,153.8,5,436,89
2021-06-29,Norte,Ropa Formal,958.2100000000002,202.7,10,444,88
2021-06-29,Norte,Deportivo,668.998,127.06,10,310,56
2021-06-29,Norte,Accesorios,586.794,151.41,30,231,45
2021-06-29,Sur,Ropa Casual,458.3260000000001,116.13,10,215,35
2021-06-29,Sur,Ropa Formal,561.226419815642,207.29,5,276,58
2021-06-29,Sur,Deportivo,591.7173940518209,107.98,30,251,43
2021-06-29,Sur,Accesorios,429.996,71.48,20,175,30
2021-06-29,Este,Ropa Casual,900.3599999999999,179.0,20,383,79
2021-06-29,Este,Ropa Formal,745.9515,183.97,5,325,72
2021-06-29,Este,Deportivo,578.8439999999999,145.7,20,214,53
2021-06-29,Este,Accesorios,392.616,67.4,20,133,35
2021-06-29,Oeste,Ropa Casual,723.636,209.16,20,303,61
2021-06-29,Oeste,Ropa Formal,780.096,179.62,20,309,64
2021-06-29,Oeste,Deportivo,470.38950000000006,149.07,5,223,49
2021-06-29,Oeste,Accesorios,544.044,75.45,20,212,48
2021-06-29,Centro,Ropa Casual,992.1719999999999,234.72,20,424,85
2021-06-29,Centro,Ropa Formal,1319.6295,244.27,5,630,129
2021-06-29,Centro,Deportivo,940.1260000000001,215.13,10,433,90
2021-06-29,Centro,Accesorios,587.412,156.37,5,284,58
2021-06-30,Norte,Ropa Casual,740.7435,156.72,5,376,73
2021-06-30,Norte,Ropa Formal,1027.1879999999999,233.76,20,432,88
2021-06-30,Norte,Deportivo,808.431,109.84,30,307,63
2021-06-30,Norte,Accesorios,455.95000000000005,101.91,10,241,48
2021-06-30,Sur,Ropa Casual,734.292,108.78,30,258,46
2021-06-30,Sur,Ropa Formal,819.841,183.94,10,336,69
2021-06-30,Sur,Deportivo,475.188,54.94,20,214,43
2021-06-30,Sur,Accesorios,410.7075,58.02,5,224,38
2021-06-30,Este,Ropa Casual,690.4799999999999,216.7,20,290,61
2021-06-30,Este,Ropa Formal,858.879,221.0993203620692,5,429,71
2021-06-30,Este,Deportivo,615.329,152.32,30,255,43
2021-06-30,Este,Accesorios,413.748,41.68,20,161,33
2021-06-30,Oeste,Ropa Casual,1109.844,211.86,20,496,96
2021-06-30,Oeste,Ropa Formal,853.314,252.81,5,432,72
2021-06-30,Oeste,Deportivo,711.42,157.49,20,329,56
2021-06-30,Oeste,Accesorios,402.91650000000004,89.79,5,179,41
2021-06-30,Centro,Ropa Casual,1101.837,233.81,10,487,95
2021-06-30,Centro,Ropa Formal,1192.213,311.14,10,497,104
2021-06-30,Centro,Deportivo,948.324,163.26,20,412,75
2021-06-30,Centro,Accesorios,624.3960000000001,126.03,20,252,56
2021-07-01,Norte,Ropa Casual,613.725,115.46,5,307,56
2021-07-01,Norte,Ropa Formal,927.92,299.44,0,477,86
2021-07-01,Norte,Deportivo,587.9323201842371,141.12,0,269,66
2021-07-01,Norte,Accesorios,409.74,132.84,0,210,46
2021-07-01,Sur,Ropa Casual,726.894,158.23,5,340,70
2021-07-01,Sur,Ropa Formal,574.09,134.86286110589364,0,287,53
2021-07-01,Sur,Deportivo,333.83,103.96,0,164,37
2021-07-01,Sur,Accesorios,336.2625,68.37,5,157,32
2021-07-01,Este,Ropa Casual,387.62850000000003,149.59,5,181,32
2021-07-01,Este,Ropa Formal,566.03,123.54306143172515,0,272,54
2021-07-01,Este,Deportivo,550.11,124.61,0,258,52
2021-07-01,Este,Accesorios,308.2065,72.31,5,141,36
2021-07-01,Oeste,Ropa Casual,880.8030000000001,181.31,10,430,76
2021-07-01,Oeste,Ropa Formal,767.277,284.94,5,345,71
2021-07-01,Oeste,Deportivo,774.99,86.96,0,365,76
2021-07-01,Oeste,Accesorios,281.17,99.85,0,152,34
2021-07-01,Centro,Ropa Casual,923.7585,232.05,5,397,86
2021-07-01,Centro,Ropa Formal,1168.93,296.24,0,556,107
2021-07-01,Centro,Deportivo,686.9539415717834,200.79,0,365,71
2021-07-01,Centro,Accesorios,523.845,127.99,5,244,45
2021-07-02,Norte,Ropa Casual,574.17,206.03,0,296,62
2021-07-02,Norte,Ropa Formal,844.52,192.98,0,437,97
2021-07-02,Norte,Deportivo,417.67,139.11,0,219,43
2021-07-02,Norte,Accesorios,486.87897117931914,114.78883780068665,10,259,44
2021-07-02,Sur,Ropa Casual,535.88,100.0,0,278,55
2021-07-02,Sur,Ropa Formal,675.3,58.44,0,301,62
2021-07-02,Sur,Deportivo,469.31850000000003,68.76,5,232,42
2021-07-02,Sur,Accesorios,351.624,60.525525146528835,5,192,35
2021-07-02,Este,Ropa Casual,775.85,176.61,0,370,76
2021-07-02,Este,Ropa Formal,816.78,195.02,0,417,90
2021-07-02,Este,Deportivo,584.49,131.97,0,336,62
2021-07-02,Este,Accesorios,296.20799999999997,100.66,10,117,35
2021-07-02,Oeste,Ropa Casual,477.76050000000004,183.54443663395864,5,253,45
2021-07-02,Oeste,Ropa Formal,874.503,200.08,5,409,88
2021-07-02,Oeste,Deportivo,402.5303296555962,124.62,0,230,40
2021-07-02,Oeste,Accesorios,357.6825,105.35,5,188,30
2021-07-02,Centro,Ropa Casual,1094.68,233.91,0,567,107
2021-07-02,Centro,Ropa Formal,1047.9525,353.14,5,499,94
2021-07-02,Centro,Deportivo,731.0310000000001,229.58,5,345,62
2021-07-02,Centro,Accesorios,614.49,175.86,0,308,73
2021-07-03,Norte,Ropa Casual,748.572,192.12,10,334,72
2021-07-03,Norte,Ropa Formal,836.517,134.01,10,376,70
2021-07-03,Norte,Deportivo,652.21,125.33,0,330,67
2021-07-03,Norte,Accesorios,423.33,83.73525250445027,0,239,44
2021-07-03,Sur,Ropa Casual,587.3670000000001,122.21,10,313,49
2021-07-03,Sur,Ropa Formal,669.456,140.83,20,301,55
2021-07-03,Sur,Deportivo,439.99,100.49,0,230,42
2021-07-03,Sur,Accesorios,337.3260000000001,86.26,10,141,27
2021-07-03,Este,Ropa Casual,603.3359999999999,171.94,20,180,57
2021-07-03,Este,Ropa Formal,819.269,134.07,10,373,75
2021-07-03,Este,Deportivo,373.04,124.96,0,201,31
2021-07-03,Este,Accesorios,358.34700000000004,91.49,10,166,37
2021-07-03,Oeste,Ropa Casual,722.49,238.38,0,364,74
2021-07-03,Oeste,Ropa Formal,889.1850000000001,167.74,10,365,80
2021-07-03,Oeste,Deportivo,647.07,178.62478364802837,0,320,64
2021-07-03,Oeste,Accesorios,496.092,94.5400978473812,20,220,39
2021-07-03,Centro,Ropa Casual,820.0,303.37,0,418,83
2021-07-03,Centro,Ropa Formal,1129.513,265.02,10,501,94
2021-07-03,Centro,Deportivo,942.9079999999999,166.67048667287074,15,378,85
2021-07-03,Centro,Accesorios,676.0559999999999,151.37,20,306,57
2021-07-04,Norte,Ropa Casual,800.0400000000001,211.72,20,331,67
2021-07-04,Norte,Ropa Formal,1109.0829999999999,287.07,15,487,101
2021-07-04,Norte,Deportivo,531.56,167.13,0,302,49
2021-07-04,Norte,Accesorios,466.89,90.37,0,257,53
2021-07-04,Sur,Ropa Casual,613.8814999999998,123.59,15,272,56
2021-07-04,Sur,Ropa Formal,816.0859999999999,124.71,15,388,67
2021-07-04,Sur,Deportivo,447.6670000000001,100.52,10,197,38
2021-07-04,Sur,Accesorios,323.598,84.86,10,169,32
2021-07-04,Este,Ropa Casual,623.2270000000001,112.09452317474728,10,281,62
2021-07-04,Este,Ropa Formal,743.1203487551683,209.55,15,368,67
2021-07-04,Este,Deportivo,421.52,117.13,0,240,39
2021-07-04,Este,Accesorios,444.86599999999993,73.12351503573342,15,217,42
2021-07-04,Oeste,Ropa Casual,833.1719999999999,109.77722868417825,20,377,77
2021-07-04,Oeste,Ropa Formal,794.581,231.01,15,338,71
2021-07-04,Oeste,Deportivo,714.9665,121.51,15,350,58
2021-07-04,Oeste,Accesorios,301.39027170025116,72.52,10,150,38
2021-07-04,Centro,Ropa Casual,895.3383675925289,259.7,0,470,108
2021-07-04,Centro,Ropa Formal,1391.39,278.13,10,639,129
2021-07-04,Centro,Deportivo,864.54,197.62,0,401,84
2021-07-04,Centro,Accesorios,610.643,148.32,10,258,49
2021-07-05,Norte,Ropa Casual,847.17,149.34,0,474,87
2021-07-05,Norte,Ropa Formal,879.5325,204.31732653155944,5,456,87
2021-07-05,Norte,Deportivo,505.24,103.12,0,252,52
2021-07-05,Norte,Accesorios,432.9,111.43,0,204,43
2021-07-05,Sur,Ropa Casual,594.34,160.72,0,305,66
2021-07-05,Sur,Ropa Formal,659.6835,86.92,5,282,62
2021-07-05,Sur,Deportivo,320.3,113.48,0,205,32
2021-07-05,Sur,Accesorios,385.55,49.82,0,198,40
2021-07-05,Este,Ropa Casual,532.1610000000001,99.53,5,245,46
2021-07-05,Este,Ropa Formal,670.4609864747887,143.06,0,352,82
2021-07-05,Este,Deportivo,495.79,102.9,0,256,52
2021-07-05,Este,Accesorios,331.79,83.6,0,166,34
2021-07-05,Oeste,Ropa Casual,784.371,190.24,5,387,70
2021-07-05,Oeste,Ropa Formal,784.1222732346786,185.32,5,419,73
2021-07-05,Oeste,Deportivo,507.94,63.84,0,272,44
2021-07-05,Oeste,Accesorios,422.45,99.52,0,200,45
2021-07-05,Centro,Ropa Casual,1012.45,232.7,0,497,99
2021-07-05,Centro,Ropa Formal,1429.0980000000002,279.14,10,656,131
2021-07-05,Centro,Deportivo,774.55,196.71,0,383,80
2021-07-05,Centro,Accesorios,674.9380000000001,158.78,10,295,68
2021-07-06,Norte,Ropa Casual,518.21,206.95,0,243,48
2021-07-06,Norte,Ropa Formal,1071.2350000000001,220.62,10,470,93
2021-07-06,Norte,Deportivo,560.36,125.22,0,305,67
2021-07-06,Norte,Accesorios,535.038,90.57,5,241,49
2021-07-06,Sur,Ropa Casual,447.34,103.43,0,221,38
2021-07-06,Sur,Ropa Formal,713.3,108.85,0,331,72
2021-07-06,Sur,Deportivo,381.54900000000004,99.8,5,170,48
2021-07-06,Sur,Accesorios,370.21,66.06,0,152,32
2021-07-06,Este,Ropa Casual,669.8895,152.54,5,340,67
2021-07-06,Este,Ropa Formal,1003.508,207.3,10,457,94
2021-07-06,Este,Deportivo,320.82,157.05,0,175,31
2021-07-06,Este,Accesorios,434.2995763662269,83.16,10,156,43
2021-07-06,Oeste,Ropa Casual,741.61,186.4,0,365,71
2021-07-06,Oeste,Ropa Formal,746.87,162.0,0,382,75
2021-07-06,Oeste,Deportivo,597.681,130.38,5,272,64
2021-07-06,Oeste,Accesorios,496.45200000000006,85.75,10,221,45
2021-07-06,Centro,Ropa Casual,858.06,265.24,0,430,92
2021-07-06,Centro,Ropa Formal,1178.03,294.55,0,551,117
2021-07-06,Centro,Deportivo,818.38,174.86,0,359,72
2021-07-06,Centro,Accesorios,531.06,180.89,0,283,53
2021-07-07,Norte,Ropa Casual,704.5056585897806,154.68,0,373,79
2021-07-07,Norte,Ropa Formal,849.8563285533288,237.59,5,459,84
2021-07-07,Norte,Deportivo,539.33,176.98,0,255,55
2021-07-07,Norte,Accesorios,467.54,89.52,0,256,49
2021-07-07,Sur,Ropa Casual,515.1615,131.58,5,237,42
2021-07-07,Sur,Ropa Formal,762.9840002092856,156.42,0,433,75
2021-07-07,Sur,Deportivo,542.1465000000001,77.62,5,246,49
2021-07-07,Sur,Accesorios,264.79,107.79,0,108,21
2021-07-07,Este,Ropa Casual,669.123,121.19,5,343,65
2021-07-07,Este,Ropa Formal,765.6705000000001,142.67,5,388,78
2021-07-07,Este,Deportivo,568.91,151.14,0,306,61
2021-07-07,Este,Accesorios,404.06100000000004,115.54287807142737,5,178,39
2021-07-07,Oeste,Ropa Casual,795.123,187.45,5,385,71
2021-07-07,Oeste,Ropa Formal,916.96,159.5,0,435,96
2021-07-07,Oeste,Deportivo,611.787,98.04362642240817,10,267,61
2021-07-07,Oeste,Accesorios,406.15,97.51,0,168,35
2021-07-07,Centro,Ropa Casual,927.591,279.28,5,448,88
2021-07-07,Centro,Ropa Formal,1153.152,310.43,5,545,107
2021-07-07,Centro,Deportivo,687.45,146.39,0,386,68
2021-07-07,Centro,Accesorios,681.93,142.34,0,359,69
2021-07-08,Norte,Ropa Casual,753.28,170.14,0,342,70
2021-07-08,Norte,Ropa Formal,700.371,243.32,5,352,64
2021-07-08,Norte,Deportivo,480.68,158.71,0,233,53
2021-07-08,Norte,Accesorios,561.32,117.76,0,276,46
2021-07-08,Sur,Ropa Casual,453.12,88.52,0,205,39
2021-07-08,Sur,Ropa Formal,670.845,156.91,5,328,69
2021-07-08,Sur,Deportivo,387.3,62.69,0,225,42
2021-07-08,Sur,Accesorios,355.7152545943065,51.36,5,201,39
2021-07-08,Este,Ropa Casual,639.6,145.09,0,317,60
2021-07-08,Este,Ropa Formal,764.5785,186.48,5,350,71
2021-07-08,Este,Deportivo,436.85,139.43,0,206,39
2021-07-08,Este,Accesorios,479.74,92.33,0,248,46
2021-07-08,Oeste,Ropa Casual,804.518,153.59,10,329,74
2021-07-08,Oeste,Ropa Formal,735.88,203.75,0,361,80
2021-07-08,Oeste,Deportivo,605.6085,98.35,5,280,54
2021-07-08,Oeste,Accesorios,382.89300000000003,70.77,5,201,42
2021-07-08,Centro,Ropa Casual,854.5,194.8458450820115,0,412,84
2021-07-08,Centro,Ropa Formal,1207.79,310.91,0,620,123
2021-07-08,Centro,Deportivo,585.0,201.51,0,242,60
2021-07-08,Centro,Accesorios,563.1,146.53,0,315,60
2021-07-09,Norte,Ropa Casual,756.404,152.88,10,315,70
2021-07-09,Norte,Ropa Formal,799.4017593885932,179.33,0,460,80
2021-07-09,Norte,Deportivo,549.3915000000001,134.93642601035617,5,269,48
2021-07-09,Norte,Accesorios,362.3865,79.49,5,208,34
2021-07-09,Sur,Ropa Casual,821.4780000000001,110.95426715557839,5,422,85
2021-07-09,Sur,Ropa Formal,769.55,71.74,0,362,68
2021-07-09,Sur,Deportivo,405.16673811147166,123.35,5,210,40
2021-07-09,Sur,Accesorios,302.98,74.63,0,186,27
2021-07-09,Este,Ropa Casual,457.19100000000003,85.07,5,234,39
2021-07-09,Este,Ropa Formal,749.1015,141.48,5,366,74
2021-07-09,Este,Deportivo,432.9,152.92,0,225,41
2021-07-09,Este,Accesorios,399.5145,75.92,5,208,44
2021-07-09,Oeste,Ropa Casual,599.31,194.53,0,285,58
2021-07-09,Oeste,Ropa Formal,970.368,135.42,5,452,95
2021-07-09,Oeste,Deportivo,560.417,117.75,10,228,51
2021-07-09,Oeste,Accesorios,397.00500000000005,114.23,5,175,30
2021-07-09,Centro,Ropa Casual,1078.938,220.06941169959407,5,485,104
2021-07-09,Centro,Ropa Formal,1213.4220000000003,284.27,5,572,122
2021-07-09,Centro,Deportivo,571.725,218.04,5,272,60
2021-07-09,Centro,Accesorios,393.07449043009177,138.81,0,211,45
2021-07-10,Norte,Ropa Casual,907.8329999999999,191.41588141144703,15,398,81
2021-07-10,Norte,Ropa Formal,936.3927738051922,239.33,0,529,106
2021-07-10,Norte,Deportivo,593.153,166.95,10,291,49
2021-07-10,Norte,Accesorios,633.3030000000001,92.83,10,280,55
2021-07-10,Sur,Ropa Casual,570.2875051352553,95.5,15,305,52
2021-07-10,Sur,Ropa Formal,569.81,104.14031787973855,0,257,54
2021-07-10,Sur,Deportivo,576.4000000000001,72.82,10,266,49
2021-07-10,Sur,Accesorios,358.96,69.14,0,198,40
2021-07-10,Este,Ropa Casual,716.419,134.14560328738418,10,308,67
2021-07-10,Este,Ropa Formal,819.13,125.52,0,362,81
2021-07-10,Este,Deportivo,485.98,174.33,0,223,57
2021-07-10,Este,Accesorios,335.27,85.57,0,156,33
2021-07-10,Oeste,Ropa Casual,592.9770000000001,167.9,10,293,51
2021-07-10,Oeste,Ropa Formal,780.6447879596618,118.56,15,399,72
2021-07-10,Oeste,Deportivo,500.2030000000001,167.65,10,228,46
2021-07-10,Oeste,Accesorios,452.75,93.65,0,223,49
2021-07-10,Centro,Ropa Casual,1162.8,212.96,20,482,91
2021-07-10,Centro,Ropa Formal,1184.79,260.57,0,578,115
2021-07-10,Centro,Deportivo,911.6250000000001,195.0,10,416,79
2021-07-10,Centro,Accesorios,536.44,148.91,0,280,49
2021-07-11,Norte,Ropa Casual,828.85,230.89264826864064,0,418,82
2021-07-11,Norte,Ropa Formal,1005.5100000000001,209.6,10,455,86
2021-07-11,Norte,Deportivo,658.122,159.6,15,295,49
2021-07-11,Norte,Accesorios,570.27,104.83,0,268,52
2021-07-11,Sur,Ropa Casual,497.6,101.75,0,249,50
2021-07-11,Sur,Ropa Formal,655.98,138.58,0,371,63
2021-07-11,Sur,Deportivo,426.74,88.69,0,210,41
2021-07-11,Sur,Accesorios,359.689,78.63,10,127,35
2021-07-11,Este,Ropa Casual,498.03,203.64,0,233,51
2021-07-11,Este,Ropa Formal,895.4440000000001,150.4954033041767,10,384,90
2021-07-11,Este,Deportivo,726.1329999999999,99.7,15,325,63
2021-07-11,Este,Accesorios,426.69599999999997,100.19,15,201,52
2021-07-11,Oeste,Ropa Casual,811.452,127.23969788096622,20,351,70
2021-07-11,Oeste,Ropa Formal,747.85,152.07,0,389,66
2021-07-11,Oeste,Deportivo,665.28,71.3487617155754,10,291,59
2021-07-11,Oeste,Accesorios,308.52,101.33,0,155,29
2021-07-11,Centro,Ropa Casual,989.99,196.3631212365507,0,478,99
2021-07-11,Centro,Ropa Formal,1173.87,339.85,0,590,123
2021-07-11,Centro,Deportivo,709.7454999999999,189.91,15,326,57
2021-07-11,Centro,Accesorios,535.4049507414012,153.54,0,262,49
2021-07-12,Norte,Ropa Casual,599.35,180.73,0,361,65
2021-07-12,Norte,Ropa Formal,880.98,266.05,0,462,91
2021-07-12,Norte,Deportivo,669.47,112.6,0,348,65
2021-07-12,Norte,Accesorios,467.56500000000005,124.01,5,279,42
2021-07-12,Sur,Ropa Casual,452.21,112.31,0,238,48
2021-07-12,Sur,Ropa Formal,512.44,142.35,0,256,55
2021-07-12,Sur,Deportivo,560.59,73.11,0,270,55
2021-07-12,Sur,Accesorios,343.035,71.1,5,168,38
2021-07-12,Este,Ropa Casual,361.1875020920392,165.82,5,212,32
2021-07-12,Este,Ropa Formal,721.7805,206.73,5,331,72
2021-07-12,Este,Deportivo,464.2575,155.55,5,214,36
2021-07-12,Este,Accesorios,430.2,88.69168794261178,0,234,41
2021-07-12,Oeste,Ropa Casual,614.68,150.51,0,341,69
2021-07-12,Oeste,Ropa Formal,777.34,202.42,0,348,73
2021-07-12,Oeste,Deportivo,626.4300000000001,157.77,5,304,59
2021-07-12,Oeste,Accesorios,441.9,77.75,0,218,50
2021-07-12,Centro,Ropa Casual,1020.84,262.09,0,521,111
2021-07-12,Centro,Ropa Formal,1067.55,260.62206528455187,0,504,106
2021-07-12,Centro,Deportivo,749.43,160.75,0,384,67
2021-07-12,Centro,Accesorios,584.1045,160.86,5,277,51
2021-07-13,Norte,Ropa Casual,571.64,237.55,0,270,53
2021-07-13,Norte,Ropa Formal,1031.1945,230.64,5,499,97
2021-07-13,Norte,Deportivo,569.55,168.02,0,308,56
2021-07-13,Norte,Accesorios,380.07,82.96,0,202,32
2021-07-13,Sur,Ropa Casual,367.8,118.58,0,177,41
2021-07-13,Sur,Ropa Formal,630.42,163.48,5,298,62
2021-07-13,Sur,Deportivo,326.44,118.11,0,170,32
2021-07-13,Sur,Accesorios,359.10009820123537,68.64,10,167,28
2021-07-13,Este,Ropa Casual,658.07,217.59,0,369,60
2021-07-13,Este,Ropa Formal,830.566,149.92,10,371,79
2021-07-13,Este,Deportivo,655.49,128.22,0,327,61
2021-07-13,Este,Accesorios,375.38,89.61,0,151,39
2021-07-13,Oeste,Ropa Casual,732.49,145.76,0,378,73
2021-07-13,Oeste,Ropa Formal,973.3,219.04,0,469,98
2021-07-13,Oeste,Deportivo,601.48,124.27,0,258,49
2021-07-13,Oeste,Accesorios,449.96700000000004,102.73,5,201,41
2021-07-13,Centro,Ropa Casual,1121.694,206.87,5,533,109
2021-07-13,Centro,Ropa Formal,1199.04,366.77,0,643,110
2021-07-13,Centro,Deportivo,810.238,203.74,10,336,74
2021-07-13,Centro,Accesorios,539.35,138.67,0,268,51
2021-07-14,Norte,Ropa Casual,681.38,191.71,0,352,66
2021-07-14,Norte,Ropa Formal,853.58,171.04,0,452,85
2021-07-14,Norte,Deportivo,512.2157828569631,113.98,5,218,56
2021-07-14,Norte,Accesorios,463.87950000000006,114.86,5,189,44
2021-07-14,Sur,Ropa Casual,710.577,115.67,5,338,69
2021-07-14,Sur,Ropa Formal,427.87,119.37,0,180,47
2021-07-14,Sur,Deportivo,361.82,65.88656755923415,0,167,35
2021-07-14,Sur,Accesorios,265.26,87.98362573716014,0,141,26
2021-07-14,Este,Ropa Casual,653.919,209.56,5,321,63
2021-07-14,Este,Ropa Formal,736.8070244382943,169.35,0,401,81
2021-07-14,Este,Deportivo,517.63,120.71,0,295,54
2021-07-14,Este,Accesorios,335.1,72.6,0,145,35
2021-07-14,Oeste,Ropa Casual,718.11,148.36,0,319,78
2021-07-14,Oeste,Ropa Formal,776.73,166.55,0,382,81
2021-07-14,Oeste,Deportivo,668.556,113.12,5,310,70
2021-07-14,Oeste,Accesorios,402.76,118.59,0,181,36
2021-07-14,Centro,Ropa Casual,906.11,230.58,0,476,92
2021-07-14,Centro,Ropa Formal,1032.37,289.3,0,512,102
2021-07-14,Centro,Deportivo,719.03,188.7,0,344,68
2021-07-14,Centro,Accesorios,610.61,139.8376877701708,0,298,65
2021-07-15,Norte,Ropa Casual,703.5105,150.74,5,363,61
2021-07-15,Norte,Ropa Formal,968.5,182.0,0,528,88
2021-07-15,Norte,Deportivo,521.3355,164.38,5,229,53
2021-07-15,Norte,Accesorios,365.28,106.36,0,177,30
2021-07-15,Sur,Ropa Casual,685.03,97.07,0,331,73
2021-07-15,Sur,Ropa Formal,851.7705000000001,129.14,5,387,73
2021-07-15,Sur,Deportivo,442.6902645901711,53.99,0,253,56
2021-07-15,Sur,Accesorios,289.09,55.29,0,151,20
2021-07-15,Este,Ropa Casual,726.5114774823397,152.93,0,394,81
2021-07-15,Este,Ropa Formal,929.5020000000001,140.79,5,470,85
2021-07-15,Este,Deportivo,529.11,131.53,0,274,55
2021-07-15,Este,Accesorios,450.303310437655,96.13093890638295,10,209,44
2021-07-15,Oeste,Ropa Casual,607.34,156.4,0,269,64
2021-07-15,Oeste,Ropa Formal,915.36,209.15,0,464,93
2021-07-15,Oeste,Deportivo,440.23,101.32,0,229,46
2021-07-15,Oeste,Accesorios,416.9513972002845,64.0,0,229,45
2021-07-15,Centro,Ropa Casual,885.79,223.71,0,460,95
2021-07-15,Centro,Ropa Formal,1185.7,269.24,0,588,113
2021-07-15,Centro,Deportivo,731.08,183.02,0,373,75
2021-07-15,Centro,Accesorios,606.5519263811765,136.87,0,357,62
2021-07-16,Norte,Ropa Casual,870.282,228.22,5,394,90
2021-07-16,Norte,Ropa Formal,836.45,247.7,0,384,90
2021-07-16,Norte,Deportivo,537.8423849741918,176.96,5,260,52
2021-07-16,Norte,Accesorios,554.001,81.27,5,268,52
2021-07-16,Sur,Ropa Casual,520.5366475576686,122.81,0,281,55
2021-07-16,Sur,Ropa Formal,641.22,99.96,0,351,66
2021-07-16,Sur,Deportivo,394.07,74.42,0,200,32
2021-07-16,Sur,Accesorios,236.83800000000002,75.47,5,130,21
2021-07-16,Este,Ropa Casual,417.19,160.41,0,201,40
2021-07-16,Este,Ropa Formal,790.0725000000001,181.26,5,375,74
2021-07-16,Este,Deportivo,355.93,157.93,0,195,32
2021-07-16,Este,Accesorios,377.03,93.39,0,217,39
2021-07-16,Oeste,Ropa Casual,761.9535,166.37,5,360,79
2021-07-16,Oeste,Ropa Formal,811.42,119.37,0,381,83
2021-07-16,Oeste,Deportivo,514.017,175.65,5,237,41
2021-07-16,Oeste,Accesorios,423.29,89.81,0,190,45
2021-07-16,Centro,Ropa Casual,940.92,249.65,0,445,98
2021-07-16,Centro,Ropa Formal,1166.2200000000003,323.16,10,552,107
2021-07-16,Centro,Deportivo,771.1935000000001,179.01,5,345,76
2021-07-16,Centro,Accesorios,464.40309850286667,130.5,5,216,43
2021-07-17,Norte,Ropa Casual,689.03,142.55,0,341,73
2021-07-17,Norte,Ropa Formal,789.855,197.54,10,352,81
2021-07-17,Norte,Deportivo,638.583,154.34,10,251,55
2021-07-17,Norte,Accesorios,498.34099999999995,95.15,15,217,41
2021-07-17,Sur,Ropa Casual,499.3,128.18,0,234,54
2021-07-17,Sur,Ropa Formal,575.43,97.53,0,293,62
2021-07-17,Sur,Deportivo,589.332,36.48,20,241,47
2021-07-17,Sur,Accesorios,327.822,65.31,10,151,27
2021-07-17,Este,Ropa Casual,761.6840000000001,151.41,10,301,72
2021-07-17,Este,Ropa Formal,674.014,152.5184381768957,10,272,59
2021-07-17,Este,Deportivo,469.38931951531174,92.41591123102627,10,235,49
2021-07-17,Este,Accesorios,356.3281499649557,84.1,0,212,43
2021-07-17,Oeste,Ropa Casual,798.51,183.44,0,385,81
2021-07-17,Oeste,Ropa Formal,944.7350000000001,183.94,10,414,85
2021-07-17,Oeste,Deportivo,481.57,131.66,0,258,43
2021-07-17,Oeste,Accesorios,417.95,83.0179946859408,0,207,39
2021-07-17,Centro,Ropa Casual,966.59,229.39,0,465,99
2021-07-17,Centro,Ropa Formal,1017.2030000000001,279.79,10,477,96
2021-07-17,Centro,Deportivo,815.09,194.16,0,419,74
2021-07-17,Centro,Accesorios,588.654,147.44,10,294,50
2021-07-18,Norte,Ropa Casual,754.19,223.38,0,403,79
2021-07-18,Norte,Ropa Formal,1019.976,160.63,20,405,81
2021-07-18,Norte,Deportivo,729.84,112.1,20,272,65
2021-07-18,Norte,Accesorios,570.394,136.26,10,267,46
2021-07-18,Sur,Ropa Casual,543.8290000000001,115.73,10,236,51
2021-07-18,Sur,Ropa Formal,763.9720000000001,74.72355170779298,10,358,76
2021-07-18,Sur,Deportivo,534.2040000000001,98.08,10,231,46
2021-07-18,Sur,Accesorios,410.66,52.405798816479475,0,175,43
2021-07-18,Este,Ropa Casual,766.429,107.71741135922802,15,350,57
2021-07-18,Este,Ropa Formal,764.97,168.83,0,385,77
2021-07-18,Este,Deportivo,564.883,130.0,10,208,53
2021-07-18,Este,Accesorios,615.2280000000001,82.12,20,277,52
2021-07-18,Oeste,Ropa Casual,676.22,192.32,0,322,77
2021-07-18,Oeste,Ropa Formal,853.8184712249422,164.57,20,391,76
2021-07-18,Oeste,Deportivo,628.133,138.55030194207689,10,273,65
2021-07-18,Oeste,Accesorios,566.3460000000001,81.24,10,248,53
2021-07-18,Centro,Ropa Casual,1177.33,224.64,0,573,118
2021-07-18,Centro,Ropa Formal,1595.3259999999998,356.26,15,674,142
2021-07-18,Centro,Deportivo,844.6460000000001,216.62,10,388,75
2021-07-18,Centro,Accesorios,583.596872662891,151.41,15,252,55
2021-07-19,Norte,Ropa Casual,854.85,216.79,0,404,83
2021-07-19,Norte,Ropa Formal,908.2590000000001,175.03,10,397,88
2021-07-19,Norte,Deportivo,596.86,156.86,0,249,55
2021-07-19,Norte,Accesorios,404.62,85.35,0,234,41
2021-07-19,Sur,Ropa Casual,663.65,90.67,0,329,68
2021-07-19,Sur,Ropa Formal,801.45,185.69,0,362,83
2021-07-19,Sur,Deportivo,636.3170000000001,63.93,10,295,57
2021-07-19,Sur,Accesorios,247.97,75.98,0,122,25
2021-07-19,Este,Ropa Casual,516.63,150.36,0,252,59
2021-07-19,Este,Ropa Formal,701.5,158.3,0,353,66
2021-07-19,Este,Deportivo,457.84,125.56,0,193,41
2021-07-19,Este,Accesorios,262.39,104.73,0,121,28
2021-07-19,Oeste,Ropa Casual,682.27,230.36,0,348,76
2021-07-19,Oeste,Ropa Formal,1105.461,165.79690343237849,5,527,106
2021-07-19,Oeste,Deportivo,418.26,130.66,0,242,42
2021-07-19,Oeste,Accesorios,507.13,79.0,0,218,48
2021-07-19,Centro,Ropa Casual,827.9775,206.27,5,405,88
2021-07-19,Centro,Ropa Formal,993.94,282.75,0,502,100
2021-07-19,Centro,Deportivo,765.24,197.61,5,348,67
2021-07-19,Centro,Accesorios,631.8480000000001,122.93615096990946,5,332,65
2021-07-20,Norte,Ropa Casual,735.378,136.96,5,374,72
2021-07-20,Norte,Ropa Formal,994.58,192.6,0,486,109
2021-07-20,Norte,Deportivo,649.1,189.69,0,317,62
2021-07-20,Norte,Accesorios,472.35,83.01,0,245,50
2021-07-20,Sur,Ropa Casual,505.008,133.58,5,263,49
2021-07-20,Sur,Ropa Formal,605.4929999999999,136.3,5,291,59
2021-07-20,Sur,Deportivo,279.1571840849941,104.04,0,132,34
2021-07-20,Sur,Accesorios,310.39,90.97,0,170,34
2021-07-20,Este,Ropa Casual,758.6590000000001,145.11596966535578,10,364,75
2021-07-20,Este,Ropa Formal,726.87,164.43,0,359,67
2021-07-20,Este,Deportivo,594.09,108.48,5,281,58
2021-07-20,Este,Accesorios,430.92,77.14,0,218,50
2021-07-20,Oeste,Ropa Casual,605.05,184.99,0,315,60
2021-07-20,Oeste,Ropa Formal,792.5079414667559,187.17,5,430,86
2021-07-20,Oeste,Deportivo,423.6,141.07,0,219,45
2021-07-20,Oeste,Accesorios,434.02,72.08,0,219,37
2021-07-20,Centro,Ropa Casual,893.29,234.58,0,435,89
2021-07-20,Centro,Ropa Formal,954.4,269.78,0,487,92
2021-07-20,Centro,Deportivo,606.6249444446939,189.65,0,351,63
2021-07-20,Centro,Accesorios,504.58,127.18452420261933,0,243,50
2021-07-21,Norte,Ropa Casual,599.87,232.15,0,323,64
2021-07-21,Norte,Ropa Formal,704.02,241.96416639024815,0,382,66
2021-07-21,Norte,Deportivo,550.4415,150.45,5,241,59
2021-07-21,Norte,Accesorios,519.3651640011112,101.95,5,220,54
2021-07-21,Sur,Ropa Casual,517.58,122.48,0,277,49
2021-07-21,Sur,Ropa Formal,643.907,162.95,10,304,55
2021-07-21,Sur,Deportivo,536.05,117.98,0,274,57
2021-07-21,Sur,Accesorios,337.79,75.61,0,197,27
2021-07-21,Este,Ropa Casual,531.26,129.3,0,263,45
2021-07-21,Este,Ropa Formal,986.1610000000001,164.69,10,451,91
2021-07-21,Este,Deportivo,601.38,119.21,0,292,52
2021-07-21,Este,Accesorios,331.92600000000004,99.46,5,180,29
2021-07-21,Oeste,Ropa Casual,701.46,139.41,0,342,76
2021-07-21,Oeste,Ropa Formal,867.53,197.64,0,406,91
2021-07-21,Oeste,Deportivo,490.57,126.97,0,269,47
2021-07-21,Oeste,Accesorios,584.871,84.51,5,300,50
2021-07-21,Centro,Ropa Casual,913.56,255.16,0,443,83
2021-07-21,Centro,Ropa Formal,1452.0870000000002,234.53411103953482,5,709,136
2021-07-21,Centro,Deportivo,699.86,179.1121511400925,0,344,71
2021-07-21,Centro,Accesorios,461.3463798188691,165.42,0,277,51
2021-07-22,Norte,Ropa Casual,999.7240000000002,143.13,10,442,93
2021-07-22,Norte,Ropa Formal,926.919,283.11,5,419,88
2021-07-22,Norte,Deportivo,562.33,213.64,0,241,45
2021-07-22,Norte,Accesorios,665.412,148.37,10,276,64
2021-07-22,Sur,Ropa Casual,791.1855,123.44190968808923,5,352,76
2021-07-22,Sur,Ropa Formal,625.86,133.44,0,326,61
2021-07-22,Sur,Deportivo,344.49800000000005,92.15,10,156,30
2021-07-22,Sur,Accesorios,306.33,82.71,0,152,20
2021-07-22,Este,Ropa Casual,653.919,112.56,5,301,58
2021-07-22,Este,Ropa Formal,585.4905,225.83,5,267,57
2021-07-22,Este,Deportivo,440.36,129.01,0,211,41
2021-07-22,Este,Accesorios,448.52,128.13,0,223,45
2021-07-22,Oeste,Ropa Casual,705.81,160.81,0,351,73
2021-07-22,Oeste,Ropa Formal,848.085,87.73,5,422,79
2021-07-22,Oeste,Deportivo,533.8,116.39,0,236,56
2021-07-22,Oeste,Accesorios,387.723,46.81,5,199,41
2021-07-22,Centro,Ropa Casual,901.24,263.82,0,440,80
2021-07-22,Centro,Ropa Formal,1245.8775,311.1,5,606,110
2021-07-22,Centro,Deportivo,746.7600000000001,187.13,5,363,66
2021-07-22,Centro,Accesorios,634.82,155.68,0,326,66
2021-07-23,Norte,Ropa Casual,679.518,238.36,5,339,71
2021-07-23,Norte,Ropa Formal,852.8,271.09,0,393,87
2021-07-23,Norte,Deportivo,524.306205086755,146.02,0,290,64
2021-07-23,Norte,Accesorios,440.0,105.44,0,170,41
2021-07-23,Sur,Ropa Casual,676.3130000000001,131.04,10,309,54
2021-07-23,Sur,Ropa Formal,635.05,119.41,0,376,72
2021-07-23,Sur,Deportivo,427.66,97.94,0,203,40
2021-07-23,Sur,Accesorios,383.754,89.9,5,189,37
2021-07-23,Este,Ropa Casual,469.75,161.39220477768575,0,245,42
2021-07-23,Este,Ropa Formal,654.47,206.78,0,313,59
2021-07-23,Este,Deportivo,482.45400000000006,77.01325935918855,5,225,47
2021-07-23,Este,Accesorios,350.35,116.2,10,135,32
2021-07-23,Oeste,Ropa Casual,714.1365000000001,154.83,5,379,65
2021-07-23,Oeste,Ropa Formal,1071.66,197.10796589423362,0,514,110
2021-07-23,Oeste,Deportivo,504.44,87.47,0,239,56
2021-07-23,Oeste,Accesorios,374.35,83.37,0,182,46
2021-07-23,Centro,Ropa Casual,926.4254999999999,293.79,5,441,93
2021-07-23,Centro,Ropa Formal,1064.475584472667,346.59,0,598,115
2021-07-23,Centro,Deportivo,769.26,180.5,0,402,75
2021-07-23,Centro,Accesorios,587.29,165.66,0,243,55
2021-07-24,Norte,Ropa Casual,725.0540000000001,175.46,10,350,59
2021-07-24,Norte,Ropa Formal,799.63,155.14,0,399,81
2021-07-24,Norte,Deportivo,680.2479999999999,136.89,15,310,64
2021-07-24,Norte,Accesorios,534.704,94.22,15,251,47
2021-07-24,Sur,Ropa Casual,501.53799999999995,93.43,15,236,41
2021-07-24,Sur,Ropa Formal,828.06,132.65,20,400,73
2021-07-24,Sur,Deportivo,379.684,75.76,15,164,28
2021-07-24,Sur,Accesorios,296.89,75.51,10,166,29
2021-07-24,Este,Ropa Casual,617.243,123.45,10,274,55
2021-07-24,Este,Ropa Formal,780.48,182.78,0,387,78
2021-07-24,Este,Deportivo,439.04,137.75,0,242,40
2021-07-24,Este,Accesorios,368.48,85.55,0,185,38
2021-07-24,Oeste,Ropa Casual,697.532433523868,198.55,0,361,77
2021-07-24,Oeste,Ropa Formal,1070.5200000000002,120.86,10,499,101
2021-07-24,Oeste,Deportivo,671.508,136.31,20,278,47
2021-07-24,Oeste,Accesorios,441.96,71.61,0,219,53
2021-07-24,Centro,Ropa Casual,1198.3345,252.92,15,527,104
2021-07-24,Centro,Ropa Formal,1225.884,289.23,20,511,100
2021-07-24,Centro,Deportivo,839.5420000000001,148.42,10,388,68
2021-07-24,Centro,Accesorios,521.26,162.74,0,276,49
2021-07-25,Norte,Ropa Casual,800.76,195.81,0,402,73
2021-07-25,Norte,Ropa Formal,1049.916,211.16805825963056,20,424,82
2021-07-25,Norte,Deportivo,438.18500000000006,142.94,10,200,41
2021-07-25,Norte,Accesorios,456.02700000000004,114.87,10,227,40
2021-07-25,Sur,Ropa Casual,687.66,88.38,0,329,61
2021-07-25,Sur,Ropa Formal,508.38,110.85,0,256,47
2021-07-25,Sur,Deportivo,127.18200000000002,120.03,10,76,20
2021-07-25,Sur,Accesorios,220.62749999999997,71.24,15,81,26
2021-07-25,Este,Ropa Casual,590.1239999999999,159.17,20,269,44
2021-07-25,Este,Ropa Formal,951.012,207.52,20,404,79
2021-07-25,Este,Deportivo,458.73,122.85,0,214,39
2021-07-25,Este,Accesorios,507.19,95.44,0,255,47
2021-07-25,Oeste,Ropa Casual,784.806,189.64,15,352,62
2021-07-25,Oeste,Ropa Formal,658.097,160.29792682380594,10,316,59
2021-07-25,Oeste,Deportivo,567.391,114.56,10,276,58
2021-07-25,Oeste,Accesorios,319.73332198161825,100.93,10,176,34
2021-07-25,Centro,Ropa Casual,1058.8490000000002,258.87,10,447,91
2021-07-25,Centro,Ropa Formal,1330.835,341.9848496200862,10,569,119
2021-07-25,Centro,Deportivo,822.7450000000001,205.2,10,405,72
2021-07-25,Centro,Accesorios,597.99,116.98,0,314,58
2021-07-26,Norte,Ropa Casual,711.4975945344695,219.2,5,382,71
2021-07-26,Norte,Ropa Formal,854.5799999999999,175.21,20,376,75
2021-07-26,Norte,Deportivo,856.8359999999999,156.68,20,404,70
2021-07-26,Norte,Accesorios,702.3960000000001,136.21,20,269,55
2021-07-26,Sur,Ropa Casual,425.689,111.46,10,198,42
2021-07-26,Sur,Ropa Formal,793.871,149.8,30,297,61
2021-07-26,Sur,Deportivo,485.35200000000003,97.67,5,247,47
2021-07-26,Sur,Accesorios,228.26399999999998,64.44,20,50,20
2021-07-26,Este,Ropa Casual,948.311,138.03,30,366,78
2021-07-26,Este,Ropa Formal,604.4955000000001,160.16,5,301,57
2021-07-26,Este,Deportivo,698.04,128.33397583484603,5,330,60
2021-07-26,Este,Accesorios,450.74399999999997,100.4,20,193,32
2021-07-26,Oeste,Ropa Casual,818.6745000000001,168.44,5,378,74
2021-07-26,Oeste,Ropa Formal,897.3140000000001,172.13,10,423,81
2021-07-26,Oeste,Deportivo,604.383,149.49,30,214,55
2021-07-26,Oeste,Accesorios,368.65500000000003,115.5060956191961,5,191,37
2021-07-26,Centro,Ropa Casual,1122.7450000000001,267.81,30,466,79
2021-07-26,Centro,Ropa Formal,1352.484,343.72,20,561,118
2021-07-26,Centro,Deportivo,830.83,231.95,10,417,77
2021-07-26,Centro,Accesorios,573.529,171.08,10,247,49
2021-07-27,Norte,Ropa Casual,686.49,217.6969435306782,5,348,62
2021-07-27,Norte,Ropa Formal,970.6510000000001,273.25,10,412,90
2021-07-27,Norte,Deportivo,623.9420000000001,147.95,10,308,50
2021-07-27,Norte,Accesorios,382.3575,138.06,5,196,29
2021-07-27,Sur,Ropa Casual,722.6450000000001,139.72,10,342,65
2021-07-27,Sur,Ropa Formal,744.9599999999999,153.0,20,317,62
2021-07-27,Sur,Deportivo,657.456,91.39,20,302,54
2021-07-27,Sur,Accesorios,313.115,64.36,10,142,31
2021-07-27,Este,Ropa Casual,815.073,182.11911660999755,5,418,73
2021-07-27,Este,Ropa Formal,701.0955,177.85,5,348,55
2021-07-27,Este,Deportivo,544.824,105.64,20,225,46
2021-07-27,Este,Accesorios,413.68600000000004,107.75,30,179,34
2021-07-27,Oeste,Ropa Casual,757.394,143.24,10,323,64
2021-07-27,Oeste,Ropa Formal,1064.343,198.01833158695717,5,482,102
2021-07-27,Oeste,Deportivo,625.097,104.13,10,243,52
2021-07-27,Oeste,Accesorios,493.935,134.51,30,215,34
2021-07-27,Centro,Ropa Casual,1056.858,194.53,10,473,85
2021-07-27,Centro,Ropa Formal,1345.9018048814644,259.08,20,601,114
2021-07-27,Centro,Deportivo,844.7040000000001,228.6,5,417,77
2021-07-27,Centro,Accesorios,642.1919999999999,127.49,20,237,65
2021-07-28,Norte,Ropa Casual,865.1039999999999,176.78566103646565,20,367,66
2021-07-28,Norte,Ropa Formal,1046.064,260.32,20,430,88
2021-07-28,Norte,Deportivo,690.932,153.2,10,309,61
2021-07-28,Norte,Accesorios,456.47800000000007,105.67,10,184,28
2021-07-28,Sur,Ropa Casual,676.7569690015772,134.77,5,342,70
2021-07-28,Sur,Ropa Formal,701.35,167.89,30,212,50
2021-07-28,Sur,Deportivo,578.904,117.09,20,238,51
2021-07-28,Sur,Accesorios,349.128,92.41,20,127,24
2021-07-28,Este,Ropa Casual,561.9705,173.77,5,289,47
2021-07-28,Este,Ropa Formal,970.884,210.95,20,389,81
2021-07-28,Este,Deportivo,525.432508716511,101.14,10,258,44
2021-07-28,Este,Accesorios,384.156,110.87150663805807,20,177,36
2021-07-28,Oeste,Ropa Casual,849.5960000000001,171.68,10,378,84
2021-07-28,Oeste,Ropa Formal,960.7,196.54,30,376,75
2021-07-28,Oeste,Deportivo,490.098,141.94,5,227,51
2021-07-28,Oeste,Accesorios,475.134,66.53,10,211,54
2021-07-28,Centro,Ropa Casual,1088.199,259.29,5,504,94
2021-07-28,Centro,Ropa Formal,1247.5980000000002,308.52,10,547,122
2021-07-28,Centro,Deportivo,989.0264999999999,185.38355924552133,5,492,99
2021-07-28,Centro,Accesorios,650.5590000000001,136.48,30,287,45
2021-07-29,Norte,Ropa Casual,877.332,171.35,20,395,65
2021-07-29,Norte,Ropa Formal,1092.182,172.67,30,437,84
2021-07-29,Norte,Deportivo,757.768,111.35,10,343,66
2021-07-29,Norte,Accesorios,564.2595,104.57,5,254,49
2021-07-29,Sur,Ropa Casual,674.9710000000001,69.65,10,283,53
2021-07-29,Sur,Ropa Formal,705.1800000000001,127.9017820211288,5,347,71
2021-07-29,Sur,Deportivo,537.46,121.16,10,212,50
2021-07-29,Sur,Accesorios,378.55649999999997,85.71,5,145,27
2021-07-29,Este,Ropa Casual,741.0794999999999,168.82,5,383,72
2021-07-29,Este,Ropa Formal,784.1350000000001,183.15822088553045,10,347,75
2021-07-29,Este,Deportivo,651.126,115.51,5,301,66
2021-07-29,Este,Accesorios,422.292,104.77,30,104,38
2021-07-29,Oeste,Ropa Casual,942.964,141.83,10,413,85
2021-07-29,Oeste,Ropa Formal,1124.9910000000002,207.67,5,547,112
2021-07-29,Oeste,Deportivo,604.188,172.28,30,243,38
2021-07-29,Oeste,Accesorios,495.57900000000006,80.84,5,197,43
2021-07-29,Centro,Ropa Casual,1169.301,271.16,5,522,118
2021-07-29,Centro,Ropa Formal,1221.3285,346.33,5,572,109
2021-07-29,Centro,Deportivo,829.3215000000001,191.86,5,370,81
2021-07-29,Centro,Accesorios,502.91850000000005,173.69,5,274,51
2021-07-30,Norte,Ropa Casual,932.6350000000001,227.54,10,468,86
2021-07-30,Norte,Ropa Formal,1117.6000000000001,269.16,10,499,99
2021-07-30,Norte,Deportivo,741.2159999999999,143.64,20,276,63
2021-07-30,Norte,Accesorios,471.922,136.18,10,228,50
2021-07-30,Sur,Ropa Casual,458.502,83.51,10,171,41
2021-07-30,Sur,Ropa Formal,469.848,110.75,20,228,44
2021-07-30,Sur,Deportivo,392.826,68.9,5,180,34
2021-07-30,Sur,Accesorios,427.245,59.18,30,171,28
2021-07-30,Este,Ropa Casual,753.7320000000001,162.33,5,346,70
2021-07-30,Este,Ropa Formal,951.0785318301309,178.73,20,439,95
2021-07-30,Este,Deportivo,529.1685,147.6,5,241,54
2021-07-30,Este,Accesorios,501.3225,120.59,5,256,51
2021-07-30,Oeste,Ropa Casual,832.74,183.38,20,330,73
2021-07-30,Oeste,Ropa Formal,827.0010000000001,122.25,5,388,69
2021-07-30,Oeste,Deportivo,816.6,121.71,20,311,81
2021-07-30,Oeste,Accesorios,350.91,87.98,5,163,40
2021-07-30,Centro,Ropa Casual,983.5670064664081,275.33,5,455,105
2021-07-30,Centro,Ropa Formal,1697.202,212.87,30,648,128
2021-07-30,Centro,Deportivo,1020.9100000000001,177.52,10,468,91
2021-07-30,Centro,Accesorios,487.092,128.04,20,218,42
2021-07-31,Norte,Ropa Casual,741.61,191.34,0,360,69
2021-07-31,Norte,Ropa Formal,862.8620000000001,241.73,10,377,62
2021-07-31,Norte,Deportivo,608.4540000000001,149.08,10,305,54
2021-07-31,Norte,Accesorios,410.83,122.96,0,172,39
2021-07-31,Sur,Ropa Casual,484.05,94.8,0,279,43
2021-07-31,Sur,Ropa Formal,834.9990000000001,129.25,10,379,78
2021-07-31,Sur,Deportivo,394.28400000000005,79.86,10,225,39
2021-07-31,Sur,Accesorios,368.89,87.72,0,187,43
2021-07-31,Este,Ropa Casual,795.7840000000001,85.74,10,356,66
2021-07-31,Este,Ropa Formal,627.34,137.51,0,307,61
2021-07-31,Este,Deportivo,581.2,117.28,0,256,54
2021-07-31,Este,Accesorios,421.96799999999996,81.8,20,154,36
2021-07-31,Oeste,Ropa Casual,602.44,144.74,0,300,67
2021-07-31,Oeste,Ropa Formal,704.33,233.37,10,302,58
2021-07-31,Oeste,Deportivo,513.645,138.39,10,256,38
2021-07-31,Oeste,Accesorios,407.0195,90.7423096545042,15,179,40
2021-07-31,Centro,Ropa Casual,994.73,269.62,0,507,97
2021-07-31,Centro,Ropa Formal,1049.422,340.38,10,467,100
2021-07-31,Centro,Deportivo,641.6,169.32,0,317,65
2021-07-31,Centro,Accesorios,628.22,153.77,0,307,68
2021-08-01,Norte,Ropa Casual,684.5520000000001,229.71,10,303,64
2021-08-01,Norte,Ropa Formal,1031.28,208.31,0,515,108
2021-08-01,Norte,Deportivo,708.15,119.93,0,379,66
2021-08-01,Norte,Accesorios,443.417,99.92,15,192,45
2021-08-01,Sur,Ropa Casual,796.3340000000002,126.26,10,367,66
2021-08-01,Sur,Ropa Formal,782.9199999999998,167.54,15,315,63
2021-08-01,Sur,Deportivo,460.943,120.35,15,209,37
2021-08-01,Sur,Accesorios,240.14100000000002,77.54,10,122,32
2021-08-01,Este,Ropa Casual,653.4934139649308,131.11,0,353,62
2021-08-01,Este,Ropa Formal,834.72,177.66843989001578,0,404,82
2021-08-01,Este,Deportivo,564.006,161.41,15,263,46
2021-08-01,Este,Accesorios,427.7,86.264046095349,0,245,43
2021-08-01,Oeste,Ropa Casual,777.9599999999999,162.67,20,303,60
2021-08-01,Oeste,Ropa Formal,1344.4879999999998,156.76,15,561,106
2021-08-01,Oeste,Deportivo,429.16799999999995,135.21229440209055,20,175,41
2021-08-01,Oeste,Accesorios,387.0,87.19,0,203,36
2021-08-01,Centro,Ropa Casual,1016.49,250.19,0,516,101
2021-08-01,Centro,Ropa Formal,1219.77,324.88,0,596,128
2021-08-01,Centro,Deportivo,1052.8980000000001,213.62,10,496,101
2021-08-01,Centro,Accesorios,629.9150000000001,134.89,10,265,51
2021-08-02,Norte,Ropa Casual,792.6600000000001,155.48,10,365,63
2021-08-02,Norte,Ropa Formal,905.9399999999999,252.38,5,408,79
2021-08-02,Norte,Deportivo,547.302,156.81,5,260,59
2021-08-02,Norte,Accesorios,437.86194514008247,89.36,0,249,42
2021-08-02,Sur,Ropa Casual,693.407,188.73,10,270,69
2021-08-02,Sur,Ropa Formal,620.13,151.59,0,294,63
2021-08-02,Sur,Deportivo,335.77,49.5,0,148,31
2021-08-02,Sur,Accesorios,409.99,83.88,0,218,34
2021-08-02,Este,Ropa Casual,518.03,159.48,0,265,51
2021-08-02,Este,Ropa Formal,871.7310000000001,210.77,5,424,84
2021-08-02,Este,Deportivo,536.7495,108.05,5,231,52
2021-08-02,Este,Accesorios,310.43,72.77,0,159,20
2021-08-02,Oeste,Ropa Casual,694.2470770284816,180.16,5,358,77
2021-08-02,Oeste,Ropa Formal,761.7134859040825,186.96,10,380,75
2021-08-02,Oeste,Deportivo,534.8208062332619,125.29,0,281,62
2021-08-02,Oeste,Accesorios,500.1260000000001,67.25,10,242,45
2021-08-02,Centro,Ropa Casual,1026.65,266.09,0,488,100
2021-08-02,Centro,Ropa Formal,1054.01,334.32,0,518,110
2021-08-02,Centro,Deportivo,790.8769004729357,191.13,0,441,85
2021-08-02,Centro,Accesorios,672.4095,163.24,5,274,63
2021-08-03,Norte,Ropa Casual,881.5,172.63,0,437,84
2021-08-03,Norte,Ropa Formal,870.03,229.18,0,413,90
2021-08-03,Norte,Deportivo,665.02,149.25,0,340,61
2021-08-03,Norte,Accesorios,423.27,112.78,0,205,34
2021-08-03,Sur,Ropa Casual,648.9315,110.39,5,310,67
2021-08-03,Sur,Ropa Formal,662.928,110.8,5,294,55
2021-08-03,Sur,Deportivo,365.42,85.09,0,163,44
2021-08-03,Sur,Accesorios,356.42,110.66,0,181,27
2021-08-03,Este,Ropa Casual,584.8290524847473,143.51,0,308,60
2021-08-03,Este,Ropa Formal,742.5075,110.15,5,362,71
2021-08-03,Este,Deportivo,599.7860000000001,134.39,10,284,47
2021-08-03,Este,Accesorios,444.87300000000005,108.65,10,199,35
2021-08-03,Oeste,Ropa Casual,646.9710754412382,168.24,5,334,70
2021-08-03,Oeste,Ropa Formal,780.8734257710506,213.36,0,423,86
2021-08-03,Oeste,Deportivo,625.0,102.78856276023996,0,312,65
2021-08-03,Oeste,Accesorios,456.995,133.21,10,179,38
2021-08-03,Centro,Ropa Casual,1052.77,235.09,0,539,94
2021-08-03,Centro,Ropa Formal,1307.8905,242.56,5,653,121
2021-08-03,Centro,Deportivo,760.32,173.39,0,398,69
2021-08-03,Centro,Accesorios,627.95,112.51,0,338,65
2021-08-04,Norte,Ropa Casual,664.0095,138.49,5,308,61
2021-08-04,Norte,Ropa Formal,1158.73,223.76,0,574,116
2021-08-04,Norte,Deportivo,498.07800000000003,127.65350046856781,5,229,50
2021-08-04,Norte,Accesorios,394.17888864079254,104.47,0,224,33
2021-08-04,Sur,Ropa Casual,526.98,129.26,0,256,50
2021-08-04,Sur,Ropa Formal,713.19,117.23,0,356,71
2021-08-04,Sur,Deportivo,272.46450000000004,110.68,5,89,24
2021-08-04,Sur,Accesorios,338.26,68.34,0,130,29
2021-08-04,Este,Ropa Casual,706.2,126.85,0,367,75
2021-08-04,Este,Ropa Formal,849.681,138.29,5,429,89
2021-08-04,Este,Deportivo,443.91,146.76,0,234,41
2021-08-04,Este,Accesorios,546.8505,87.77,5,266,54
2021-08-04,Oeste,Ropa Casual,722.4315,159.33,5,358,69
2021-08-04,Oeste,Ropa Formal,719.97,164.97,0,353,79
2021-08-04,Oeste,Deportivo,509.77500000000003,165.22677542279402,5,233,50
2021-08-04,Oeste,Accesorios,468.96,108.9,0,222,52
2021-08-04,Centro,Ropa Casual,828.46,212.5,0,434,86
2021-08-04,Centro,Ropa Formal,1421.4165,259.73,5,665,133
2021-08-04,Centro,Deportivo,837.7635,215.42,5,422,80
2021-08-04,Centro,Accesorios,579.705,162.3,5,271,50
2021-08-05,Norte,Ropa Casual,801.39,213.84,0,390,79
2021-08-05,Norte,Ropa Formal,752.02,247.28,0,335,81
2021-08-05,Norte,Deportivo,635.37,157.62,0,329,73
2021-08-05,Norte,Accesorios,388.84,94.81,0,201,36
2021-08-05,Sur,Ropa Casual,454.14,108.85,0,257,41
2021-08-05,Sur,Ropa Formal,573.28,56.7,0,297,55
2021-08-05,Sur,Deportivo,495.51,51.77,0,260,52
2021-08-05,Sur,Accesorios,402.20250000000004,50.4,5,232,44
2021-08-05,Este,Ropa Casual,596.715,159.73,5,233,50
2021-08-05,Este,Ropa Formal,652.0239254366429,174.16,0,374,65
2021-08-05,Este,Deportivo,592.13,101.88,10,284,51
2021-08-05,Este,Accesorios,477.19350000000003,65.85898072006071,5,223,39
2021-08-05,Oeste,Ropa Casual,594.72,132.25,5,246,52
2021-08-05,Oeste,Ropa Formal,657.62,194.44123810746768,0,278,68
2021-08-05,Oeste,Deportivo,526.33,126.35,0,270,54
2021-08-05,Oeste,Accesorios,463.533,71.36,5,234,43
2021-08-05,Centro,Ropa Casual,959.43,231.92255693111576,0,469,93
2021-08-05,Centro,Ropa Formal,1175.72,277.64,0,619,110
2021-08-05,Centro,Deportivo,660.51,170.48,0,362,66
2021-08-05,Centro,Accesorios,508.09499999999997,120.29701002231697,5,233,51
2021-08-06,Norte,Ropa Casual,765.6400322697313,170.34,0,407,74
2021-08-06,Norte,Ropa Formal,837.31,206.86,0,431,86
2021-08-06,Norte,Deportivo,595.0241996033656,130.63,0,304,62
2021-08-06,Norte,Accesorios,414.83,81.66,0,238,38
2021-08-06,Sur,Ropa Casual,426.29,138.51,0,258,43
2021-08-06,Sur,Ropa Formal,448.84,234.91,0,167,44
2021-08-06,Sur,Deportivo,532.8225,89.83194396178065,5,267,58
2021-08-06,Sur,Accesorios,382.19,104.79,0,173,37
2021-08-06,Este,Ropa Casual,654.81,140.80322714124122,0,314,69
2021-08-06,Este,Ropa Formal,708.918,143.9113443547822,5,333,74
2021-08-06,Este,Deportivo,542.31,122.75,0,219,52
2021-08-06,Este,Accesorios,372.77,84.87,0,191,42
2021-08-06,Oeste,Ropa Casual,692.47,202.07,0,357,70
2021-08-06,Oeste,Ropa Formal,826.9590000000001,170.4,5,370,81
2021-08-06,Oeste,Deportivo,441.0364054515018,122.22,10,225,41
2021-08-06,Oeste,Accesorios,365.64,100.93,0,189,31
2021-08-06,Centro,Ropa Casual,1046.914,248.95,10,450,91
2021-08-06,Centro,Ropa Formal,1205.8310000000001,282.76,10,533,101
2021-08-06,Centro,Deportivo,802.6,220.82,0,406,82
2021-08-06,Centro,Accesorios,682.5390000000001,127.34,10,345,61
2021-08-07,Norte,Ropa Casual,792.418,174.52,10,339,60
2021-08-07,Norte,Ropa Formal,922.49,291.68,0,464,88
2021-08-07,Norte,Deportivo,628.64,168.08,0,318,61
2021-08-07,Norte,Accesorios,504.48199999999997,122.55,15,220,30
2021-08-07,Sur,Ropa Casual,387.52,123.77,0,189,39
2021-08-07,Sur,Ropa Formal,497.233,167.65,10,234,41
2021-08-07,Sur,Deportivo,535.68,96.89,20,245,52
2021-08-07,Sur,Accesorios,405.63359735508607,74.45,20,178,31
2021-08-07,Este,Ropa Casual,677.4552042339624,138.09,15,322,71
2021-08-07,Este,Ropa Formal,901.536,158.41,20,361,69
2021-08-07,Este,Deportivo,705.432,134.57779710110142,20,300,46
2021-08-07,Este,Accesorios,501.9405,92.44,15,215,44
2021-08-07,Oeste,Ropa Casual,594.9603087977878,203.52,0,329,63
2021-08-07,Oeste,Ropa Formal,1073.9044999999999,182.18,15,460,86
2021-08-07,Oeste,Deportivo,683.716,136.79,10,322,65
2021-08-07,Oeste,Accesorios,473.9955,49.15,15,191,45
2021-08-07,Centro,Ropa Casual,1086.888,267.54,15,506,92
2021-08-07,Centro,Ropa Formal,1106.71,273.53,0,545,114
2021-08-07,Centro,Deportivo,1019.8679999999999,213.04,20,437,80
2021-08-07,Centro,Accesorios,637.626,122.29,10,285,61
2021-08-08,Norte,Ropa Casual,888.168,208.28,20,384,76
2021-08-08,Norte,Ropa Formal,919.73,176.22472863993903,0,477,84
2021-08-08,Norte,Deportivo,798.55,177.94,0,436,79
2021-08-08,Norte,Accesorios,520.21,116.98,0,234,49
2021-08-08,Sur,Ropa Casual,573.8,139.88,0,294,52
2021-08-08,Sur,Ropa Formal,837.6479999999999,149.05,20,353,58
2021-08-08,Sur,Deportivo,755.7479999999999,94.83,20,329,60
2021-08-08,Sur,Accesorios,331.683,85.89,15,137,38
2021-08-08,Este,Ropa Casual,739.904,150.87,10,346,63
2021-08-08,Este,Ropa Formal,841.99,198.82,0,454,89
2021-08-08,Este,Deportivo,526.0215,63.73,15,227,56
2021-08-08,Este,Accesorios,392.83,91.52,0,185,45
2021-08-08,Oeste,Ropa Casual,699.38,135.44,0,374,76
2021-08-08,Oeste,Ropa Formal,847.78,111.56,15,358,74
2021-08-08,Oeste,Deportivo,540.91,113.78,0,277,49
2021-08-08,Oeste,Accesorios,307.06,83.7,0,192,27
2021-08-08,Centro,Ropa Casual,1136.333,254.82,10,486,102
2021-08-08,Centro,Ropa Formal,1206.601,289.42272538162393,10,584,105
2021-08-08,Centro,Deportivo,846.101,182.44,15,311,79
2021-08-08,Centro,Accesorios,754.4879999999999,178.2,20,294,74
2021-08-09,Norte,Ropa Casual,928.032,192.56,5,446,88
2021-08-09,Norte,Ropa Formal,755.0024999999999,277.09,5,392,70
2021-08-09,Norte,Deportivo,720.03,137.37326347067673,0,357,67
2021-08-09,Norte,Accesorios,295.63188466610944,122.47,0,140,39
2021-08-09,Sur,Ropa Casual,695.4465000000001,137.0,5,352,56
2021-08-09,Sur,Ropa Formal,810.495,137.87,5,372,75
2021-08-09,Sur,Deportivo,394.9,69.63,0,171,45
2021-08-09,Sur,Accesorios,367.9515,74.81,5,180,29
2021-08-09,Este,Ropa Casual,758.51,147.01946156832318,0,416,68
2021-08-09,Este,Ropa Formal,997.05,194.7,0,478,100
2021-08-09,Este,Deportivo,609.61,94.51,0,327,55
2021-08-09,Este,Accesorios,348.87,98.35,0,165,31
2021-08-09,Oeste,Ropa Casual,646.294,158.91,10,303,55
2021-08-09,Oeste,Ropa Formal,1039.863,172.2614194120214,10,471,88
2021-08-09,Oeste,Deportivo,561.02,115.57,0,292,53
2021-08-09,Oeste,Accesorios,413.12,95.41,0,223,36
2021-08-09,Centro,Ropa Casual,1080.915,196.0,10,516,101
2021-08-09,Centro,Ropa Formal,943.895379831606,287.62,0,531,106
2021-08-09,Centro,Deportivo,800.8990000000001,187.65,10,358,75
2021-08-09,Centro,Accesorios,581.9,135.85,0,326,53
2021-08-10,Norte,Ropa Casual,661.2315032461883,151.57,5,317,74
2021-08-10,Norte,Ropa Formal,1038.07,230.36849832434527,0,529,106
2021-08-10,Norte,Deportivo,511.9661523523128,154.94,0,272,61
2021-08-10,Norte,Accesorios,495.348,81.56508782280626,5,238,44
2021-08-10,Sur,Ropa Casual,628.5417725723412,169.2,5,309,67
2021-08-10,Sur,Ropa Formal,716.81,94.8,0,387,77
2021-08-10,Sur,Deportivo,472.67,61.12,0,231,38
2021-08-10,Sur,Accesorios,328.7865,86.78,5,132,27
2021-08-10,Este,Ropa Casual,581.51,172.21,0,253,54
2021-08-10,Este,Ropa Formal,569.35,203.50811258247188,0,288,57
2021-08-10,Este,Deportivo,674.71,147.07,0,342,74
2021-08-10,Este,Accesorios,416.58750000000003,91.7,5,188,42
2021-08-10,Oeste,Ropa Casual,592.65,130.84,0,290,54
2021-08-10,Oeste,Ropa Formal,791.6790000000001,166.53,5,366,75
2021-08-10,Oeste,Deportivo,596.9355,117.72,5,282,63
2021-08-10,Oeste,Accesorios,400.2,100.97,0,206,38
2021-08-10,Centro,Ropa Casual,879.7572255637078,237.24,5,470,100
2021-08-10,Centro,Ropa Formal,1145.2035,275.0,5,583,109
2021-08-10,Centro,Deportivo,720.5110000000001,178.21098106042678,10,306,66
2021-08-10,Centro,Accesorios,482.86,133.56,0,230,42
2021-08-11,Norte,Ropa Casual,675.78,207.05,0,358,74
2021-08-11,Norte,Ropa Formal,1125.707,262.02,10,528,100
2021-08-11,Norte,Deportivo,610.52,139.72,0,313,65
2021-08-11,Norte,Accesorios,472.96,117.90615062728544,0,245,50
2021-08-11,Sur,Ropa Casual,385.52,80.0937897335561,0,184,41
2021-08-11,Sur,Ropa Formal,597.6254681161732,73.4,0,332,67
2021-08-11,Sur,Deportivo,447.76,107.92,0,221,35
2021-08-11,Sur,Accesorios,364.16,74.8,0,214,33
2021-08-11,Este,Ropa Casual,552.64,119.34,0,297,56
2021-08-11,Este,Ropa Formal,801.3705000000001,164.62,5,381,71
2021-08-11,Este,Deportivo,406.15,118.27,0,206,33
2021-08-11,Este,Accesorios,486.8745,110.41,5,229,44
2021-08-11,Oeste,Ropa Casual,747.1065,167.35,5,353,68
2021-08-11,Oeste,Ropa Formal,838.33,187.37,0,412,77
2021-08-11,Oeste,Deportivo,361.22,107.3,0,163,43
2021-08-11,Oeste,Accesorios,301.07,105.46,0,146,42
2021-08-11,Centro,Ropa Casual,1073.499,301.93,5,501,87
2021-08-11,Centro,Ropa Formal,1037.86,325.75,0,512,104
2021-08-11,Centro,Deportivo,1037.916,169.77,10,464,97
2021-08-11,Centro,Accesorios,544.32,150.84,0,263,55
2021-08-12,Norte,Ropa Casual,841.1235,205.12,5,390,81
2021-08-12,Norte,Ropa Formal,562.32,234.49732858730354,0,278,62
2021-08-12,Norte,Deportivo,591.8,145.24,0,302,63
2021-08-12,Norte,Accesorios,492.408,164.43,5,241,54
2021-08-12,Sur,Ropa Casual,548.9925000000001,139.9,5,254,58
2021-08-12,Sur,Ropa Formal,619.7310000000001,109.41,5,292,51
2021-08-12,Sur,Deportivo,649.8140000000001,125.93,10,317,62
2021-08-12,Sur,Accesorios,394.12,76.97,0,218,45
2021-08-12,Este,Ropa Casual,427.37,127.65350046856781,0,211,37
2021-08-12,Este,Ropa Formal,1063.356,108.26,5,508,103
2021-08-12,Este,Deportivo,561.0675,149.37,5,230,60
2021-08-12,Este,Accesorios,424.37850000000003,119.38,5,234,35
2021-08-12,Oeste,Ropa Casual,607.7925,135.29,5,236,63
2021-08-12,Oeste,Ropa Formal,580.29,273.21,0,306,63
2021-08-12,Oeste,Deportivo,546.64,131.98,0,260,55
2021-08-12,Oeste,Accesorios,337.87600000000003,103.15,10,172,30
2021-08-12,Centro,Ropa Casual,980.892,205.36,10,452,82
2021-08-12,Centro,Ropa Formal,1334.38,259.39904874786265,0,702,130
2021-08-12,Centro,Deportivo,768.663,197.98,5,359,73
2021-08-12,Centro,Accesorios,630.04,141.93428754735228,0,346,66
2021-08-13,Norte,Ropa Casual,895.5,182.29,0,456,94
2021-08-13,Norte,Ropa Formal,1016.576,150.42,10,462,84
2021-08-13,Norte,Deportivo,522.25,158.18,0,252,51
2021-08-13,Norte,Accesorios,426.57,97.85,0,210,45
2021-08-13,Sur,Ropa Casual,373.92,118.9,0,182,32
2021-08-13,Sur,Ropa Formal,583.24,152.05,0,256,63
2021-08-13,Sur,Deportivo,371.889,90.02,5,143,41
2021-08-13,Sur,Accesorios,360.4125,50.39,5,185,29
2021-08-13,Este,Ropa Casual,616.17,151.95,0,323,60
2021-08-13,Este,Ropa Formal,932.47,173.52,0,469,89
2021-08-13,Este,Deportivo,688.028,120.16827143950759,10,293,67
2021-08-13,Este,Accesorios,479.5455,112.88,5,234,41
2021-08-13,Oeste,Ropa Casual,751.751,180.96,10,352,72
2021-08-13,Oeste,Ropa Formal,708.414,234.61,5,314,67
2021-08-13,Oeste,Deportivo,550.2315,148.96,5,262,43
2021-08-13,Oeste,Accesorios,428.60400000000004,103.98,10,196,35
2021-08-13,Centro,Ropa Casual,971.2710000000001,239.57,5,462,89
2021-08-13,Centro,Ropa Formal,1209.06,352.21,0,621,120
2021-08-13,Centro,Deportivo,900.97,220.11,0,438,86
2021-08-13,Centro,Accesorios,480.74,155.93,0,260,52
2021-08-14,Norte,Ropa Casual,881.969,167.55,10,376,87
2021-08-14,Norte,Ropa Formal,1112.616,265.30263233097895,20,492,96
2021-08-14,Norte,Deportivo,653.74,102.66901979048839,0,318,64
2021-08-14,Norte,Accesorios,515.9,106.31,0,267,56
2021-08-14,Sur,Ropa Casual,454.368,121.45,20,192,36
2021-08-14,Sur,Ropa Formal,526.29,217.79,0,283,51
2021-08-14,Sur,Deportivo,358.13,58.57,0,175,37
2021-08-14,Sur,Accesorios,409.59600000000006,68.36,10,160,38
2021-08-14,Este,Ropa Casual,813.34,157.09,10,386,64
2021-08-14,Este,Ropa Formal,879.6590000000001,171.3,10,402,87
2021-08-14,Este,Deportivo,552.52,123.35,0,237,57
2021-08-14,Este,Accesorios,548.16,118.79,0,297,61
2021-08-14,Oeste,Ropa Casual,665.05,167.46,0,314,68
2021-08-14,Oeste,Ropa Formal,776.43,201.38,0,396,80
2021-08-14,Oeste,Deportivo,715.5875,138.58,15,319,62
2021-08-14,Oeste,Accesorios,509.795,126.64,10,225,49
2021-08-14,Centro,Ropa Casual,1090.4185,231.12,15,453,97
2021-08-14,Centro,Ropa Formal,1297.461,355.96,10,608,116
2021-08-14,Centro,Deportivo,734.59,195.04,0,386,79
2021-08-14,Centro,Accesorios,640.849,137.84223973662526,10,269,65
2021-08-15,Norte,Ropa Casual,787.76,147.11,0,380,86
2021-08-15,Norte,Ropa Formal,1121.9859999999999,182.9191349460273,15,510,90
2021-08-15,Norte,Deportivo,622.0372322016309,184.63,10,312,69
2021-08-15,Norte,Accesorios,495.8579111774754,143.7642145458572,15,220,42
2021-08-15,Sur,Ropa Casual,613.03,113.46,10,282,43
2021-08-15,Sur,Ropa Formal,756.9415,108.71,15,298,59
2021-08-15,Sur,Deportivo,478.42,90.46,0,206,45
2021-08-15,Sur,Accesorios,255.4265,42.98,15,123,20
2021-08-15,Este,Ropa Casual,911.955,179.9397563152957,10,391,79
2021-08-15,Este,Ropa Formal,848.59,193.07,0,420,87
2021-08-15,Este,Deportivo,539.419,72.03,15,231,55
2021-08-15,Este,Accesorios,363.87,94.85,0,196,26
2021-08-15,Oeste,Ropa Casual,994.7959999999999,177.58,15,447,82
2021-08-15,Oeste,Ropa Formal,948.365,177.4,10,467,83
2021-08-15,Oeste,Deportivo,636.16,138.87,0,320,55
2021-08-15,Oeste,Accesorios,391.96599999999995,131.2,15,159,34
2021-08-15,Centro,Ropa Casual,1051.182,207.78,10,484,85
2021-08-15,Centro,Ropa Formal,1326.9959999999999,323.82,20,575,105
2021-08-15,Centro,Deportivo,997.68,220.18,20,404,78
2021-08-15,Centro,Accesorios,737.748,165.81,10,333,69
2021-08-16,Norte,Ropa Casual,913.9350000000001,157.44,10,417,78
2021-08-16,Norte,Ropa Formal,773.0,260.04,0,402,79
2021-08-16,Norte,Deportivo,732.19,143.09,0,354,70
2021-08-16,Norte,Accesorios,431.72,102.16326107230863,0,241,49
2021-08-16,Sur,Ropa Casual,519.99,108.12,0,244,43
2021-08-16,Sur,Ropa Formal,563.55,117.83258572282293,0,279,58
2021-08-16,Sur,Deportivo,569.61,100.72,0,297,54
2021-08-16,Sur,Accesorios,303.29,89.43,0,135,35
2021-08-16,Este,Ropa Casual,622.91,141.66,0,310,58
2021-08-16,Este,Ropa Formal,799.48,250.57,0,434,77
2021-08-16,Este,Deportivo,473.74800000000005,114.01,10,182,46
2021-08-16,Este,Accesorios,340.28,120.85,0,183,27
2021-08-16,Oeste,Ropa Casual,660.8175,145.33,5,325,67
2021-08-16,Oeste,Ropa Formal,908.21,204.14,0,447,84
2021-08-16,Oeste,Deportivo,457.59,86.37,0,229,39
2021-08-16,Oeste,Accesorios,368.4582757667852,110.18,0,181,45
2021-08-16,Centro,Ropa Casual,950.3655000000001,218.75,5,459,96
2021-08-16,Centro,Ropa Formal,1038.67,263.7,0,523,106
2021-08-16,Centro,Deportivo,863.73,201.17,5,422,78
2021-08-16,Centro,Accesorios,533.673,150.64,5,244,51
2021-08-17,Norte,Ropa Casual,883.51,230.72,0,462,79
2021-08-17,Norte,Ropa Formal,958.902,189.34,5,424,87
2021-08-17,Norte,Deportivo,580.5870000000001,130.99,5,285,52
2021-08-17,Norte,Accesorios,381.09,134.53,0,169,37
2021-08-17,Sur,Ropa Casual,582.4665,145.84,5,268,53
2021-08-17,Sur,Ropa Formal,672.3,150.65,0,334,67
2021-08-17,Sur,Deportivo,450.786,127.15,5,179,37
2021-08-17,Sur,Accesorios,384.52049999999997,59.0,5,155,31
2021-08-17,Este,Ropa Casual,685.02,228.07,0,342,75
2021-08-17,Este,Ropa Formal,690.1965000000001,175.85,5,311,66
2021-08-17,Este,Deportivo,472.93050000000005,171.13,5,228,48
2021-08-17,Este,Accesorios,488.13,101.28,0,261,49
2021-08-17,Oeste,Ropa Casual,822.3285,179.64,5,412,80
2021-08-17,Oeste,Ropa Formal,803.9325,205.16,5,371,73
2021-08-17,Oeste,Deportivo,424.2,108.73,0,201,38
2021-08-17,Oeste,Accesorios,433.7865,90.91,5,211,42
2021-08-17,Centro,Ropa Casual,1143.94,236.06,0,575,112
2021-08-17,Centro,Ropa Formal,1383.6375,324.06,5,662,130
2021-08-17,Centro,Deportivo,926.5620000000001,214.37,5,432,87
2021-08-17,Centro,Accesorios,578.2829830904117,123.22,10,295,60
2021-08-18,Norte,Ropa Casual,709.821,184.03180412602273,5,333,70
2021-08-18,Norte,Ropa Formal,852.117,242.73,5,426,86
2021-08-18,Norte,Deportivo,603.8655,187.48935463576063,5,291,58
2021-08-18,Norte,Accesorios,492.54,144.62,0,253,47
2021-08-18,Sur,Ropa Casual,586.91,144.41710307296194,0,283,45
2021-08-18,Sur,Ropa Formal,412.98400000000004,155.82,10,184,43
2021-08-18,Sur,Deportivo,432.41,96.78,0,186,44
2021-08-18,Sur,Accesorios,376.026,75.22,5,160,30
2021-08-18,Este,Ropa Casual,640.5,135.49735840688277,0,357,64
2021-08-18,Este,Ropa Formal,637.28,154.98,0,290,58
2021-08-18,Este,Deportivo,543.2817743433417,133.58,0,285,61
2021-08-18,Este,Accesorios,392.4,86.61347939154591,0,201,39
2021-08-18,Oeste,Ropa Casual,640.47,200.97,0,342,66
2021-08-18,Oeste,Ropa Formal,930.8565,254.25,5,431,90
2021-08-18,Oeste,Deportivo,633.4335,98.28271236191131,5,307,60
2021-08-18,Oeste,Accesorios,390.41,73.04,0,191,40
2021-08-18,Centro,Ropa Casual,850.89,249.91,0,416,89
2021-08-18,Centro,Ropa Formal,1191.58,300.66,0,603,113
2021-08-18,Centro,Deportivo,725.26,240.52,0,367,74
2021-08-18,Centro,Accesorios,590.54,120.36,0,301,48
2021-08-19,Norte,Ropa Casual,639.24,191.36,5,317,52
2021-08-19,Norte,Ropa Formal,842.17,167.97,0,399,93
2021-08-19,Norte,Deportivo,496.9,148.09,0,283,44
2021-08-19,Norte,Accesorios,436.466843764003,124.51,5,232,46
2021-08-19,Sur,Ropa Casual,656.9530000000001,105.42,10,266,55
2021-08-19,Sur,Ropa Formal,665.34,161.55,0,319,71
2021-08-19,Sur,Deportivo,407.7602484550306,59.87263661942408,0,219,51
2021-08-19,Sur,Accesorios,290.17,89.3,0,135,22
2021-08-19,Este,Ropa Casual,652.407,172.27,5,316,59
2021-08-19,Este,Ropa Formal,933.3135000000001,144.22,5,437,78
2021-08-19,Este,Deportivo,573.63,123.49,0,277,51
2021-08-19,Este,Accesorios,515.7570000000001,113.83,10,227,50
2021-08-19,Oeste,Ropa Casual,940.907,154.72,10,414,75
2021-08-19,Oeste,Ropa Formal,797.99,223.92,0,383,74
2021-08-19,Oeste,Deportivo,669.339,125.03,10,302,68
2021-08-19,Oeste,Accesorios,535.8465,74.44,5,268,50
2021-08-19,Centro,Ropa Casual,1207.0905,233.66,5,565,112
2021-08-19,Centro,Ropa Formal,1076.49,333.67,0,547,100
2021-08-19,Centro,Deportivo,751.7370000000001,232.49,5,338,77
2021-08-19,Centro,Accesorios,548.0279484719731,133.74,0,301,55
2021-08-20,Norte,Ropa Casual,912.7,207.16,0,488,91
2021-08-20,Norte,Ropa Formal,814.84,228.34,0,420,75
2021-08-20,Norte,Deportivo,619.3848510443611,110.30137862847364,0,333,68
2021-08-20,Norte,Accesorios,425.01,116.91,0,215,36
2021-08-20,Sur,Ropa Casual,451.62,98.43,0,206,43
2021-08-20,Sur,Ropa Formal,392.889,156.1690965608477,5,192,33
2021-08-20,Sur,Deportivo,271.58,63.48,0,159,21
2021-08-20,Sur,Accesorios,330.24,76.74658658051196,0,169,32
2021-08-20,Este,Ropa Casual,705.4001298678688,195.73,0,396,81
2021-08-20,Este,Ropa Formal,877.69,133.69,0,439,82
2021-08-20,Este,Deportivo,429.13,95.98,0,223,37
2021-08-20,Este,Accesorios,372.93,90.4,0,185,35
2021-08-20,Oeste,Ropa Casual,592.2315,154.76,5,274,56
2021-08-20,Oeste,Ropa Formal,651.4515,181.84,5,288,61
2021-08-20,Oeste,Deportivo,578.46,108.75651563476096,0,289,52
2021-08-20,Oeste,Accesorios,344.76391415538603,113.85,0,183,38
2021-08-20,Centro,Ropa Casual,1089.921,258.2,5,515,101
2021-08-20,Centro,Ropa Formal,1299.36,322.03,0,667,128
2021-08-20,Centro,Deportivo,796.74,171.85,5,385,87
2021-08-20,Centro,Accesorios,542.98,156.15,0,233,55
2021-08-21,Norte,Ropa Casual,1090.7820000000002,227.27,10,489,104
2021-08-21,Norte,Ropa Formal,1003.605,227.33,15,451,84
2021-08-21,Norte,Deportivo,549.13,143.56,0,273,54
2021-08-21,Norte,Accesorios,400.9170000000001,114.56,10,177,30
2021-08-21,Sur,Ropa Casual,477.59,124.69,0,217,43
2021-08-21,Sur,Ropa Formal,909.2380000000002,206.98,10,403,78
2021-08-21,Sur,Deportivo,494.4940000000001,61.57,10,246,41
2021-08-21,Sur,Accesorios,312.27087589013905,65.03,0,141,28
2021-08-21,Este,Ropa Casual,779.966,123.65,10,348,69
2021-08-21,Este,Ropa Formal,720.5605053056709,199.56,0,380,74
2021-08-21,Este,Deportivo,396.14300000000003,130.15,10,170,31
2021-08-21,Este,Accesorios,433.86,81.86,0,179,42
2021-08-21,Oeste,Ropa Casual,777.16,178.23,0,404,72
2021-08-21,Oeste,Ropa Formal,895.48,142.86304446619147,0,453,101
2021-08-21,Oeste,Deportivo,582.2086167302663,111.67,10,277,52
2021-08-21,Oeste,Accesorios,434.628,98.04,20,166,37
2021-08-21,Centro,Ropa Casual,1031.6570000000002,283.91,10,488,89
2021-08-21,Centro,Ropa Formal,1237.52,367.79,0,605,116
2021-08-21,Centro,Deportivo,835.7470000000001,182.16,10,370,80
2021-08-21,Centro,Accesorios,726.915,143.92,15,308,62
2021-08-22,Norte,Ropa Casual,857.98,210.06,0,460,94
2021-08-22,Norte,Ropa Formal,1181.8290000000002,203.08,10,541,117
2021-08-22,Norte,Deportivo,752.5369999999999,117.1,15,325,66
2021-08-22,Norte,Accesorios,486.33,116.26,0,225,46
2021-08-22,Sur,Ropa Casual,405.47,110.9450715425206,0,206,53
2021-08-22,Sur,Ropa Formal,571.5270000000002,183.89,10,260,50
2021-08-22,Sur,Deportivo,546.018,92.94,10,218,46
2021-08-22,Sur,Accesorios,385.05500000000006,69.39,10,146,35
2021-08-22,Este,Ropa Casual,616.18,173.9,0,299,59
2021-08-22,Este,Ropa Formal,888.4700000000001,209.44,10,337,86
2021-08-22,Este,Deportivo,523.06,109.95,0,243,48
2021-08-22,Este,Accesorios,325.57,70.87,0,169,32
2021-08-22,Oeste,Ropa Casual,824.791,162.1,10,388,69
2021-08-22,Oeste,Ropa Formal,760.37,156.95,0,372,79
2021-08-22,Oeste,Deportivo,519.7608306327963,131.75,0,281,52
2021-08-22,Oeste,Accesorios,311.22,108.19,0,120,27
2021-08-22,Centro,Ropa Casual,1114.0507423349145,237.49,15,508,110
2021-08-22,Centro,Ropa Formal,971.18,291.99,0,498,88
2021-08-22,Centro,Deportivo,757.67,230.27,0,421,73
2021-08-22,Centro,Accesorios,602.569,173.96,10,304,50
2021-08-23,Norte,Ropa Casual,707.15,168.44,0,357,75
2021-08-23,Norte,Ropa Formal,659.3054999999999,185.82,5,322,64
2021-08-23,Norte,Deportivo,768.7130000000001,184.93,10,371,67
2021-08-23,Norte,Accesorios,434.9622152926474,128.58,5,205,43
2021-08-23,Sur,Ropa Casual,412.14,121.133810810578,0,207,39
2021-08-23,Sur,Ropa Formal,547.36,80.61,0,270,55
2021-08-23,Sur,Deportivo,491.25300000000004,94.87,5,234,41
2021-08-23,Sur,Accesorios,399.9135,91.59,5,164,37
2021-08-23,Este,Ropa Casual,918.0255,143.75,5,457,83
2021-08-23,Este,Ropa Formal,646.14,163.7186948813126,0,292,75
2021-08-23,Este,Deportivo,537.306,137.53,5,250,46
2021-08-23,Este,Accesorios,346.72,108.59,0,213,36
2021-08-23,Oeste,Ropa Casual,653.64,155.32,0,326,72
2021-08-23,Oeste,Ropa Formal,897.4,192.39,0,438,85
2021-08-23,Oeste,Deportivo,555.32,85.25252865898949,0,319,56
2021-08-23,Oeste,Accesorios,460.6,115.83,0,232,41
2021-08-23,Centro,Ropa Casual,831.3795,243.78489777569527,5,452,81
2021-08-23,Centro,Ropa Formal,1190.27,346.26080969196954,0,567,115
2021-08-23,Centro,Deportivo,783.69,212.99,0,396,77
2021-08-23,Centro,Accesorios,714.5355000000001,148.2424781050124,5,344,74
2021-08-24,Norte,Ropa Casual,727.23,181.0,0,381,62
2021-08-24,Norte,Ropa Formal,1212.99,226.31,0,617,115
2021-08-24,Norte,Deportivo,667.5585,140.3250552622349,5,353,56
2021-08-24,Norte,Accesorios,461.06550000000004,97.45,5,213,55
2021-08-24,Sur,Ropa Casual,590.47,105.49,0,303,64
2021-08-24,Sur,Ropa Formal,601.11,140.61,0,278,72
2021-08-24,Sur,Deportivo,415.044,147.74,5,215,37
2021-08-24,Sur,Accesorios,277.242,94.41,5,105,26
2021-08-24,Este,Ropa Casual,719.3340000000001,133.25362882077627,5,353,73
2021-08-24,Este,Ropa Formal,997.1610000000001,176.32,10,469,86
2021-08-24,Este,Deportivo,493.69,128.98,0,234,53
2021-08-24,Este,Accesorios,383.24,101.96,0,197,36
2021-08-24,Oeste,Ropa Casual,829.62,153.22,0,442,82
2021-08-24,Oeste,Ropa Formal,994.74,185.14,0,525,104
2021-08-24,Oeste,Deportivo,567.6825,138.42,5,230,48
2021-08-24,Oeste,Accesorios,447.32,101.85980584140079,0,242,46
2021-08-24,Centro,Ropa Casual,1003.4010000000001,287.93,5,501,94
2021-08-24,Centro,Ropa Formal,1383.71,313.79,0,716,149
2021-08-24,Centro,Deportivo,1013.4190000000001,225.85,10,447,95
2021-08-24,Centro,Accesorios,623.0070000000001,154.64,5,304,61
2021-08-25,Norte,Ropa Casual,619.883,191.07,10,265,57
2021-08-25,Norte,Ropa Formal,1094.3680000000002,201.1,10,497,101
2021-08-25,Norte,Deportivo,733.1610000000001,152.39,30,285,49
2021-08-25,Norte,Accesorios,443.03999999999996,81.85,20,165,39
2021-08-25,Sur,Ropa Casual,759.946,120.71,10,335,64
2021-08-25,Sur,Ropa Formal,608.8647735430905,134.38,10,287,61
2021-08-25,Sur,Deportivo,474.57900000000006,62.44,5,235,48
2021-08-25,Sur,Accesorios,386.91450000000003,76.10289366646502,5,167,43
2021-08-25,Este,Ropa Casual,700.3919999999999,169.84,20,257,55
2021-08-25,Este,Ropa Formal,860.2770000000002,221.651057145538,10,373,85
2021-08-25,Este,Deportivo,757.776,110.16,20,303,57
2021-08-25,Este,Accesorios,549.216,73.45,20,234,39
2021-08-25,Oeste,Ropa Casual,773.67749561141,95.47,20,352,70
2021-08-25,Oeste,Ropa Formal,948.816,171.22,10,395,88
2021-08-25,Oeste,Deportivo,631.533,101.91,5,231,54
2021-08-25,Oeste,Accesorios,527.73,94.76,5,252,50
2021-08-25,Centro,Ropa Casual,940.4010000000001,240.49,5,460,79
2021-08-25,Centro,Ropa Formal,1220.3415,288.98,5,595,113
2021-08-25,Centro,Deportivo,829.1159999999999,218.63,20,358,72
2021-08-25,Centro,Accesorios,681.879,172.71,10,284,59
2021-08-26,Norte,Ropa Casual,942.8210000000001,194.37,10,424,88
2021-08-26,Norte,Ropa Formal,1242.2160000000001,276.44,20,493,106
2021-08-26,Norte,Deportivo,665.3460000000001,137.52,10,326,57
2021-08-26,Norte,Accesorios,528.0880000000001,118.39,10,258,48
2021-08-26,Sur,Ropa Casual,495.25350000000003,134.1,5,242,48
2021-08-26,Sur,Ropa Formal,659.6999999999999,179.61,20,264,45
2021-08-26,Sur,Deportivo,519.624,91.6,5,210,54
2021-08-26,Sur,Accesorios,483.028,98.19075623133318,30,181,35
2021-08-26,Este,Ropa Casual,630.588,198.3,5,343,60
2021-08-26,Este,Ropa Formal,848.4735000000001,241.0,5,421,73
2021-08-26,Este,Deportivo,686.304,116.42,20,303,56
2021-08-26,Este,Accesorios,378.756,85.5,20,120,35
2021-08-26,Oeste,Ropa Casual,618.093,105.58402912981528,5,313,65
2021-08-26,Oeste,Ropa Formal,645.667,154.31,10,284,57
2021-08-26,Oeste,Deportivo,488.0536492761554,103.99,10,232,55
2021-08-26,Oeste,Accesorios,527.604,128.81,5,265,57
2021-08-26,Centro,Ropa Casual,1312.685,258.87,10,547,122
2021-08-26,Centro,Ropa Formal,1531.128,321.58,20,633,129
2021-08-26,Centro,Deportivo,865.2270000000001,210.13,10,407,85
2021-08-26,Centro,Accesorios,774.1800000000001,128.07649866922725,10,369,63
2021-08-27,Norte,Ropa Casual,866.9535,160.77,5,368,88
2021-08-27,Norte,Ropa Formal,1118.1119999999999,159.17,20,462,102
2021-08-27,Norte,Deportivo,634.931,150.03,10,281,62
2021-08-27,Norte,Accesorios,370.45050000000003,108.92,5,179,32
2021-08-27,Sur,Ropa Casual,836.154,89.24,10,392,79
2021-08-27,Sur,Ropa Formal,717.948,185.2272338235385,10,321,59
2021-08-27,Sur,Deportivo,474.1281918375916,137.97,10,249,34
2021-08-27,Sur,Accesorios,426.51400000000007,49.80344032111823,10,247,35
2021-08-27,Este,Ropa Casual,507.234,176.42,5,245,52
2021-08-27,Este,Ropa Formal,908.592,259.19,20,366,76
2021-08-27,Este,Deportivo,530.9745,132.07659034937615,5,257,48
2021-08-27,Este,Accesorios,600.548,115.0,30,246,36
2021-08-27,Oeste,Ropa Casual,790.6360000000001,166.49,10,372,78
2021-08-27,Oeste,Ropa Formal,1232.7594027354457,252.54,30,504,103
2021-08-27,Oeste,Deportivo,791.037,145.17,30,298,60
2021-08-27,Oeste,Accesorios,581.594,72.88,30,244,50
2021-08-27,Centro,Ropa Casual,1029.079621819706,239.53,5,532,104
2021-08-27,Centro,Ropa Formal,1457.016,259.55,20,649,120
2021-08-27,Centro,Deportivo,1013.142,203.95,30,431,74
2021-08-27,Centro,Accesorios,681.6590000000001,130.9,10,301,60
2021-08-28,Norte,Ropa Casual,684.77,224.25,0,360,72
2021-08-28,Norte,Ropa Formal,1090.518,214.69,10,478,89
2021-08-28,Norte,Deportivo,593.472,168.89,10,280,64
2021-08-28,Norte,Accesorios,513.76,154.1,0,274,39
2021-08-28,Sur,Ropa Casual,670.142,156.24,10,292,55
2021-08-28,Sur,Ropa Formal,725.92,98.41,0,351,68
2021-08-28,Sur,Deportivo,571.09,105.74,15,253,43
2021-08-28,Sur,Accesorios,315.19,97.36,0,130,30
2021-08-28,Este,Ropa Casual,637.9,85.92,0,320,67
2021-08-28,Este,Ropa Formal,940.7640000000001,213.93,10,424,85
2021-08-28,Este,Deportivo,406.89,157.61,0,236,38
2021-08-28,Este,Accesorios,432.26700000000005,103.17,10,187,43
2021-08-28,Oeste,Ropa Casual,752.8245,143.54,15,317,60
2021-08-28,Oeste,Ropa Formal,1177.56,193.72,20,504,97
2021-08-28,Oeste,Deportivo,644.3280000000001,125.61,20,241,53
2021-08-28,Oeste,Accesorios,585.764,90.02505183599474,15,258,56
2021-08-28,Centro,Ropa Casual,1105.0600000000002,290.88,10,493,108
2021-08-28,Centro,Ropa Formal,1294.249,287.47,10,580,115
2021-08-28,Centro,Deportivo,732.03,226.98,0,382,75
2021-08-28,Centro,Accesorios,710.712,164.62,20,278,55
2021-08-29,Norte,Ropa Casual,927.199,218.83,15,393,74
2021-08-29,Norte,Ropa Formal,1123.21,240.74,10,508,108
2021-08-29,Norte,Deportivo,903.9344999999998,160.77,15,361,69
2021-08-29,Norte,Accesorios,436.17705332441824,114.79,10,225,42
2021-08-29,Sur,Ropa Casual,644.028,95.26,20,274,56
2021-08-29,Sur,Ropa Formal,462.1,168.88,0,231,46
2021-08-29,Sur,Deportivo,529.84,62.00601884883683,0,312,45
2021-08-29,Sur,Accesorios,291.96,83.72,0,121,31
2021-08-29,Este,Ropa Casual,556.02,163.14,0,276,50
2021-08-29,Este,Ropa Formal,939.9,242.03,0,445,102
2021-08-29,Este,Deportivo,645.7,124.08,0,309,59
2021-08-29,Este,Accesorios,530.6445,116.74,15,220,40
2021-08-29,Oeste,Ropa Casual,710.73,133.45,0,353,67
2021-08-29,Oeste,Ropa Formal,831.1901733408973,190.55,10,405,79
2021-08-29,Oeste,Deportivo,556.19,106.44841675724976,0,274,51
2021-08-29,Oeste,Accesorios,519.0525,61.2,15,229,43
2021-08-29,Centro,Ropa Casual,1097.69,225.32930236866343,10,500,102
2021-08-29,Centro,Ropa Formal,1211.27,265.15,0,577,120
2021-08-29,Centro,Deportivo,812.9119999999999,206.41,15,338,71
2021-08-29,Centro,Accesorios,617.45,170.44,0,311,59
2021-08-30,Norte,Ropa Casual,804.4587166500708,183.78,5,401,87
2021-08-30,Norte,Ropa Formal,1054.1685,243.42,5,489,105
2021-08-30,Norte,Deportivo,802.5270000000002,151.84,10,360,72
2021-08-30,Norte,Accesorios,475.932,117.86,20,215,33
2021-08-30,Sur,Ropa Casual,702.7965,167.76,5,347,64
2021-08-30,Sur,Ropa Formal,877.69,160.43,10,413,89
2021-08-30,Sur,Deportivo,493.0690775140074,82.34,20,206,53
2021-08-30,Sur,Accesorios,325.1955,56.26,5,152,20
2021-08-30,Este,Ropa Casual,781.6830000000001,98.62,5,391,76
2021-08-30,Este,Ropa Formal,967.62,136.79,20,363,85
2021-08-30,Este,Deportivo,567.0500000000001,129.85,10,249,51
2021-08-30,Este,Accesorios,636.528,98.06,20,232,59
2021-08-30,Oeste,Ropa Casual,893.6999999999999,118.99,20,414,75
2021-08-30,Oeste,Ropa Formal,724.773,141.43,5,326,75
2021-08-30,Oeste,Deportivo,624.6719999999999,96.02059154968919,20,243,58
2021-08-30,Oeste,Accesorios,578.88,118.85329877224025,20,262,52
2021-08-30,Centro,Ropa Casual,1162.194,220.99,10,531,103
2021-08-30,Centro,Ropa Formal,1209.3180000000002,345.24,10,547,107
2021-08-30,Centro,Deportivo,988.608,196.68,20,426,75
2021-08-30,Centro,Accesorios,625.5375,146.53,5,310,53
2021-08-31,Norte,Ropa Casual,1155.388,202.56096443751707,30,445,92
2021-08-31,Norte,Ropa Formal,797.0400000000001,227.13,20,347,66
2021-08-31,Norte,Deportivo,551.4059466354474,127.16,10,229,47
2021-08-31,Norte,Accesorios,494.37300000000005,93.42742866738575,10,225,41
2021-08-31,Sur,Ropa Casual,720.6360000000001,209.63,5,341,68
2021-08-31,Sur,Ropa Formal,702.2520000000001,138.22,20,332,66
2021-08-31,Sur,Deportivo,531.4050000000001,83.0,5,277,44
2021-08-31,Sur,Accesorios,348.56800000000004,77.77,10,179,32
2021-08-31,Este,Ropa Casual,691.194,142.4,5,333,68
2021-08-31,Este,Ropa Formal,908.743,158.36,10,391,72
2021-08-31,Este,Deportivo,816.528,107.73,20,351,66
2021-08-31,Este,Accesorios,400.1234717369036,91.41,10,180,35
2021-08-31,Oeste,Ropa Casual,833.6790000000001,197.47579041654618,5,403,83
2021-08-31,Oeste,Ropa Formal,1060.7415,160.6,5,479,100
2021-08-31,Oeste,Deportivo,579.0855,124.89,5,304,60
2021-08-31,Oeste,Accesorios,498.972,55.66104583894547,20,217,45
2021-08-31,Centro,Ropa Casual,1143.576,230.1,5,549,101
2021-08-31,Centro,Ropa Formal,1222.1055000000001,315.65,5,591,118
2021-08-31,Centro,Deportivo,765.8024974610574,233.09039978945808,20,360,77
2021-08-31,Centro,Accesorios,596.772,144.28,10,252,47
2021-09-01,Norte,Ropa Casual,668.6085,193.05,5,317,57
2021-09-01,Norte,Ropa Formal,905.67,289.94,0,476,90
2021-09-01,Norte,Deportivo,734.31,163.86,0,382,71
2021-09-01,Norte,Accesorios,575.9145000000001,147.5,5,283,58
2021-09-01,Sur,Ropa Casual,582.6920000000001,77.56,10,278,53
2021-09-01,Sur,Ropa Formal,721.68,183.03,0,380,65
2021-09-01,Sur,Deportivo,573.8040000000001,82.53982280693451,5,295,49
2021-09-01,Sur,Accesorios,205.61,71.74,0,97,24
2021-09-01,Este,Ropa Casual,576.45,110.99104960780966,0,265,58
2021-09-01,Este,Ropa Formal,737.29,215.52,0,394,72
2021-09-01,Este,Deportivo,626.241,151.52,5,304,56
2021-09-01,Este,Accesorios,497.79400000000004,83.82,10,197,38
2021-09-01,Oeste,Ropa Casual,897.6,199.09,0,455,90
2021-09-01,Oeste,Ropa Formal,760.33,203.85,0,362,77
2021-09-01,Oeste,Deportivo,434.1015148689359,106.31,0,227,52
2021-09-01,Oeste,Accesorios,368.34,85.54678827683954,0,172,38
2021-09-01,Centro,Ropa Casual,926.38,239.35,0,458,97
2021-09-01,Centro,Ropa Formal,1468.9815,355.9,5,730,155
2021-09-01,Centro,Deportivo,920.58,229.49,0,436,87
2021-09-01,Centro,Accesorios,479.6,168.55,0,262,46
2021-09-02,Norte,Ropa Casual,778.37,168.98,0,363,68
2021-09-02,Norte,Ropa Formal,883.8480000000001,261.36,5,426,87
2021-09-02,Norte,Deportivo,599.6425921208416,185.33,0,318,61
2021-09-02,Norte,Accesorios,426.88800000000003,122.65,10,216,37
2021-09-02,Sur,Ropa Casual,465.1,88.58,0,231,38
2021-09-02,Sur,Ropa Formal,671.5275,166.09,5,308,63
2021-09-02,Sur,Deportivo,396.29100000000005,97.38,5,175,44
2021-09-02,Sur,Accesorios,292.6245,71.99245462962236,5,147,30
2021-09-02,Este,Ropa Casual,571.28,133.76,0,310,54
2021-09-02,Este,Ropa Formal,822.0345,204.09,5,374,71
2021-09-02,Este,Deportivo,565.5825,94.48,5,248,54
2021-09-02,Este,Accesorios,426.08,62.46579950172751,0,197,43
2021-09-02,Oeste,Ropa Casual,734.77,158.173740207451,0,376,74
2021-09-02,Oeste,Ropa Formal,1058.568,239.8,5,514,93
2021-09-02,Oeste,Deportivo,548.5935000000001,152.39,5,237,61
2021-09-02,Oeste,Accesorios,357.8085,129.81,5,189,33
2021-09-02,Centro,Ropa Casual,1343.969,263.38,10,619,118
2021-09-02,Centro,Ropa Formal,1227.0,306.23,0,622,135
2021-09-02,Centro,Deportivo,798.36,205.19,0,410,82
2021-09-02,Centro,Accesorios,614.82,155.97,0,289,59
2021-09-03,Norte,Ropa Casual,880.63,232.32,0,481,86
2021-09-03,Norte,Ropa Formal,1224.153,227.2,5,602,124
2021-09-03,Norte,Deportivo,546.9975000000001,143.89,5,288,54
2021-09-03,Norte,Accesorios,414.94,99.38,0,206,44
2021-09-03,Sur,Ropa Casual,700.2764999999999,155.1,5,347,76
2021-09-03,Sur,Ropa Formal,776.55,176.06,0,387,65
2021-09-03,Sur,Deportivo,433.4352250393395,100.11,0,241,55
2021-09-03,Sur,Accesorios,396.891,49.41,10,180,30
2021-09-03,Este,Ropa Casual,689.724,138.4215633592675,5,338,69
2021-09-03,Este,Ropa Formal,910.81,190.3,0,452,99
2021-09-03,Este,Deportivo,597.9270000000001,131.58,10,284,48
2021-09-03,Este,Accesorios,455.58,112.27,0,245,43
2021-09-03,Oeste,Ropa Casual,592.7985000000001,153.62,5,267,62
2021-09-03,Oeste,Ropa Formal,726.11,219.51,0,336,69
2021-09-03,Oeste,Deportivo,591.41,151.37,0,303,48
2021-09-03,Oeste,Accesorios,479.13,80.49,0,247,47
2021-09-03,Centro,Ropa Casual,863.885836732405,197.73326758216496,0,458,91
2021-09-03,Centro,Ropa Formal,1249.8383277921675,296.96,5,642,140
2021-09-03,Centro,Deportivo,668.75,209.29,0,333,56
2021-09-03,Centro,Accesorios,560.52,120.83035557967017,0,274,54
2021-09-04,Norte,Ropa Casual,747.54,188.55,0,377,72
2021-09-04,Norte,Ropa Formal,732.58,193.05,0,351,69
2021-09-04,Norte,Deportivo,615.77,151.0,0,314,58
2021-09-04,Norte,Accesorios,495.583,95.79,10,233,45
2021-09-04,Sur,Ropa Casual,561.0525455518911,142.64,0,290,58
2021-09-04,Sur,Ropa Formal,829.44,141.77,0,416,87
2021-09-04,Sur,Deportivo,507.32950531895744,93.14,0,263,59
2021-09-04,Sur,Accesorios,445.30799999999994,45.01,20,222,41
2021-09-04,Este,Ropa Casual,628.1643604565356,186.39,15,274,58
2021-09-04,Este,Ropa Formal,655.68,166.81,0,311,62
2021-09-04,Este,Deportivo,666.38,172.05,10,326,57
2021-09-04,Este,Accesorios,414.96,77.94,0,167,43
2021-09-04,Oeste,Ropa Casual,838.3844999999999,171.97,15,353,68
2021-09-04,Oeste,Ropa Formal,995.4599999999999,228.39,20,425,82
2021-09-04,Oeste,Deportivo,579.98,146.78,0,305,57
2021-09-04,Oeste,Accesorios,415.22,94.01594790308582,0,213,47
2021-09-04,Centro,Ropa Casual,1250.4479999999999,269.8,20,506,103
2021-09-04,Centro,Ropa Formal,1242.0804999999998,263.86,15,557,113
2021-09-04,Centro,Deportivo,855.04,178.23,0,467,90
2021-09-04,Centro,Accesorios,693.1165,153.22,15,297,59
2021-09-05,Norte,Ropa Casual,884.4,184.29,0,423,87
2021-09-05,Norte,Ropa Formal,866.173,258.68,10,382,72
2021-09-05,Norte,Deportivo,649.18,169.17,0,356,71
2021-09-05,Norte,Accesorios,456.38,99.3,0,258,44
2021-09-05,Sur,Ropa Casual,439.3620000000001,103.62,10,210,39
2021-09-05,Sur,Ropa Formal,816.5459999999999,96.2,15,348,77
2021-09-05,Sur,Deportivo,382.73400000000004,123.31,10,157,41
2021-09-05,Sur,Accesorios,316.41465099475204,60.03,0,171,37
2021-09-05,Este,Ropa Casual,896.8813305472311,139.7,15,397,84
2021-09-05,Este,Ropa Formal,720.98,232.84,0,345,73
2021-09-05,Este,Deportivo,653.016,124.87642532510813,20,274,54
2021-09-05,Este,Accesorios,401.13,87.64,0,159,40
2021-09-05,Oeste,Ropa Casual,749.8590032920312,123.66,0,419,89
2021-09-05,Oeste,Ropa Formal,980.8799999999999,206.83692450940038,20,416,82
2021-09-05,Oeste,Deportivo,736.4280000000001,141.46,10,338,64
2021-09-05,Oeste,Accesorios,566.028,68.88433741608137,20,257,45
2021-09-05,Centro,Ropa Casual,897.105,249.73,10,395,74
2021-09-05,Centro,Ropa Formal,1612.032,291.81,20,664,142
2021-09-05,Centro,Deportivo,833.842,208.82,15,379,73
2021-09-05,Centro,Accesorios,710.6990000000001,143.28,10,340,58
2021-09-06,Norte,Ropa Casual,804.75,217.66,0,399,79
2021-09-06,Norte,Ropa Formal,872.36,141.73,0,424,88
2021-09-06,Norte,Deportivo,523.59,158.03,0,244,51
2021-09-06,Norte,Accesorios,432.41,96.59,0,212,43
2021-09-06,Sur,Ropa Casual,604.4745,131.16,5,306,54
2021-09-06,Sur,Ropa Formal,634.6,140.28,0,314,65
2021-09-06,Sur,Deportivo,464.002,107.0,10,233,42
2021-09-06,Sur,Accesorios,321.3,79.27,0,141,37
2021-09-06,Este,Ropa Casual,657.74,164.33,0,321,62
2021-09-06,Este,Ropa Formal,891.62,175.98,0,456,92
2021-09-06,Este,Deportivo,411.51,129.09,0,200,41
2021-09-06,Este,Accesorios,441.16,97.71,0,230,44
2021-09-06,Oeste,Ropa Casual,622.7245147244886,194.34,5,324,68
2021-09-06,Oeste,Ropa Formal,718.62,135.26,0,369,65
2021-09-06,Oeste,Deportivo,449.88,190.42,0,214,47
2021-09-06,Oeste,Accesorios,439.62,84.16,0,216,41
2021-09-06,Centro,Ropa Casual,1071.84,301.14,0,545,101
2021-09-06,Centro,Ropa Formal,1202.6964968966372,342.47,5,663,126
2021-09-06,Centro,Deportivo,833.1881301038924,216.55,10,432,82
2021-09-06,Centro,Accesorios,666.07,149.18962624996718,0,351,68
2021-09-07,Norte,Ropa Casual,860.706,162.08,5,395,73
2021-09-07,Norte,Ropa Formal,1012.23,327.45,0,488,97
2021-09-07,Norte,Deportivo,686.3115,191.86,5,326,61
2021-09-07,Norte,Accesorios,540.3825,107.44,5,263,60
2021-09-07,Sur,Ropa Casual,552.04,148.40799914005302,0,278,53
2021-09-07,Sur,Ropa Formal,840.598,133.24,10,375,79
2021-09-07,Sur,Deportivo,471.11,73.75,0,241,43
2021-09-07,Sur,Accesorios,378.3805178730072,76.61,5,165,49
2021-09-07,Este,Ropa Casual,734.57,160.27,0,407,70
2021-09-07,Este,Ropa Formal,604.98,175.22,0,288,54
2021-09-07,Este,Deportivo,540.42,155.54,0,253,52
2021-09-07,Este,Accesorios,432.15700000000004,112.27,10,216,37
2021-09-07,Oeste,Ropa Casual,620.1059044215955,162.25,0,307,72
2021-09-07,Oeste,Ropa Formal,1002.38,191.79,0,518,97
2021-09-07,Oeste,Deportivo,668.3,132.7,0,311,65
2021-09-07,Oeste,Accesorios,403.1254268732631,103.94,5,186,30
2021-09-07,Centro,Ropa Casual,977.11,273.58,0,509,94
2021-09-07,Centro,Ropa Formal,1149.1150000000002,266.48,10,494,101
2021-09-07,Centro,Deportivo,910.21,221.01,0,447,91
2021-09-07,Centro,Accesorios,464.6504471930318,160.14,0,270,50
2021-09-08,Norte,Ropa Casual,841.8585,197.13,5,406,83
2021-09-08,Norte,Ropa Formal,810.88,180.81,0,398,73
2021-09-08,Norte,Deportivo,505.67,179.08,0,245,59
2021-09-08,Norte,Accesorios,343.7261449276449,154.88,5,195,36
2021-09-08,Sur,Ropa Casual,362.36,114.93596760961167,0,233,45
2021-09-08,Sur,Ropa Formal,559.7025,172.35,5,280,58
2021-09-08,Sur,Deportivo,459.96,89.63883608756657,0,243,41
2021-09-08,Sur,Accesorios,306.54,54.02,0,165,27
2021-09-08,Este,Ropa Casual,776.8530000000001,178.54,5,390,72
2021-09-08,Este,Ropa Formal,548.73,270.34,5,274,49
2021-09-08,Este,Deportivo,417.3164875178715,124.87,0,209,42
2021-09-08,Este,Accesorios,412.522,107.15,10,201,38
2021-09-08,Oeste,Ropa Casual,935.802,182.63,5,452,90
2021-09-08,Oeste,Ropa Formal,1165.3290000000002,243.39,10,533,108
2021-09-08,Oeste,Deportivo,536.7495,107.02774037989201,5,221,54
2021-09-08,Oeste,Accesorios,509.2010000000001,87.13,10,254,48
2021-09-08,Centro,Ropa Casual,1140.1425,288.72,5,537,107
2021-09-08,Centro,Ropa Formal,1360.94,329.13,0,673,136
2021-09-08,Centro,Deportivo,758.5664073664823,202.63,0,411,84
2021-09-08,Centro,Accesorios,694.092,130.96,5,311,74
2021-09-09,Norte,Ropa Casual,827.295,171.08,5,382,83
2021-09-09,Norte,Ropa Formal,920.12,243.7,0,465,81
2021-09-09,Norte,Deportivo,623.68,158.01,0,307,61
2021-09-09,Norte,Accesorios,597.2085,106.64152463146384,5,278,55
2021-09-09,Sur,Ropa Casual,622.65,116.21,0,288,56
2021-09-09,Sur,Ropa Formal,682.9515,107.07,5,325,67
2021-09-09,Sur,Deportivo,504.4725,75.72,5,238,54
2021-09-09,Sur,Accesorios,455.81550000000004,82.18,5,226,40
2021-09-09,Este,Ropa Casual,884.1840000000001,96.39,5,445,80
2021-09-09,Este,Ropa Formal,562.67,159.62,0,270,58
2021-09-09,Este,Deportivo,548.8665000000001,117.95,5,232,56
2021-09-09,Este,Accesorios,319.22,92.42,0,116,33
2021-09-09,Oeste,Ropa Casual,772.43,168.96,0,422,75
2021-09-09,Oeste,Ropa Formal,827.77,273.5235104046643,0,394,75
2021-09-09,Oeste,Deportivo,498.8235,142.77,5,205,50
2021-09-09,Oeste,Accesorios,457.47,100.27,0,223,38
2021-09-09,Centro,Ropa Casual,988.966,279.63,10,466,91
2021-09-09,Centro,Ropa Formal,1340.26,296.51,0,677,132
2021-09-09,Centro,Deportivo,760.0815321844684,209.35,0,450,83
2021-09-09,Centro,Accesorios,579.9,165.26,0,271,57
2021-09-10,Norte,Ropa Casual,906.75,185.46,0,463,90
2021-09-10,Norte,Ropa Formal,982.9995000000001,216.28,5,484,98
2021-09-10,Norte,Deportivo,604.31,156.4,0,298,61
2021-09-10,Norte,Accesorios,464.93700000000007,145.12,10,210,46
2021-09-10,Sur,Ropa Casual,659.4735000000001,157.37,5,304,64
2021-09-10,Sur,Ropa Formal,544.0142367930007,115.11,5,283,63
2021-09-10,Sur,Deportivo,538.02,105.1,0,268,50
2021-09-10,Sur,Accesorios,309.8865,70.16,5,157,34
2021-09-10,Este,Ropa Casual,633.226,156.33,10,269,53
2021-09-10,Este,Ropa Formal,951.76,248.72,0,453,96
2021-09-10,Este,Deportivo,530.58,123.00971587437198,0,314,54
2021-09-10,Este,Accesorios,414.3318741715974,90.74,0,246,52
2021-09-10,Oeste,Ropa Casual,736.04,140.55,0,400,79
2021-09-10,Oeste,Ropa Formal,766.82,175.26,0,386,72
2021-09-10,Oeste,Deportivo,439.81,115.03,0,211,37
2021-09-10,Oeste,Accesorios,463.18,82.95,0,243,47
2021-09-10,Centro,Ropa Casual,997.72,254.74,0,482,94
2021-09-10,Centro,Ropa Formal,1175.07,292.01588826392737,0,599,110
2021-09-10,Centro,Deportivo,818.01,218.32,0,433,78
2021-09-10,Centro,Accesorios,559.5260000000001,143.81,10,257,53
2021-09-11,Norte,Ropa Casual,664.7,145.5,0,365,67
2021-09-11,Norte,Ropa Formal,950.63,228.15,0,479,92
2021-09-11,Norte,Deportivo,674.712,169.43,20,318,66
2021-09-11,Norte,Accesorios,482.4,115.22,0,216,50
2021-09-11,Sur,Ropa Casual,701.98,126.85,0,361,69
2021-09-11,Sur,Ropa Formal,711.36,201.13,0,384,69
2021-09-11,Sur,Deportivo,435.897,105.4552905470059,10,168,40
2021-09-11,Sur,Accesorios,376.46400000000006,67.03,10,183,39
2021-09-11,Este,Ropa Casual,585.37,195.42,0,267,60
2021-09-11,Este,Ropa Formal,824.46,243.65,0,423,83
2021-09-11,Este,Deportivo,586.366,122.1,10,272,67
2021-09-11,Este,Accesorios,453.6502759241342,101.14,20,190,41
2021-09-11,Oeste,Ropa Casual,568.95,149.54,0,258,56
2021-09-11,Oeste,Ropa Formal,717.2,232.8145313977237,0,402,61
2021-09-11,Oeste,Deportivo,691.7135,115.88,15,284,57
2021-09-11,Oeste,Accesorios,350.1672508556743,110.64,0,164,41
2021-09-11,Centro,Ropa Casual,1078.03,254.46,0,539,114
2021-09-11,Centro,Ropa Formal,1311.7809201626762,303.49,15,635,121
2021-09-11,Centro,Deportivo,1086.5085,202.19,15,487,94
2021-09-11,Centro,Accesorios,685.55,131.38,0,358,76
2021-09-12,Norte,Ropa Casual,753.3912521146858,201.66,0,422,78
2021-09-12,Norte,Ropa Formal,1039.8,273.24,0,532,98
2021-09-12,Norte,Deportivo,664.6067632322805,129.49,10,300,61
2021-09-12,Norte,Accesorios,511.23600000000005,127.98,10,235,48
2021-09-12,Sur,Ropa Casual,583.303,150.41,15,244,54
2021-09-12,Sur,Ropa Formal,850.3,114.20031856498659,0,416,86
2021-09-12,Sur,Deportivo,464.73900000000003,108.35,10,204,39
2021-09-12,Sur,Accesorios,310.27,27.81,0,151,38
2021-09-12,Este,Ropa Casual,585.4200000000001,152.9322407644973,10,241,53
2021-09-12,Este,Ropa Formal,896.61,156.56,0,430,87
2021-09-12,Este,Deportivo,433.983,151.4,10,208,47
2021-09-12,Este,Accesorios,410.96,65.41,0,209,42
2021-09-12,Oeste,Ropa Casual,765.4684398204654,167.33,10,367,74
2021-09-12,Oeste,Ropa Formal,1133.3594999999998,205.99,15,461,106
2021-09-12,Oeste,Deportivo,732.237,151.0,10,372,65
2021-09-12,Oeste,Accesorios,441.65,98.26432113579568,0,213,49
2021-09-12,Centro,Ropa Casual,1330.9560000000001,268.68,20,541,114
2021-09-12,Centro,Ropa Formal,1345.0975,326.39,15,593,112
2021-09-12,Centro,Deportivo,1019.0290000000001,205.51275622907522,10,466,91
2021-09-12,Centro,Accesorios,571.7423900508396,139.98,20,293,55
2021-09-13,Norte,Ropa Casual,976.3320000000001,198.1,5,501,91
2021-09-13,Norte,Ropa Formal,867.94,276.26,0,430,76
2021-09-13,Norte,Deportivo,567.063,133.85,5,288,47
2021-09-13,Norte,Accesorios,519.4665,126.09,5,197,49
2021-09-13,Sur,Ropa Casual,372.14,137.89,0,164,34
2021-09-13,Sur,Ropa Formal,864.045,188.68,5,419,85
2021-09-13,Sur,Deportivo,412.7,101.74,0,194,44
2021-09-13,Sur,Accesorios,273.69,66.56,0,122,31
2021-09-13,Este,Ropa Casual,538.2640642910046,157.78,5,264,62
2021-09-13,Este,Ropa Formal,768.768,222.6,5,360,72
2021-09-13,Este,Deportivo,497.03,121.66,0,230,40
2021-09-13,Este,Accesorios,414.0580564334071,109.95,0,242,45
2021-09-13,Oeste,Ropa Casual,698.2080000000001,150.96437957012517,5,358,67
2021-09-13,Oeste,Ropa Formal,874.86,176.85,0,459,80
2021-09-13,Oeste,Deportivo,504.9564182546416,108.64,0,302,48
2021-09-13,Oeste,Accesorios,454.5602635407199,110.49,10,237,43
2021-09-13,Centro,Ropa Casual,1195.94,226.75,0,626,108
2021-09-13,Centro,Ropa Formal,1440.3165000000001,271.9878430240094,5,664,140
2021-09-13,Centro,Deportivo,825.24,197.73326758216496,0,398,85
2021-09-13,Centro,Accesorios,618.28,145.15,0,298,56
2021-09-14,Norte,Ropa Casual,766.16,199.21,0,361,80
2021-09-14,Norte,Ropa Formal,737.9020000000002,266.75,10,374,59
2021-09-14,Norte,Deportivo,729.61,114.1,0,342,71
2021-09-14,Norte,Accesorios,550.85,156.37,0,284,55
2021-09-14,Sur,Ropa Casual,589.611,177.59,10,246,54
2021-09-14,Sur,Ropa Formal,530.7855,154.28,5,250,52
2021-09-14,Sur,Deportivo,286.47,59.55,0,153,34
2021-09-14,Sur,Accesorios,416.99,46.41,0,230,38
2021-09-14,Este,Ropa Casual,771.21,161.58,0,429,69
2021-09-14,Este,Ropa Formal,796.551,216.31,5,410,79
2021-09-14,Este,Deportivo,549.96,127.56,0,275,62
2021-09-14,Este,Accesorios,471.9645753429914,74.8,5,244,49
2021-09-14,Oeste,Ropa Casual,695.7982545153296,159.98,0,371,83
2021-09-14,Oeste,Ropa Formal,907.5675000000001,233.45,5,437,82
2021-09-14,Oeste,Deportivo,588.5565,137.07,5,286,52
2021-09-14,Oeste,Accesorios,425.12,91.87,0,205,42
2021-09-14,Centro,Ropa Casual,1130.93,325.76,0,581,114
2021-09-14,Centro,Ropa Formal,1393.5285000000001,298.06,5,661,130
2021-09-14,Centro,Deportivo,962.12,212.76,0,465,94
2021-09-14,Centro,Accesorios,559.7929839562157,134.39,0,322,65
2021-09-15,Norte,Ropa Casual,817.13,154.86,0,436,79
2021-09-15,Norte,Ropa Formal,1174.8110000000001,202.67131179421085,10,513,108
2021-09-15,Norte,Deportivo,751.9155000000001,164.3,5,370,74
2021-09-15,Norte,Accesorios,459.879,128.75,5,192,48
2021-09-15,Sur,Ropa Casual,668.85,119.89240304777317,0,309,65
2021-09-15,Sur,Ropa Formal,579.53,273.59,0,274,59
2021-09-15,Sur,Deportivo,429.39,83.69,0,191,38
2021-09-15,Sur,Accesorios,249.24715981667543,65.28,0,133,28
2021-09-15,Este,Ropa Casual,597.88,176.08,0,307,58
2021-09-15,Este,Ropa Formal,1080.8384999999998,171.85,5,507,102
2021-09-15,Este,Deportivo,461.78,100.57,0,200,52
2021-09-15,Este,Accesorios,484.48,114.87,0,228,45
2021-09-15,Oeste,Ropa Casual,629.87,221.63,0,305,57
2021-09-15,Oeste,Ropa Formal,1053.0765,240.33,5,513,100
2021-09-15,Oeste,Deportivo,329.62,144.64,0,167,28
2021-09-15,Oeste,Accesorios,403.40654641780515,65.41,0,239,41
2021-09-15,Centro,Ropa Casual,1150.55,242.18,0,604,119
2021-09-15,Centro,Ropa Formal,1194.2279999999998,341.56,5,540,111
2021-09-15,Centro,Deportivo,915.626436540841,214.79,10,451,87
2021-09-15,Centro,Accesorios,599.277,152.9,5,310,59
2021-09-16,Norte,Ropa Casual,653.1,141.15,0,367,59
2021-09-16,Norte,Ropa Formal,1190.1560000000002,232.02,10,509,107
2021-09-16,Norte,Deportivo,726.16,173.28,0,358,67
2021-09-16,Norte,Accesorios,434.58525953973873,113.51,0,225,46
2021-09-16,Sur,Ropa Casual,481.09950000000003,129.67,5,233,52
2021-09-16,Sur,Ropa Formal,711.59,129.96,0,352,63
2021-09-16,Sur,Deportivo,467.40100000000007,109.33,10,193,45
2021-09-16,Sur,Accesorios,283.33,66.41,0,161,23
2021-09-16,Este,Ropa Casual,728.217,165.14,5,368,74
2021-09-16,Este,Ropa Formal,775.09,220.17,0,370,81
2021-09-16,Este,Deportivo,550.92,139.46066763480042,0,261,60
2021-09-16,Este,Accesorios,363.05,104.03,0,205,36
2021-09-16,Oeste,Ropa Casual,748.7655000000001,144.16,5,374,73
2021-09-16,Oeste,Ropa Formal,922.65,224.05,0,465,92
2021-09-16,Oeste,Deportivo,598.9935,136.08,5,283,60
2021-09-16,Oeste,Accesorios,496.01200000000006,85.57,10,244,48
2021-09-16,Centro,Ropa Casual,943.45,259.98,0,471,96
2021-09-16,Centro,Ropa Formal,1387.74,317.68,0,698,134
2021-09-16,Centro,Deportivo,718.3243271104502,226.48,0,409,77
2021-09-16,Centro,Accesorios,461.139,163.55,5,240,44
2021-09-17,Norte,Ropa Casual,655.347,194.08,5,319,61
2021-09-17,Norte,Ropa Formal,850.21,214.59,0,395,84
2021-09-17,Norte,Deportivo,428.21,143.02,0,247,45
2021-09-17,Norte,Accesorios,407.73,145.66,0,223,40
2021-09-17,Sur,Ropa Casual,414.11,118.71,0,184,36
2021-09-17,Sur,Ropa Formal,881.03,158.29,0,441,92
2021-09-17,Sur,Deportivo,507.55100000000004,129.95,10,229,50
2021-09-17,Sur,Accesorios,406.31850000000003,44.4,5,219,38
2021-09-17,Este,Ropa Casual,659.841,132.9,5,306,54
2021-09-17,Este,Ropa Formal,914.1990000000001,193.39293821887696,10,434,87
2021-09-17,Este,Deportivo,460.43,137.54,0,212,42
2021-09-17,Este,Accesorios,421.74,140.53,0,215,40
2021-09-17,Oeste,Ropa Casual,543.32741063304,166.79,0,281,55
2021-09-17,Oeste,Ropa Formal,840.34,216.69,0,408,76
2021-09-17,Oeste,Deportivo,540.7,144.43549429907756,0,223,58
2021-09-17,Oeste,Accesorios,402.19,140.71,0,199,40
2021-09-17,Centro,Ropa Casual,1336.44,232.92,5,667,124
2021-09-17,Centro,Ropa Formal,1346.2890000000002,286.94,5,644,132
2021-09-17,Centro,Deportivo,754.18,200.39,0,349,76
2021-09-17,Centro,Accesorios,654.2235000000001,150.53,5,314,54
2021-09-18,Norte,Ropa Casual,714.34,182.56,10,286,67
2021-09-18,Norte,Ropa Formal,872.091,290.06,10,387,80
2021-09-18,Norte,Deportivo,594.85,111.77,0,288,56
2021-09-18,Norte,Accesorios,490.34,119.07,0,245,54
2021-09-18,Sur,Ropa Casual,658.4039999999999,135.93,20,309,42
2021-09-18,Sur,Ropa Formal,813.8570000000001,178.57,10,397,72
2021-09-18,Sur,Deportivo,578.7210000000001,104.46,10,265,53
2021-09-18,Sur,Accesorios,459.204,91.31,20,196,39
2021-09-18,Este,Ropa Casual,733.7770000000002,156.36,10,313,72
2021-09-18,Este,Ropa Formal,904.0954999999999,175.14,15,363,71
2021-09-18,Este,Deportivo,448.84400000000005,99.95,10,174,39
2021-09-18,Este,Accesorios,407.99,89.73,0,169,38
2021-09-18,Oeste,Ropa Casual,1103.6039999999998,188.49,20,438,89
2021-09-18,Oeste,Ropa Formal,774.4743052295438,145.67,10,378,78
2021-09-18,Oeste,Deportivo,570.0319999999999,150.48,15,225,43
2021-09-18,Oeste,Accesorios,428.0725046368828,77.5,15,230,46
2021-09-18,Centro,Ropa Casual,1215.5107106810456,271.0,10,598,120
2021-09-18,Centro,Ropa Formal,1257.696,307.01,10,582,111
2021-09-18,Centro,Deportivo,884.2570000000001,235.85,10,402,83
2021-09-18,Centro,Accesorios,619.62,179.9,0,319,61
2021-09-19,Norte,Ropa Casual,820.81,169.61,0,426,78
2021-09-19,Norte,Ropa Formal,839.3770000000001,217.42,10,390,74
2021-09-19,Norte,Deportivo,568.48,120.11,0,268,58
2021-09-19,Norte,Accesorios,394.128,102.8805188908181,15,168,33
2021-09-19,Sur,Ropa Casual,584.7,123.6,0,247,54
2021-09-19,Sur,Ropa Formal,538.7984652433727,104.35,15,243,44
2021-09-19,Sur,Deportivo,305.98,81.69,0,146,27
2021-09-19,Sur,Accesorios,365.677,77.8,15,171,30
2021-09-19,Este,Ropa Casual,672.696,156.04,20,285,49
2021-09-19,Este,Ropa Formal,641.7521093513312,235.27,20,299,60
2021-09-19,Este,Deportivo,543.82,141.87,0,259,61
2021-09-19,Este,Accesorios,486.9359999999999,73.62,20,208,39
2021-09-19,Oeste,Ropa Casual,699.1655,161.59,15,286,52
2021-09-19,Oeste,Ropa Formal,1038.7740000000001,167.26,10,488,92
2021-09-19,Oeste,Deportivo,696.164,129.34,15,309,55
2021-09-19,Oeste,Accesorios,479.17,113.55,0,217,50
2021-09-19,Centro,Ropa Casual,1049.98,277.55,0,535,99
2021-09-19,Centro,Ropa Formal,1448.27,313.31,0,703,147
2021-09-19,Centro,Deportivo,961.587,214.26,10,446,83
2021-09-19,Centro,Accesorios,510.14,164.97,0,260,49
2021-09-20,Norte,Ropa Casual,769.61,227.01,0,384,82
2021-09-20,Norte,Ropa Formal,689.95,185.18,0,393,71
2021-09-20,Norte,Deportivo,699.82,153.99,0,315,73
2021-09-20,Norte,Accesorios,443.33,121.61,0,211,46
2021-09-20,Sur,Ropa Casual,586.53,125.85,0,281,53
2021-09-20,Sur,Ropa Formal,582.2241330687638,186.14,5,303,68
2021-09-20,Sur,Deportivo,389.4,123.94,0,176,41
2021-09-20,Sur,Accesorios,368.9981530739171,50.72,5,221,38
2021-09-20,Este,Ropa Casual,827.7885,162.84,5,375,70
2021-09-20,Este,Ropa Formal,908.2,191.4710550897939,0,433,91
2021-09-20,Este,Deportivo,624.16,104.23,0,326,63
2021-09-20,Este,Accesorios,422.42,100.62,0,226,41
2021-09-20,Oeste,Ropa Casual,620.93,170.83,0,286,57
2021-09-20,Oeste,Ropa Formal,720.33,306.78,0,386,71
2021-09-20,Oeste,Deportivo,482.9414721041428,157.82,0,268,54
2021-09-20,Oeste,Accesorios,448.12,90.06,0,224,42
2021-09-20,Centro,Ropa Casual,1066.1,289.77,0,511,99
2021-09-20,Centro,Ropa Formal,1090.51,317.23,0,557,108
2021-09-20,Centro,Deportivo,879.648,211.56346962111652,5,411,81
2021-09-20,Centro,Accesorios,639.8,170.69,0,333,64
2021-09-21,Norte,Ropa Casual,740.696,179.27,10,289,61
2021-09-21,Norte,Ropa Formal,1049.5590000000002,222.88,5,491,99
2021-09-21,Norte,Deportivo,520.21,150.86,0,243,50
2021-09-21,Norte,Accesorios,419.832,111.06,5,201,35
2021-09-21,Sur,Ropa Casual,495.36,132.33,0,230,53
2021-09-21,Sur,Ropa Formal,750.918,146.47,5,385,74
2021-09-21,Sur,Deportivo,496.38,60.44,0,251,44
2021-09-21,Sur,Accesorios,394.94,41.4,0,176,40
2021-09-21,Este,Ropa Casual,817.69,156.89,0,402,67
2021-09-21,Este,Ropa Formal,868.5,229.58,0,437,87
2021-09-21,Este,Deportivo,557.508,170.54,5,299,52
2021-09-21,Este,Accesorios,478.85,88.40662393781956,0,241,43
2021-09-21,Oeste,Ropa Casual,618.81,181.76,0,313,57
2021-09-21,Oeste,Ropa Formal,911.35,208.40017872922868,0,466,96
2021-09-21,Oeste,Deportivo,410.42400000000004,143.21,5,230,45
2021-09-21,Oeste,Accesorios,378.03,67.63,0,198,40
2021-09-21,Centro,Ropa Casual,1005.54,252.27,0,526,90
2021-09-21,Centro,Ropa Formal,1387.133,322.44,10,633,123
2021-09-21,Centro,Deportivo,787.2375000000001,240.21,5,388,72
2021-09-21,Centro,Accesorios,678.062,170.52,10,284,70
2021-09-22,Norte,Ropa Casual,718.48,223.12,0,336,79
2021-09-22,Norte,Ropa Formal,1015.92,250.9390847346742,0,503,106
2021-09-22,Norte,Deportivo,699.3315,162.57,5,373,67
2021-09-22,Norte,Accesorios,576.03,98.29,0,259,56
2021-09-22,Sur,Ropa Casual,593.3655,100.14022619958966,5,322,54
2021-09-22,Sur,Ropa Formal,755.1710674129228,151.08,0,440,76
2021-09-22,Sur,Deportivo,415.69,86.67,0,157,40
2021-09-22,Sur,Accesorios,443.49800000000005,78.1,10,183,47
2021-09-22,Este,Ropa Casual,534.3555,133.07,5,269,53
2021-09-22,Este,Ropa Formal,1121.604,174.99,10,514,104
2021-09-22,Este,Deportivo,589.44,184.46,0,293,53
2021-09-22,Este,Accesorios,448.98,77.78,5,202,42
2021-09-22,Oeste,Ropa Casual,586.43,140.18,0,321,64
2021-09-22,Oeste,Ropa Formal,785.17,227.88,0,351,75
2021-09-22,Oeste,Deportivo,445.8,90.55,0,215,46
2021-09-22,Oeste,Accesorios,444.46,86.58,0,219,40
2021-09-22,Centro,Ropa Casual,979.04,230.55,0,492,93
2021-09-22,Centro,Ropa Formal,1472.2259999999999,283.2,5,720,135
2021-09-22,Centro,Deportivo,870.2650000000001,229.59,10,382,82
2021-09-22,Centro,Accesorios,738.5400000000001,154.8357326674647,10,345,67
2021-09-23,Norte,Ropa Casual,643.51,182.47,0,310,74
2021-09-23,Norte,Ropa Formal,644.2566289299785,290.47,0,352,73
2021-09-23,Norte,Deportivo,692.6,137.21,0,332,67
2021-09-23,Norte,Accesorios,483.94,105.69,0,242,53
2021-09-23,Sur,Ropa Casual,693.7245,86.96291268774281,5,341,71
2021-09-23,Sur,Ropa Formal,662.9583804483749,113.79,0,379,72
2021-09-23,Sur,Deportivo,498.49431963335087,60.92,0,271,50
2021-09-23,Sur,Accesorios,238.76,104.06,0,137,20
2021-09-23,Este,Ropa Casual,704.7075,187.78,5,323,63
2021-09-23,Este,Ropa Formal,763.4408194691663,168.75789083699445,5,337,83
2021-09-23,Este,Deportivo,623.86,136.72,0,321,63
2021-09-23,Este,Accesorios,466.26300000000003,90.83,5,223,56
2021-09-23,Oeste,Ropa Casual,588.441,174.31,5,266,48
2021-09-23,Oeste,Ropa Formal,1034.9,163.36,0,505,100
2021-09-23,Oeste,Deportivo,586.908,129.73,5,296,62
2021-09-23,Oeste,Accesorios,429.51700000000005,101.0,10,205,34
2021-09-23,Centro,Ropa Casual,1067.01,283.84,0,563,114
2021-09-23,Centro,Ropa Formal,1203.5749954733312,348.91,0,684,124
2021-09-23,Centro,Deportivo,751.27,213.95,0,365,77
2021-09-23,Centro,Accesorios,679.854,153.93,5,314,76
2021-09-24,Norte,Ropa Casual,982.723647832782,235.56,10,475,94
2021-09-24,Norte,Ropa Formal,959.3,218.01,0,473,91
2021-09-24,Norte,Deportivo,642.5210000000001,132.48,10,286,67
2021-09-24,Norte,Accesorios,530.7409219342267,118.89,5,280,47
2021-09-24,Sur,Ropa Casual,375.28,186.19,0,172,32
2021-09-24,Sur,Ropa Formal,804.2,173.38328420507466,0,432,76
2021-09-24,Sur,Deportivo,548.9715000000001,89.74,5,246,50
2021-09-24,Sur,Accesorios,315.78,18.94,0,138,36
2021-09-24,Este,Ropa Casual,659.77,174.35,0,357,74
2021-09-24,Este,Ropa Formal,992.7120000000001,207.65,5,490,95
2021-09-24,Este,Deportivo,574.58,140.02,0,268,62
2021-09-24,Este,Accesorios,489.83,79.29,0,228,54
2021-09-24,Oeste,Ropa Casual,919.7790000000001,170.96,5,468,90
2021-09-24,Oeste,Ropa Formal,857.4300000000001,153.56673806548642,5,406,85
2021-09-24,Oeste,Deportivo,560.21,128.49,0,279,47
2021-09-24,Oeste,Accesorios,389.613,105.69,5,212,45
2021-09-24,Centro,Ropa Casual,1024.56,279.23,0,545,118
2021-09-24,Centro,Ropa Formal,1339.84,285.51,0,661,143
2021-09-24,Centro,Deportivo,896.951,261.37,10,411,79
2021-09-24,Centro,Accesorios,674.3323129299023,144.91366617808387,5,341,73
2021-09-25,Norte,Ropa Casual,952.79,191.54,0,482,91
2021-09-25,Norte,Ropa Formal,1040.017,242.6,10,501,96
2021-09-25,Norte,Deportivo,692.9560000000001,166.88,10,319,57
2021-09-25,Norte,Accesorios,481.9192192148991,143.56,10,214,52
2021-09-25,Sur,Ropa Casual,744.3489999999999,122.94534658296728,15,343,66
2021-09-25,Sur,Ropa Formal,778.8517381374124,90.69633158921512,10,365,79
2021-09-25,Sur,Deportivo,405.647,68.92111986831263,10,169,31
2021-09-25,Sur,Accesorios,377.7289999999999,60.95771896024608,15,161,33
2021-09-25,Este,Ropa Casual,602.52,143.6,0,312,65
2021-09-25,Este,Ropa Formal,874.63,248.13,0,447,89
2021-09-25,Este,Deportivo,593.5820000000001,109.67,10,280,58
2021-09-25,Este,Accesorios,387.06,89.24,0,186,35
2021-09-25,Oeste,Ropa Casual,721.05,193.95,15,273,60
2021-09-25,Oeste,Ropa Formal,1164.46,179.04,10,539,121
2021-09-25,Oeste,Deportivo,661.265,141.46,10,290,59
2021-09-25,Oeste,Accesorios,361.84,118.9,0,177,46
2021-09-25,Centro,Ropa Casual,1158.51,251.64714694012588,15,492,99
2021-09-25,Centro,Ropa Formal,1271.51,380.11,0,629,126
2021-09-25,Centro,Deportivo,852.1384999999999,249.26,15,399,80
2021-09-25,Centro,Accesorios,725.2850000000001,183.03,10,311,64
2021-09-26,Norte,Ropa Casual,854.99,218.77,0,432,90
2021-09-26,Norte,Ropa Formal,896.54,234.7,0,433,90
2021-09-26,Norte,Deportivo,739.7719999999999,156.47,15,355,76
2021-09-26,Norte,Accesorios,441.00172187133103,126.51,0,230,45
2021-09-26,Sur,Ropa Casual,452.76000000000005,126.84,10,198,41
2021-09-26,Sur,Ropa Formal,664.2515,170.2,15,261,51
2021-09-26,Sur,Deportivo,342.39,144.19,0,149,39
2021-09-26,Sur,Accesorios,315.88,64.31,0,145,38
2021-09-26,Este,Ropa Casual,755.1940000000001,122.06,10,371,70
2021-09-26,Este,Ropa Formal,803.459,184.64,15,324,65
2021-09-26,Este,Deportivo,574.932,132.56,20,227,44
2021-09-26,Este,Accesorios,408.738,97.36315105612995,10,191,43
2021-09-26,Oeste,Ropa Casual,808.0704999999999,164.46,15,388,71
2021-09-26,Oeste,Ropa Formal,1117.908,113.28995287226304,20,490,87
2021-09-26,Oeste,Deportivo,678.612,134.50423219663892,10,299,58
2021-09-26,Oeste,Accesorios,478.41149999999993,110.93,15,213,40
2021-09-26,Centro,Ropa Casual,984.58,261.21978013330977,0,539,92
2021-09-26,Centro,Ropa Formal,1349.07,257.75,0,675,133
2021-09-26,Centro,Deportivo,1092.718,219.5,10,494,104
2021-09-26,Centro,Accesorios,706.8050000000001,197.86,10,303,62
2021-09-27,Norte,Ropa Casual,732.941,219.28,10,267,60
2021-09-27,Norte,Ropa Formal,1164.202,238.45,30,436,97
2021-09-27,Norte,Deportivo,557.9805,184.3,5,292,44
2021-09-27,Norte,Accesorios,648.372,142.34,20,282,47
2021-09-27,Sur,Ropa Casual,571.4357141840666,96.14,10,274,50
2021-09-27,Sur,Ropa Formal,697.796,158.64,10,317,67
2021-09-27,Sur,Deportivo,535.206,112.28,5,268,47
2021-09-27,Sur,Accesorios,305.01105492492064,44.84,20,154,27
2021-09-27,Este,Ropa Casual,614.8905000000001,196.84129311555705,5,254,63
2021-09-27,Este,Ropa Formal,1088.516,160.43,10,483,106
2021-09-27,Este,Deportivo,704.3790000000001,104.2,30,259,57
2021-09-27,Este,Accesorios,436.32308945145303,96.28,5,210,41
2021-09-27,Oeste,Ropa Casual,555.744,215.49,5,248,54
2021-09-27,Oeste,Ropa Formal,886.7313633554144,293.43,10,445,85
2021-09-27,Oeste,Deportivo,463.122,100.22,10,207,42
2021-09-27,Oeste,Accesorios,493.66799999999995,93.35,20,235,43
2021-09-27,Centro,Ropa Casual,1224.421,282.77,10,576,108
2021-09-27,Centro,Ropa Formal,1290.6390000000001,266.56,5,611,126
2021-09-27,Centro,Deportivo,936.6735000000001,191.27,5,442,91
2021-09-27,Centro,Accesorios,666.3960000000001,185.01,20,280,56
2021-09-28,Norte,Ropa Casual,882.3940903824802,216.7,20,382,83
2021-09-28,Norte,Ropa Formal,1018.2719999999999,243.35,20,402,83
2021-09-28,Norte,Deportivo,772.032,163.17,20,306,65
2021-09-28,Norte,Accesorios,531.234,119.87,10,251,48
2021-09-28,Sur,Ropa Casual,851.0150000000001,107.71,10,414,81
2021-09-28,Sur,Ropa Formal,773.168,214.25778424705592,10,365,71
2021-09-28,Sur,Deportivo,524.711,102.55,10,267,46
2021-09-28,Sur,Accesorios,343.497,50.502306913512065,10,137,23
2021-09-28,Este,Ropa Casual,767.0250936620771,135.80081363779064,5,389,79
2021-09-28,Este,Ropa Formal,1183.7578930347063,237.77,20,528,112
2021-09-28,Este,Deportivo,581.2695000000001,133.22,5,275,49
2021-09-28,Este,Accesorios,495.5280000000001,89.21,10,210,56
2021-09-28,Oeste,Ropa Casual,931.284,124.69,20,389,65
2021-09-28,Oeste,Ropa Formal,922.1850000000001,211.9,10,445,78
2021-09-28,Oeste,Deportivo,772.668,168.67,20,376,73
2021-09-28,Oeste,Accesorios,390.05400000000003,123.53,5,170,33
2021-09-28,Centro,Ropa Casual,1312.116,264.87,20,517,107
2021-09-28,Centro,Ropa Formal,1517.7140000000002,329.45,10,667,138
2021-09-28,Centro,Deportivo,760.089,184.5,10,346,72
2021-09-28,Centro,Accesorios,689.8679999999999,172.48,20,279,53
2021-09-29,Norte,Ropa Casual,816.132,216.58,20,347,72
2021-09-29,Norte,Ropa Formal,1063.6670000000001,200.34,10,457,91
2021-09-29,Norte,Deportivo,670.4775,162.23,5,279,62
2021-09-29,Norte,Accesorios,446.149,93.69,10,173,40
2021-09-29,Sur,Ropa Casual,518.964,160.88,20,246,38
2021-09-29,Sur,Ropa Formal,820.5840000000001,224.12,20,321,67
2021-09-29,Sur,Deportivo,421.86899999999997,82.34,5,183,47
2021-09-29,Sur,Accesorios,320.88000000000005,108.81,5,149,24
2021-09-29,Este,Ropa Casual,748.0550000000001,170.52,10,342,69
2021-09-29,Este,Ropa Formal,1244.8079999999998,182.08,20,538,104
2021-09-29,Este,Deportivo,853.476,134.23,30,378,65
2021-09-29,Este,Accesorios,541.7538713642398,108.92,20,261,54
2021-09-29,Oeste,Ropa Casual,1106.2740000000001,163.35,30,433,77
2021-09-29,Oeste,Ropa Formal,1127.472,231.38,20,484,98
2021-09-29,Oeste,Deportivo,709.4490000000001,172.31,30,281,61
2021-09-29,Oeste,Accesorios,493.372,125.76,10,200,40
2021-09-29,Centro,Ropa Casual,1385.265,283.0,5,661,135
2021-09-29,Centro,Ropa Formal,996.765,362.74,5,467,98
2021-09-29,Centro,Deportivo,1032.251,255.06,10,442,94
2021-09-29,Centro,Accesorios,770.82,129.76,20,293,62
2021-09-30,Norte,Ropa Casual,894.311,177.47,10,413,77
2021-09-30,Norte,Ropa Formal,1045.3850000000002,183.55,10,485,94
2021-09-30,Norte,Deportivo,789.1510000000001,124.6,10,364,67
2021-09-30,Norte,Accesorios,560.088,133.18,20,205,55
2021-09-30,Sur,Ropa Casual,457.886,144.79,10,229,40
2021-09-30,Sur,Ropa Formal,863.8770000000001,98.14,5,426,75
2021-09-30,Sur,Deportivo,472.175,137.29,10,233,48
2021-09-30,Sur,Accesorios,432.504,77.83,20,160,29
2021-09-30,Este,Ropa Casual,851.7470000000001,163.66,30,331,63
2021-09-30,Este,Ropa Formal,1010.0640000000001,216.98,10,440,97
2021-09-30,Este,Deportivo,638.365,162.78,30,235,44
2021-09-30,Este,Accesorios,609.9,91.63428412111212,20,244,48
2021-09-30,Oeste,Ropa Casual,776.4570000000001,112.86,10,390,66
2021-09-30,Oeste,Ropa Formal,988.3755,201.08,5,498,101
2021-09-30,Oeste,Deportivo,577.9840000000002,97.89,10,260,46
2021-09-30,Oeste,Accesorios,399.399,94.97,10,160,35
2021-09-30,Centro,Ropa Casual,1305.564,243.88,20,589,111
2021-09-30,Centro,Ropa Formal,1702.812,309.55,20,707,141
2021-09-30,Centro,Deportivo,969.243,172.45,10,428,85
2021-09-30,Centro,Accesorios,898.6120000000001,134.42,30,373,81
2021-10-01,Norte,Ropa Casual,661.95,185.27321188882757,0,319,64
2021-10-01,Norte,Ropa Formal,892.248,243.29,5,427,80
2021-10-01,Norte,Deportivo,675.3389999999999,136.5,5,343,64
2021-10-01,Norte,Accesorios,456.435,133.72,5,251,38
2021-10-01,Sur,Ropa Casual,680.148,146.8,5,343,59
2021-10-01,Sur,Ropa Formal,936.32,189.23,0,472,93
2021-10-01,Sur,Deportivo,406.65,57.68,0,196,38
2021-10-01,Sur,Accesorios,384.74,76.52,0,205,29
2021-10-01,Este,Ropa Casual,764.32,159.09,0,444,71
2021-10-01,Este,Ropa Formal,871.65,251.74,0,442,93
2021-10-01,Este,Deportivo,556.6785,133.47,5,277,48
2021-10-01,Este,Accesorios,372.9,83.77203495668151,0,218,46
2021-10-01,Oeste,Ropa Casual,677.19,118.79812509389336,0,323,73
2021-10-01,Oeste,Ropa Formal,863.3130000000001,253.38,10,403,79
2021-10-01,Oeste,Deportivo,523.94,142.39,0,270,50
2021-10-01,Oeste,Accesorios,497.838,113.34,10,228,40
2021-10-01,Centro,Ropa Casual,1226.757,302.34,5,579,120
2021-10-01,Centro,Ropa Formal,1197.7513485449208,310.35,5,636,122
2021-10-01,Centro,Deportivo,985.38,218.33,0,484,106
2021-10-01,Centro,Accesorios,641.586,189.74,10,250,61
2021-10-02,Norte,Ropa Casual,770.8470000000001,186.41,10,376,71
2021-10-02,Norte,Ropa Formal,869.52,203.58,0,422,78
2021-10-02,Norte,Deportivo,734.643,164.72,15,302,61
2021-10-02,Norte,Accesorios,463.6940000000001,102.81,10,228,40
2021-10-02,Sur,Ropa Casual,659.17,150.0172314251704,0,313,72
2021-10-02,Sur,Ropa Formal,674.2219999999999,72.41,15,281,57
2021-10-02,Sur,Deportivo,614.8359999999999,118.29,15,273,54
2021-10-02,Sur,Accesorios,403.32,49.55,20,183,35
2021-10-02,Este,Ropa Casual,606.44,182.55,0,310,59
2021-10-02,Este,Ropa Formal,994.686,191.76531470764394,10,450,94
2021-10-02,Este,Deportivo,568.5441988687772,124.05,20,240,49
2021-10-02,Este,Accesorios,464.09000000000003,117.83,10,211,46
2021-10-02,Oeste,Ropa Casual,810.24,198.64,20,341,65
2021-10-02,Oeste,Ropa Formal,739.59,225.19,0,357,72
2021-10-02,Oeste,Deportivo,711.99,189.44,0,356,65
2021-10-02,Oeste,Accesorios,513.436,66.02,10,256,52
2021-10-02,Centro,Ropa Casual,1252.603,270.0,10,552,114
2021-10-02,Centro,Ropa Formal,1206.787,296.6,15,531,101
2021-10-02,Centro,Deportivo,972.22,176.31,0,517,102
2021-10-02,Centro,Accesorios,724.59,192.91,0,366,72
2021-10-03,Norte,Ropa Casual,949.047,200.25,10,439,94
2021-10-03,Norte,Ropa Formal,1130.2085,202.61,15,475,102
2021-10-03,Norte,Deportivo,695.7959999999999,175.11,15,294,58
2021-10-03,Norte,Accesorios,488.59,138.33,0,251,50
2021-10-03,Sur,Ropa Casual,676.453,93.54697163713733,15,313,63
2021-10-03,Sur,Ropa Formal,641.4002535577569,116.4,15,299,63
2021-10-03,Sur,Deportivo,327.72,73.55,0,127,26
2021-10-03,Sur,Accesorios,316.60997431466103,77.0,20,151,32
2021-10-03,Este,Ropa Casual,732.589,146.83,10,332,67
2021-10-03,Este,Ropa Formal,1064.4,208.97,0,533,110
2021-10-03,Este,Deportivo,634.964,130.27,10,341,55
2021-10-03,Este,Accesorios,434.7575,108.57,15,190,40
2021-10-03,Oeste,Ropa Casual,806.68,183.69,0,439,76
2021-10-03,Oeste,Ropa Formal,861.0165,207.36,15,402,76
2021-10-03,Oeste,Deportivo,619.1479987008264,108.09,15,287,61
2021-10-03,Oeste,Accesorios,414.57,108.75,0,216,33
2021-10-03,Centro,Ropa Casual,1139.6000000000001,276.99945214051786,10,507,99
2021-10-03,Centro,Ropa Formal,1361.833,289.03,10,634,121
2021-10-03,Centro,Deportivo,803.46,190.78,0,406,83
2021-10-03,Centro,Accesorios,657.0520000000001,133.14328146408252,10,288,64
2021-10-04,Norte,Ropa Casual,584.0897445916336,164.95,0,306,62
2021-10-04,Norte,Ropa Formal,1040.26,236.58,0,512,103
2021-10-04,Norte,Deportivo,718.6095,172.8683298738371,5,360,68
2021-10-04,Norte,Accesorios,523.341,72.24,5,221,50
2021-10-04,Sur,Ropa Casual,499.97,107.0921096712967,0,231,51
2021-10-04,Sur,Ropa Formal,772.3,146.67002827212627,0,392,76
2021-10-04,Sur,Deportivo,396.92,107.34,0,213,48
2021-10-04,Sur,Accesorios,424.31550000000004,110.54,5,225,35
2021-10-04,Este,Ropa Casual,629.38,190.06,0,312,55
2021-10-04,Este,Ropa Formal,1038.15,154.28,0,515,100
2021-10-04,Este,Deportivo,806.799,158.58,5,352,78
2021-10-04,Este,Accesorios,368.0292946436205,103.04,0,183,45
2021-10-04,Oeste,Ropa Casual,518.78,168.96,0,285,44
2021-10-04,Oeste,Ropa Formal,904.98,235.39,0,449,104
2021-10-04,Oeste,Deportivo,571.9409079110277,159.82,5,305,56
2021-10-04,Oeste,Accesorios,566.2860000000001,88.33,5,270,47
2021-10-04,Centro,Ropa Casual,1159.9455,203.51730819552967,5,552,106
2021-10-04,Centro,Ropa Formal,1199.1430000000003,357.76,10,518,109
2021-10-04,Centro,Deportivo,855.17,194.54,0,467,92
2021-10-04,Centro,Accesorios,655.6109378069357,144.54,10,315,68
2021-10-05,Norte,Ropa Casual,810.9570000000001,162.18,5,377,80
2021-10-05,Norte,Ropa Formal,1211.38,208.35420066393962,0,575,119
2021-10-05,Norte,Deportivo,631.81,165.97,0,317,55
2021-10-05,Norte,Accesorios,390.19940417909373,107.04,0,230,41
2021-10-05,Sur,Ropa Casual,608.95,140.0,0,306,71
2021-10-05,Sur,Ropa Formal,620.18,165.08,0,322,57
2021-10-05,Sur,Deportivo,515.2245,146.1,5,270,52
2021-10-05,Sur,Accesorios,312.17,47.62,0,190,28
2021-10-05,Este,Ropa Casual,808.15,197.75,0,380,88
2021-10-05,Este,Ropa Formal,857.871,217.26,5,415,82
2021-10-05,Este,Deportivo,398.4,112.58,0,222,33
2021-10-05,Este,Accesorios,473.52,102.91,0,259,47
2021-10-05,Oeste,Ropa Casual,728.81,199.68,0,368,68
2021-10-05,Oeste,Ropa Formal,1007.748,234.82,5,477,95
2021-10-05,Oeste,Deportivo,653.3520000000001,156.1,5,272,63
2021-10-05,Oeste,Accesorios,551.25,120.38,0,270,55
2021-10-05,Centro,Ropa Casual,1174.19,272.45,0,562,117
2021-10-05,Centro,Ropa Formal,1075.7660025440464,320.246420351415,0,641,117
2021-10-05,Centro,Deportivo,793.51,235.07,0,372,79
2021-10-05,Centro,Accesorios,710.8815,194.99,5,332,68
2021-10-06,Norte,Ropa Casual,882.51,203.62,0,408,93
2021-10-06,Norte,Ropa Formal,993.78,242.69,0,480,105
2021-10-06,Norte,Deportivo,583.6005,143.14,5,260,50
2021-10-06,Norte,Accesorios,485.79,118.33,0,264,46
2021-10-06,Sur,Ropa Casual,455.18,102.25,0,225,45
2021-10-06,Sur,Ropa Formal,496.23,106.03,0,222,54
2021-10-06,Sur,Deportivo,457.7,159.5,0,213,43
2021-10-06,Sur,Accesorios,363.636,64.78,5,180,29
2021-10-06,Este,Ropa Casual,872.35,165.32,0,415,85
2021-10-06,Este,Ropa Formal,743.18,200.53,0,311,69
2021-10-06,Este,Deportivo,516.06,106.25,0,241,54
2021-10-06,Este,Accesorios,346.794,114.55,5,118,39
2021-10-06,Oeste,Ropa Casual,672.609,206.3035789520472,5,326,72
2021-10-06,Oeste,Ropa Formal,780.41,207.98,0,401,67
2021-10-06,Oeste,Deportivo,720.825,169.48,5,329,70
2021-10-06,Oeste,Accesorios,465.33,81.99,0,222,48
2021-10-06,Centro,Ropa Casual,1087.25,232.83,0,531,100
2021-10-06,Centro,Ropa Formal,1358.5425,296.59,5,662,131
2021-10-06,Centro,Deportivo,824.17,194.39,0,417,78
2021-10-06,Centro,Accesorios,666.4770000000001,169.09,5,311,62
2021-10-07,Norte,Ropa Casual,701.1,241.65,0,326,76
2021-10-07,Norte,Ropa Formal,780.4125,260.5,5,378,64
2021-10-07,Norte,Deportivo,491.4845855356797,156.17829217390548,0,279,45
2021-10-07,Norte,Accesorios,391.36650000000003,125.55,5,221,29
2021-10-07,Sur,Ropa Casual,532.03,126.64,0,268,49
2021-10-07,Sur,Ropa Formal,553.88,165.52,0,296,52
2021-10-07,Sur,Deportivo,490.68600000000004,67.12,5,243,51
2021-10-07,Sur,Accesorios,410.39250000000004,65.06,5,187,39
2021-10-07,Este,Ropa Casual,775.533,163.24,10,364,72
2021-10-07,Este,Ropa Formal,589.2680943837088,216.66,5,327,67
2021-10-07,Este,Deportivo,546.86,146.35,0,287,56
2021-10-07,Este,Accesorios,473.44,91.26,0,262,53
2021-10-07,Oeste,Ropa Casual,1017.3570000000001,169.09,10,490,79
2021-10-07,Oeste,Ropa Formal,853.21,188.18,0,441,84
2021-10-07,Oeste,Deportivo,637.32,132.15,0,320,69
2021-10-07,Oeste,Accesorios,405.97,69.38,0,185,35
2021-10-07,Centro,Ropa Casual,1059.3870000000002,242.19,5,534,96
2021-10-07,Centro,Ropa Formal,1126.85,323.17,0,545,116
2021-10-07,Centro,Deportivo,855.645,191.1,5,416,82
2021-10-07,Centro,Accesorios,631.47,155.1,0,293,63
2021-10-08,Norte,Ropa Casual,769.34,188.62,0,367,71
2021-10-08,Norte,Ropa Formal,917.5454425226578,156.3,5,491,95
2021-10-08,Norte,Deportivo,638.72,157.26,0,348,59
2021-10-08,Norte,Accesorios,511.308,125.44,5,227,54
2021-10-08,Sur,Ropa Casual,639.43,145.82,0,351,65
2021-10-08,Sur,Ropa Formal,642.306,187.38,5,294,64
2021-10-08,Sur,Deportivo,381.83,114.3,0,207,38
2021-10-08,Sur,Accesorios,389.33459648930943,75.43,5,209,42
2021-10-08,Este,Ropa Casual,666.44,178.39,0,349,62
2021-10-08,Este,Ropa Formal,839.0655,188.28,5,413,81
2021-10-08,Este,Deportivo,536.42,109.46,0,252,52
2021-10-08,Este,Accesorios,300.18,121.14,0,170,34
2021-10-08,Oeste,Ropa Casual,794.365,209.95,10,363,76
2021-10-08,Oeste,Ropa Formal,1030.689,268.6,10,450,91
2021-10-08,Oeste,Deportivo,630.84,152.76,0,324,70
2021-10-08,Oeste,Accesorios,480.524,85.29,10,248,43
2021-10-08,Centro,Ropa Casual,972.0255888016876,293.98,0,545,107
2021-10-08,Centro,Ropa Formal,1127.2528645817592,285.34,0,680,122
2021-10-08,Centro,Deportivo,768.7798090009798,233.93,0,414,87
2021-10-08,Centro,Accesorios,707.58,178.25,0,354,64
2021-10-09,Norte,Ropa Casual,794.7719999999999,174.31,20,354,66
2021-10-09,Norte,Ropa Formal,1022.68,237.40314231357266,0,562,100
2021-10-09,Norte,Deportivo,674.04,154.918493184985,0,312,69
2021-10-09,Norte,Accesorios,562.0509999999999,142.78,15,236,61
2021-10-09,Sur,Ropa Casual,551.76,132.84,0,253,60
2021-10-09,Sur,Ropa Formal,1004.8610000000001,191.82,10,431,81
2021-10-09,Sur,Deportivo,352.19,141.92,0,173,38
2021-10-09,Sur,Accesorios,297.62,39.32,0,140,27
2021-10-09,Este,Ropa Casual,974.5780000000001,132.12,10,470,82
2021-10-09,Este,Ropa Formal,888.9,186.48,0,442,78
2021-10-09,Este,Deportivo,664.78,184.16,0,347,65
2021-10-09,Este,Accesorios,478.36800000000005,118.89,10,214,42
2021-10-09,Oeste,Ropa Casual,828.414,121.92,15,338,71
2021-10-09,Oeste,Ropa Formal,838.2119999999999,198.76,15,363,66
2021-10-09,Oeste,Deportivo,456.13471553531406,155.43,0,237,50
2021-10-09,Oeste,Accesorios,526.49,112.59,0,278,52
2021-10-09,Centro,Ropa Casual,1081.07,274.03,0,559,114
2021-10-09,Centro,Ropa Formal,1438.8239999999998,314.62,20,616,119
2021-10-09,Centro,Deportivo,797.4,210.19,0,420,81
2021-10-09,Centro,Accesorios,684.78,160.85,0,364,72
2021-10-10,Norte,Ropa Casual,901.62,194.93,20,357,79
2021-10-10,Norte,Ropa Formal,1355.0104999999999,260.48,15,567,116
2021-10-10,Norte,Deportivo,711.275,193.11,15,280,60
2021-10-10,Norte,Accesorios,560.054,106.39,10,250,38
2021-10-10,Sur,Ropa Casual,407.41,134.23,0,187,33
2021-10-10,Sur,Ropa Formal,520.0,150.44,0,230,47
2021-10-10,Sur,Deportivo,420.3594999999999,111.5,15,179,40
2021-10-10,Sur,Accesorios,278.7282029618293,87.95,0,130,24
2021-10-10,Este,Ropa Casual,590.315,128.4,10,248,57
2021-10-10,Este,Ropa Formal,924.4950000000001,187.98,10,388,84
2021-10-10,Este,Deportivo,557.1,135.97,0,284,55
2021-10-10,Este,Accesorios,335.62,124.39,0,138,33
2021-10-10,Oeste,Ropa Casual,758.4477530132665,226.74,0,438,84
2021-10-10,Oeste,Ropa Formal,971.58,161.21,0,505,90
2021-10-10,Oeste,Deportivo,622.4375,160.78,15,247,60
2021-10-10,Oeste,Accesorios,482.911,122.56,10,158,42
2021-10-10,Centro,Ropa Casual,932.1851078950015,274.5350278410238,0,511,102
2021-10-10,Centro,Ropa Formal,1260.116,312.28,10,569,110
2021-10-10,Centro,Deportivo,793.4964235016228,201.0,0,464,92
2021-10-10,Centro,Accesorios,513.2348412059278,163.88,0,273,46
2021-10-11,Norte,Ropa Casual,897.73,229.28,0,468,87
2021-10-11,Norte,Ropa Formal,1046.65,230.23,0,504,92
2021-10-11,Norte,Deportivo,800.88,125.04194636014876,0,403,85
2021-10-11,Norte,Accesorios,405.49,139.38710273033794,0,186,44
2021-10-11,Sur,Ropa Casual,629.75,96.85,0,312,55
2021-10-11,Sur,Ropa Formal,904.58,136.06,0,487,97
2021-10-11,Sur,Deportivo,447.60985661965657,107.69,0,230,47
2021-10-11,Sur,Accesorios,322.0665,71.63,5,146,37
2021-10-11,Este,Ropa Casual,680.2635,158.26,5,316,67
2021-10-11,Este,Ropa Formal,674.42,227.62,0,338,65
2021-10-11,Este,Deportivo,563.3985000000001,109.28066557905633,5,273,52
2021-10-11,Este,Accesorios,362.58,79.05,0,176,35
2021-10-11,Oeste,Ropa Casual,845.5020000000001,159.58,5,372,79
2021-10-11,Oeste,Ropa Formal,761.77,167.93,0,408,73
2021-10-11,Oeste,Deportivo,602.2695000000001,134.78,5,263,58
2021-10-11,Oeste,Accesorios,411.98,109.89677165392985,0,170,37
2021-10-11,Centro,Ropa Casual,860.75,307.47,0,424,89
2021-10-11,Centro,Ropa Formal,1162.1,377.56,0,596,112
2021-10-11,Centro,Deportivo,857.13,244.14,0,422,87
2021-10-11,Centro,Accesorios,652.974,203.49,5,312,60
2021-10-12,Norte,Ropa Casual,962.7135000000001,205.22,5,437,90
2021-10-12,Norte,Ropa Formal,972.8652965321379,230.3868895504609,0,513,107
2021-10-12,Norte,Deportivo,745.6575,198.74,5,355,76
2021-10-12,Norte,Accesorios,512.1295302694331,103.47,5,287,56
2021-10-12,Sur,Ropa Casual,489.4995,95.05,5,205,49
2021-10-12,Sur,Ropa Formal,913.44,159.79,0,449,91
2021-10-12,Sur,Deportivo,490.1520058764869,71.54,0,276,52
2021-10-12,Sur,Accesorios,338.08,112.25,0,186,24
2021-10-12,Este,Ropa Casual,696.45,132.22,0,328,69
2021-10-12,Este,Ropa Formal,878.955,214.84,5,402,85
2021-10-12,Este,Deportivo,478.93,107.66,0,254,48
2021-10-12,Este,Accesorios,471.11400000000003,107.79,5,212,50
2021-10-12,Oeste,Ropa Casual,804.447,130.26,5,404,74
2021-10-12,Oeste,Ropa Formal,886.16,226.17,0,431,96
2021-10-12,Oeste,Deportivo,587.979,157.34,5,257,58
2021-10-12,Oeste,Accesorios,465.58,99.37,0,231,40
2021-10-12,Centro,Ropa Casual,1095.37,250.89,0,555,116
2021-10-12,Centro,Ropa Formal,1305.06,302.79314676768485,0,656,130
2021-10-12,Centro,Deportivo,944.71,241.33,0,447,89
2021-10-12,Centro,Accesorios,617.29,149.41,0,320,63
2021-10-13,Norte,Ropa Casual,917.5215000000001,237.88,5,433,95
2021-10-13,Norte,Ropa Formal,848.4105000000001,205.48,5,405,83
2021-10-13,Norte,Deportivo,707.301,154.85412389358032,5,339,70
2021-10-13,Norte,Accesorios,433.31,107.25,0,244,46
2021-10-13,Sur,Ropa Casual,427.15,101.08,0,206,41
2021-10-13,Sur,Ropa Formal,909.7515,169.19008465071167,5,445,86
2021-10-13,Sur,Deportivo,553.5075,93.85,5,248,51
2021-10-13,Sur,Accesorios,265.07382508407386,82.7,0,185,29
2021-10-13,Este,Ropa Casual,689.5511028185183,190.53,5,382,66
2021-10-13,Este,Ropa Formal,978.67,195.66,0,439,91
2021-10-13,Este,Deportivo,566.475,86.38,5,269,58
2021-10-13,Este,Accesorios,405.49,86.38,0,177,38
2021-10-13,Oeste,Ropa Casual,807.004,171.09,10,371,76
2021-10-13,Oeste,Ropa Formal,860.139,231.88,5,412,80
2021-10-13,Oeste,Deportivo,772.1780000000001,142.46,10,363,67
2021-10-13,Oeste,Accesorios,474.84,97.1,0,248,43
2021-10-13,Centro,Ropa Casual,1038.2,265.98,0,508,107
2021-10-13,Centro,Ropa Formal,1334.35,346.63,0,659,134
2021-10-13,Centro,Deportivo,749.38,186.09162145097298,0,342,68
2021-10-13,Centro,Accesorios,751.63,193.18,10,342,75
2021-10-14,Norte,Ropa Casual,572.48,193.75,0,280,57
2021-10-14,Norte,Ropa Formal,959.49,208.78,0,465,100
2021-10-14,Norte,Deportivo,621.73,151.91,0,287,56
2021-10-14,Norte,Accesorios,506.49,126.97,0,259,46
2021-10-14,Sur,Ropa Casual,641.14,141.83,0,297,69
2021-10-14,Sur,Ropa Formal,676.3,121.93,0,355,72
2021-10-14,Sur,Deportivo,422.04,126.1,0,206,33
2021-10-14,Sur,Accesorios,283.99,102.75,0,116,28
2021-10-14,Este,Ropa Casual,634.1055,230.28,5,288,62
2021-10-14,Este,Ropa Formal,1073.13,199.13,0,523,110
2021-10-14,Este,Deportivo,620.58,135.4,0,308,61
2021-10-14,Este,Accesorios,436.26,82.57,0,231,42
2021-10-14,Oeste,Ropa Casual,776.78,112.44,0,347,90
2021-10-14,Oeste,Ropa Formal,958.08,198.09,0,521,97
2021-10-14,Oeste,Deportivo,794.787,142.5,5,372,80
2021-10-14,Oeste,Accesorios,423.4755,117.71,5,195,37
2021-10-14,Centro,Ropa Casual,1083.46,266.86,0,532,101
2021-10-14,Centro,Ropa Formal,1291.3450000000003,320.58,10,606,112
2021-10-14,Centro,Deportivo,891.55,214.0,0,440,92
2021-10-14,Centro,Accesorios,645.33,161.14,0,316,62
2021-10-15,Norte,Ropa Casual,1168.1985,167.47,5,558,108
2021-10-15,Norte,Ropa Formal,1065.28,239.78,0,542,101
2021-10-15,Norte,Deportivo,829.7850000000001,124.92,10,395,75
2021-10-15,Norte,Accesorios,432.10264538014684,104.03,0,222,54
2021-10-15,Sur,Ropa Casual,590.1315,164.57,5,263,52
2021-10-15,Sur,Ropa Formal,708.9,92.66,0,359,74
2021-10-15,Sur,Deportivo,450.49726466887313,149.27,5,214,47
2021-10-15,Sur,Accesorios,318.153,38.24,10,161,30
2021-10-15,Este,Ropa Casual,657.426,201.53,5,305,56
2021-10-15,Este,Ropa Formal,945.4515,247.4,5,467,85
2021-10-15,Este,Deportivo,581.48,101.65,0,268,58
2021-10-15,Este,Accesorios,507.54,80.56,0,266,65
2021-10-15,Oeste,Ropa Casual,594.93,134.15,0,291,56
2021-10-15,Oeste,Ropa Formal,758.7735961217129,182.28,5,373,77
2021-10-15,Oeste,Deportivo,561.83,162.79,0,274,53
2021-10-15,Oeste,Accesorios,511.1260000000001,98.29,10,243,50
2021-10-15,Centro,Ropa Casual,1341.0540000000003,290.83,10,587,123
2021-10-15,Centro,Ropa Formal,1326.71,289.79,0,667,136
2021-10-15,Centro,Deportivo,667.5375,220.27,5,323,63
2021-10-15,Centro,Accesorios,789.1950000000002,188.94,10,350,73
2021-10-16,Norte,Ropa Casual,778.0520000000001,197.04,10,398,67
2021-10-16,Norte,Ropa Formal,1083.26,295.07,0,545,114
2021-10-16,Norte,Deportivo,665.9,159.87,0,372,68
2021-10-16,Norte,Accesorios,528.747,104.36,15,229,37
2021-10-16,Sur,Ropa Casual,819.352,159.31,15,350,76
2021-10-16,Sur,Ropa Formal,803.47,184.08,0,421,74
2021-10-16,Sur,Deportivo,472.3395,141.26,15,226,47
2021-10-16,Sur,Accesorios,343.761,50.63,10,170,38
2021-10-16,Este,Ropa Casual,748.979,153.11,10,358,72
2021-10-16,Este,Ropa Formal,723.76,202.49,0,378,68
2021-10-16,Este,Deportivo,608.7950000000001,103.94,10,293,59
2021-10-16,Este,Accesorios,325.57800000000003,76.77,10,171,32
2021-10-16,Oeste,Ropa Casual,720.76,205.6,0,374,67
2021-10-16,Oeste,Ropa Formal,834.78,164.69,0,423,77
2021-10-16,Oeste,Deportivo,533.94,85.61,0,252,58
2021-10-16,Oeste,Accesorios,402.74300000000005,82.70534384197515,10,221,24
2021-10-16,Centro,Ropa Casual,1036.9495999781918,280.38,10,521,100
2021-10-16,Centro,Ropa Formal,1712.328,319.57,20,691,130
2021-10-16,Centro,Deportivo,910.1159999999999,231.01,20,354,74
2021-10-16,Centro,Accesorios,601.84,178.9,0,338,63
2021-10-17,Norte,Ropa Casual,990.11,225.46,0,451,97
2021-10-17,Norte,Ropa Formal,1197.9479999999999,235.19,20,458,106
2021-10-17,Norte,Deportivo,636.72,126.25,0,336,66
2021-10-17,Norte,Accesorios,516.925,152.06,15,216,41
2021-10-17,Sur,Ropa Casual,494.74,125.48,0,259,48
2021-10-17,Sur,Ropa Formal,612.9044979071911,168.4636312191444,0,327,61
2021-10-17,Sur,Deportivo,520.04,131.80072195764174,0,273,55
2021-10-17,Sur,Accesorios,341.604,75.23,20,118,32
2021-10-17,Este,Ropa Casual,618.5409999999999,220.23,10,248,41
2021-10-17,Este,Ropa Formal,932.37,255.81,0,462,91
2021-10-17,Este,Deportivo,476.3550000000001,123.42,10,228,38
2021-10-17,Este,Accesorios,437.72300000000007,107.57,10,203,43
2021-10-17,Oeste,Ropa Casual,776.9055,177.11,15,373,66
2021-10-17,Oeste,Ropa Formal,893.76,237.11807830878044,0,443,88
2021-10-17,Oeste,Deportivo,531.622,112.72,15,234,46
2021-10-17,Oeste,Accesorios,481.04,112.33,0,228,46
2021-10-17,Centro,Ropa Casual,1147.8530857516082,268.68,0,634,120
2021-10-17,Centro,Ropa Formal,1281.02,276.83,0,649,137
2021-10-17,Centro,Deportivo,758.18,242.83,0,391,80
2021-10-17,Centro,Accesorios,759.21,187.37,0,387,78
2021-10-18,Norte,Ropa Casual,878.67,205.42,0,440,88
2021-10-18,Norte,Ropa Formal,816.57,294.82,0,413,83
2021-10-18,Norte,Deportivo,566.9159999999999,137.84,5,280,57
2021-10-18,Norte,Accesorios,426.5835,131.8,5,205,48
2021-10-18,Sur,Ropa Casual,886.095,139.99,5,434,86
2021-10-18,Sur,Ropa Formal,1011.3075,156.27,5,475,88
2021-10-18,Sur,Deportivo,512.55,105.99,0,242,47
2021-10-18,Sur,Accesorios,268.65,53.831118840440574,0,140,31
2021-10-18,Este,Ropa Casual,801.1080000000001,145.46540296155268,5,369,70
2021-10-18,Este,Ropa Formal,931.15,233.6,0,472,91
2021-10-18,Este,Deportivo,682.1220000000001,118.23,5,307,61
2021-10-18,Este,Accesorios,402.55,84.9766602672551,0,229,48
2021-10-18,Oeste,Ropa Casual,960.1514999999999,206.41,5,454,92
2021-10-18,Oeste,Ropa Formal,791.16,214.12,0,391,89
2021-10-18,Oeste,Deportivo,504.8195093855465,175.31,0,264,51
2021-10-18,Oeste,Accesorios,562.0020000000001,96.01139593663136,5,266,59
2021-10-18,Centro,Ropa Casual,1005.7740000000001,236.44,10,477,98
2021-10-18,Centro,Ropa Formal,1341.27,389.45,0,682,124
2021-10-18,Centro,Deportivo,904.4805,214.35,5,438,91
2021-10-18,Centro,Accesorios,710.556,157.92,5,315,60
2021-10-19,Norte,Ropa Casual,830.43,192.05,0,435,83
2021-10-19,Norte,Ropa Formal,1108.58,292.34,0,552,110
2021-10-19,Norte,Deportivo,649.59,165.82,0,310,55
2021-10-19,Norte,Accesorios,520.5,144.94,0,226,52
2021-10-19,Sur,Ropa Casual,595.2,80.98,0,299,55
2021-10-19,Sur,Ropa Formal,897.919,148.1229351352608,10,416,85
2021-10-19,Sur,Deportivo,464.51,88.63,0,250,51
2021-10-19,Sur,Accesorios,435.314,76.62,10,188,33
2021-10-19,Este,Ropa Casual,744.76,155.79,0,361,75
2021-10-19,Este,Ropa Formal,702.63,216.4,0,326,65
2021-10-19,Este,Deportivo,549.6750000000001,165.97,5,289,44
2021-10-19,Este,Accesorios,465.822,113.06,5,233,38
2021-10-19,Oeste,Ropa Casual,934.9232852769042,205.42,0,503,103
2021-10-19,Oeste,Ropa Formal,909.8145000000001,196.11,5,429,78
2021-10-19,Oeste,Deportivo,468.84031495024016,149.63,5,254,50
2021-10-19,Oeste,Accesorios,476.76200000000006,84.62,10,208,44
2021-10-19,Centro,Ropa Casual,1164.88,278.57,0,582,122
2021-10-19,Centro,Ropa Formal,1401.4350000000002,361.94,5,638,141
2021-10-19,Centro,Deportivo,711.5680000000001,274.36,10,344,62
2021-10-19,Centro,Accesorios,626.59,176.43,0,312,64
2021-10-20,Norte,Ropa Casual,843.4860000000001,196.83,5,388,77
2021-10-20,Norte,Ropa Formal,1012.1100000000001,288.74,10,455,90
2021-10-20,Norte,Deportivo,448.43,148.03,0,227,47
2021-10-20,Norte,Accesorios,431.27,110.74,0,259,37
2021-10-20,Sur,Ropa Casual,656.31,103.22,0,368,70
2021-10-20,Sur,Ropa Formal,784.056,134.11,5,372,85
2021-10-20,Sur,Deportivo,434.6035140556181,114.64,0,255,46
2021-10-20,Sur,Accesorios,356.85100000000006,53.79,10,165,28
2021-10-20,Este,Ropa Casual,757.9530000000001,173.88,5,375,67
2021-10-20,Este,Ropa Formal,854.29,219.25,0,462,88
2021-10-20,Este,Deportivo,621.68,114.72,0,279,66
2021-10-20,Este,Accesorios,448.38,76.58106554547132,0,198,39
2021-10-20,Oeste,Ropa Casual,794.2220000000001,108.93,10,372,74
2021-10-20,Oeste,Ropa Formal,1285.14,234.92,0,630,136
2021-10-20,Oeste,Deportivo,543.54,175.7,0,280,52
2021-10-20,Oeste,Accesorios,428.175,88.27,10,178,40
2021-10-20,Centro,Ropa Casual,1040.31,258.14,0,503,108
2021-10-20,Centro,Ropa Formal,1141.2175692294638,314.39801044664557,0,640,125
2021-10-20,Centro,Deportivo,686.5797239962567,171.82,0,352,78
2021-10-20,Centro,Accesorios,640.878,159.55,5,307,59
2021-10-21,Norte,Ropa Casual,893.868879064241,229.55,0,493,104
2021-10-21,Norte,Ropa Formal,1009.596,271.5,5,452,86
2021-10-21,Norte,Deportivo,744.4364993500697,172.31,5,363,88
2021-10-21,Norte,Accesorios,506.34,116.44,0,239,44
2021-10-21,Sur,Ropa Casual,447.78,160.89,0,213,41
2021-10-21,Sur,Ropa Formal,655.3575,132.52,5,277,54
2021-10-21,Sur,Deportivo,495.56100000000004,113.06,10,209,37
2021-10-21,Sur,Accesorios,365.6562075793047,35.78,0,215,36
2021-10-21,Este,Ropa Casual,686.72,156.75761579654773,0,330,72
2021-10-21,Este,Ropa Formal,834.7744475338081,224.4,10,431,84
2021-10-21,Este,Deportivo,571.94,118.59,0,298,56
2021-10-21,Este,Accesorios,420.21,68.42,0,186,44
2021-10-21,Oeste,Ropa Casual,767.5042747039101,161.44,5,413,83
2021-10-21,Oeste,Ropa Formal,1091.38,198.08,0,541,104
2021-10-21,Oeste,Deportivo,561.58,113.0,0,247,62
2021-10-21,Oeste,Accesorios,493.845,138.38,10,229,41
2021-10-21,Centro,Ropa Casual,1121.27,283.3,0,542,109
2021-10-21,Centro,Ropa Formal,1370.1135,272.5,5,636,128
2021-10-21,Centro,Deportivo,911.2840000000001,216.49,10,406,86
2021-10-21,Centro,Accesorios,614.4926407886948,163.5,0,351,68
2021-10-22,Norte,Ropa Casual,789.72,185.12608207990255,0,421,76
2021-10-22,Norte,Ropa Formal,956.05,286.3,0,447,98
2021-10-22,Norte,Deportivo,705.37,146.33,0,390,70
2021-10-22,Norte,Accesorios,548.667,141.15,5,236,56
2021-10-22,Sur,Ropa Casual,717.2,81.67,0,343,63
2021-10-22,Sur,Ropa Formal,564.144,260.04,5,286,53
2021-10-22,Sur,Deportivo,494.79,45.49,0,262,47
2021-10-22,Sur,Accesorios,269.91,61.41,0,136,22
2021-10-22,Este,Ropa Casual,651.8715000000001,125.11,5,297,71
2021-10-22,Este,Ropa Formal,1081.794,220.27,5,503,98
2021-10-22,Este,Deportivo,440.1528868829412,123.93,0,250,45
2021-10-22,Este,Accesorios,320.7015,113.0,5,136,37
2021-10-22,Oeste,Ropa Casual,664.76,172.7,0,314,56
2021-10-22,Oeste,Ropa Formal,1013.7554121018869,169.79,0,549,110
2021-10-22,Oeste,Deportivo,696.1080000000001,146.47,5,335,58
2021-10-22,Oeste,Accesorios,317.3273767887196,91.52,0,186,39
2021-10-22,Centro,Ropa Casual,1107.6555,266.7,5,500,106
2021-10-22,Centro,Ropa Formal,1254.67,365.71,0,649,121
2021-10-22,Centro,Deportivo,764.1979255152623,196.51,0,408,88
2021-10-22,Centro,Accesorios,715.6379999999999,140.4,5,330,73
2021-10-23,Norte,Ropa Casual,790.53,242.07,0,398,84
2021-10-23,Norte,Ropa Formal,1147.6190000000001,247.09,10,521,95
2021-10-23,Norte,Deportivo,651.464,138.31,10,335,53
2021-10-23,Norte,Accesorios,498.4870000000001,128.1224767345163,10,241,50
2021-10-23,Sur,Ropa Casual,380.32500000000005,149.56,10,134,30
2021-10-23,Sur,Ropa Formal,717.288,165.63,20,284,64
2021-10-23,Sur,Deportivo,517.632,96.96,20,233,38
2021-10-23,Sur,Accesorios,401.41200000000003,62.76,10,174,35
2021-10-23,Este,Ropa Casual,809.7210000000001,199.87,10,367,68
2021-10-23,Este,Ropa Formal,757.7694999999999,172.84,15,333,63
2021-10-23,Este,Deportivo,551.133,160.06,10,270,52
2021-10-23,Este,Accesorios,374.97900000000004,108.6,10,163,32
2021-10-23,Oeste,Ropa Casual,934.9010000000001,178.78,10,413,88
2021-10-23,Oeste,Ropa Formal,980.8464999999999,240.97,15,391,84
2021-10-23,Oeste,Deportivo,627.17,101.11,0,310,64
2021-10-23,Oeste,Accesorios,373.32,91.83,0,202,45
2021-10-23,Centro,Ropa Casual,1281.936,296.04,20,540,104
2021-10-23,Centro,Ropa Formal,1085.07,373.39,0,535,108
2021-10-23,Centro,Deportivo,1232.5124999999998,224.81,15,512,100
2021-10-23,Centro,Accesorios,802.308,170.47,20,347,63
2021-10-24,Norte,Ropa Casual,781.8734999999999,219.8,15,345,66
2021-10-24,Norte,Ropa Formal,939.9170000000001,177.57,10,441,86
2021-10-24,Norte,Deportivo,656.0840000000001,126.0,10,294,68
2021-10-24,Norte,Accesorios,471.23,150.42,0,279,50
2021-10-24,Sur,Ropa Casual,476.82,127.55,0,211,50
2021-10-24,Sur,Ropa Formal,695.6,211.97,0,346,69
2021-10-24,Sur,Deportivo,434.46700000000004,86.36,10,188,44
2021-10-24,Sur,Accesorios,283.32,72.92,0,123,29
2021-10-24,Este,Ropa Casual,714.879,149.85,10,324,61
2021-10-24,Este,Ropa Formal,983.59,220.33,0,506,108
2021-10-24,Este,Deportivo,712.2064999999999,124.95,15,328,57
2021-10-24,Este,Accesorios,474.93,82.13,0,216,51
2021-10-24,Oeste,Ropa Casual,708.377,182.94,15,317,63
2021-10-24,Oeste,Ropa Formal,937.2023615844413,211.42,10,446,91
2021-10-24,Oeste,Deportivo,643.632,115.67,15,278,56
2021-10-24,Oeste,Accesorios,472.67,109.77,10,256,55
2021-10-24,Centro,Ropa Casual,1063.12246848311,291.77680232442424,15,551,100
2021-10-24,Centro,Ropa Formal,1435.6430000000003,355.77,10,652,131
2021-10-24,Centro,Deportivo,775.52,206.92,0,369,81
2021-10-24,Centro,Accesorios,839.6039999999999,171.77,20,352,76
2021-10-25,Norte,Ropa Casual,930.5120000000001,194.86423630812712,10,409,74
2021-10-25,Norte,Ropa Formal,982.944,293.87,20,404,84
2021-10-25,Norte,Deportivo,784.74,170.63,20,321,63
2021-10-25,Norte,Accesorios,434.59499999999997,101.9,5,202,46
2021-10-25,Sur,Ropa Casual,608.3385000000001,141.35,5,293,58
2021-10-25,Sur,Ropa Formal,773.993,222.93,10,358,69
2021-10-25,Sur,Deportivo,481.6875,122.54,5,190,46
2021-10-25,Sur,Accesorios,406.81199999999995,65.76,20,173,38
2021-10-25,Este,Ropa Casual,693.2090000000001,195.5171248352319,10,333,67
2021-10-25,Este,Ropa Formal,1320.228,123.25,30,536,108
2021-10-25,Este,Deportivo,598.6750000000001,143.05,10,269,56
2021-10-25,Este,Accesorios,499.0965,74.25,5,213,48
2021-10-25,Oeste,Ropa Casual,1015.6080000000001,217.76,10,433,89
2021-10-25,Oeste,Ropa Formal,929.943,134.95,5,456,93
2021-10-25,Oeste,Deportivo,531.0380141801631,133.42,5,250,57
2021-10-25,Oeste,Accesorios,534.564,105.99,20,215,35
2021-10-25,Centro,Ropa Casual,1366.6730000000002,260.35,10,624,124
2021-10-25,Centro,Ropa Formal,1687.0810000000001,264.24,10,754,157
2021-10-25,Centro,Deportivo,1007.4680000000001,191.69174980318144,10,462,95
2021-10-25,Centro,Accesorios,733.188,170.56,20,326,68
2021-10-26,Norte,Ropa Casual,935.8050000000001,188.46,30,349,79
2021-10-26,Norte,Ropa Formal,1051.0815,203.48052574329841,5,513,98
2021-10-26,Norte,Deportivo,772.9737840242611,147.8,30,317,69
2021-10-26,Norte,Accesorios,498.67400000000004,110.85,10,218,45
2021-10-26,Sur,Ropa Casual,759.616,117.53,10,361,65
2021-10-26,Sur,Ropa Formal,710.2810000000001,104.94,10,396,65
2021-10-26,Sur,Deportivo,510.41100000000006,64.53,10,214,48
2021-10-26,Sur,Accesorios,439.65600000000006,80.98,5,159,41
2021-10-26,Este,Ropa Casual,859.82,133.67,30,311,71
2021-10-26,Este,Ropa Formal,823.308,227.28,20,345,73
2021-10-26,Este,Deportivo,599.28,177.8,10,291,57
2021-10-26,Este,Accesorios,553.164,114.04,20,220,37
2021-10-26,Oeste,Ropa Casual,722.1840000000001,246.58,20,287,54
2021-10-26,Oeste,Ropa Formal,1214.941,267.1,30,476,91
2021-10-26,Oeste,Deportivo,567.0390000000001,120.34,10,254,48
2021-10-26,Oeste,Accesorios,460.428,97.32,20,195,38
2021-10-26,Centro,Ropa Casual,1615.272,285.16,20,678,138
2021-10-26,Centro,Ropa Formal,1572.48,318.32,20,668,133
2021-10-26,Centro,Deportivo,1011.0537437517428,227.75,30,428,80
2021-10-26,Centro,Accesorios,649.6875,193.52,5,267,62
2021-10-27,Norte,Ropa Casual,1128.228,162.0,20,506,96
2021-10-27,Norte,Ropa Formal,1151.8540000000003,314.33,10,493,99
2021-10-27,Norte,Deportivo,855.456,152.27015662433473,20,371,78
2021-10-27,Norte,Accesorios,517.092,137.5,20,238,41
2021-10-27,Sur,Ropa Casual,535.9515,145.78,5,263,59
2021-10-27,Sur,Ropa Formal,1050.8999999999999,152.02187507177374,20,444,79
2021-10-27,Sur,Deportivo,489.57300000000004,104.0,5,228,44
2021-10-27,Sur,Accesorios,373.516,88.21,10,188,42
2021-10-27,Este,Ropa Casual,683.441,177.24,10,301,64
2021-10-27,Este,Ropa Formal,1102.998,160.07,30,448,78
2021-10-27,Este,Deportivo,508.3575,144.11,5,237,43
2021-10-27,Este,Accesorios,406.749,90.56,5,219,42
2021-10-27,Oeste,Ropa Casual,834.6345,181.94,5,374,72
2021-10-27,Oeste,Ropa Formal,908.1270000000002,180.13286418950977,10,416,81
2021-10-27,Oeste,Deportivo,589.5435000000001,168.1,5,280,58
2021-10-27,Oeste,Accesorios,466.557,86.87095655716469,30,132,37
2021-10-27,Centro,Ropa Casual,1289.222,241.25,10,579,116
2021-10-27,Centro,Ropa Formal,1147.638595190026,346.44,5,579,125
2021-10-27,Centro,Deportivo,943.3515,181.1443816258693,5,464,82
2021-10-27,Centro,Accesorios,781.3740000000001,184.94,10,384,69
2021-10-28,Norte,Ropa Casual,922.4879999999999,191.58,20,416,73
2021-10-28,Norte,Ropa Formal,1045.8239999999998,201.15,20,471,79
2021-10-28,Norte,Deportivo,833.898,150.22,30,327,68
2021-10-28,Norte,Accesorios,552.486,129.02364681418203,10,260,45
2021-10-28,Sur,Ropa Casual,588.2043124708396,88.12,20,274,46
2021-10-28,Sur,Ropa Formal,757.8890000000001,92.3,10,308,69
2021-10-28,Sur,Deportivo,548.544,111.37,20,226,55
2021-10-28,Sur,Accesorios,416.604,47.3,20,156,34
2021-10-28,Este,Ropa Casual,813.7679999999999,136.67,20,337,74
2021-10-28,Este,Ropa Formal,870.0560000000002,177.61,10,367,72
2021-10-28,Este,Deportivo,739.0889999999999,126.58,30,259,63
2021-10-28,Este,Accesorios,436.53599999999994,135.64,20,213,38
2021-10-28,Oeste,Ropa Casual,728.091,178.24,5,345,68
2021-10-28,Oeste,Ropa Formal,1112.808,200.64,20,455,106
2021-10-28,Oeste,Deportivo,635.3338215681512,100.08,20,310,62
2021-10-28,Oeste,Accesorios,395.03200000000004,110.62,10,110,37
2021-10-28,Centro,Ropa Casual,1048.803,279.21,5,494,98
2021-10-28,Centro,Ropa Formal,1271.4660000000001,309.13,5,620,123
2021-10-28,Centro,Deportivo,937.5840000000001,200.04,20,361,82
2021-10-28,Centro,Accesorios,662.2880000000001,192.57,10,296,62
2021-10-29,Norte,Ropa Casual,723.264,265.44,20,304,57
2021-10-29,Norte,Ropa Formal,999.8415000000001,300.71,5,491,89
2021-10-29,Norte,Deportivo,697.455,183.97,10,307,56
2021-10-29,Norte,Accesorios,728.312,98.33,30,270,58
2021-10-29,Sur,Ropa Casual,527.5095,130.98,5,241,45
2021-10-29,Sur,Ropa Formal,891.969,225.67,30,331,62
2021-10-29,Sur,Deportivo,476.151,84.04,30,195,35
2021-10-29,Sur,Accesorios,280.476,67.85,5,131,29
2021-10-29,Este,Ropa Casual,820.9425000000001,130.56,5,403,64
2021-10-29,Este,Ropa Formal,1048.428,123.69,20,467,87
2021-10-29,Este,Deportivo,732.864,123.88,20,322,63
2021-10-29,Este,Accesorios,423.72,114.9,10,176,42
2021-10-29,Oeste,Ropa Casual,574.5705,184.41,5,251,53
2021-10-29,Oeste,Ropa Formal,819.2520000000001,222.47866232074122,5,401,66
2021-10-29,Oeste,Deportivo,637.3815,119.31,5,298,69
2021-10-29,Oeste,Accesorios,646.399,89.9,30,246,43
2021-10-29,Centro,Ropa Casual,1091.4530000000002,241.28,10,508,99
2021-10-29,Centro,Ropa Formal,1526.301,336.49,5,689,142
2021-10-29,Centro,Deportivo,979.745,216.01,30,397,68
2021-10-29,Centro,Accesorios,739.9700000000001,165.13,10,335,68
2021-10-30,Norte,Ropa Casual,868.9859999999999,169.76,15,400,78
2021-10-30,Norte,Ropa Formal,1188.492,216.81,20,475,104
2021-10-30,Norte,Deportivo,834.588,210.88,20,354,73
2021-10-30,Norte,Accesorios,498.5825,105.71,15,244,45
2021-10-30,Sur,Ropa Casual,479.23,123.77,0,248,45
2021-10-30,Sur,Ropa Formal,685.806,162.14,10,319,65
2021-10-30,Sur,Deportivo,345.65549999999996,104.65,15,172,28
2021-10-30,Sur,Accesorios,455.964,86.11,20,180,38
2021-10-30,Este,Ropa Casual,934.49,170.43,15,366,82
2021-10-30,Este,Ropa Formal,1212.91,195.45,0,621,116
2021-10-30,Este,Deportivo,551.724487937542,173.14,0,285,59
2021-10-30,Este,Accesorios,412.056,111.39,20,155,38
2021-10-30,Oeste,Ropa Casual,931.49,145.79,0,474,88
2021-10-30,Oeste,Ropa Formal,707.08,200.53,0,385,73
2021-10-30,Oeste,Deportivo,673.91,118.9,0,361,63
2021-10-30,Oeste,Accesorios,371.31,111.4324390345847,0,179,29
2021-10-30,Centro,Ropa Casual,1136.696,306.25,10,515,98
2021-10-30,Centro,Ropa Formal,1150.089263946829,319.29,0,645,130
2021-10-30,Centro,Deportivo,803.03,221.25,0,423,80
2021-10-30,Centro,Accesorios,665.71,175.21,0,311,72
2021-10-31,Norte,Ropa Casual,677.68,222.82,0,336,64
2021-10-31,Norte,Ropa Formal,1296.2685,262.39,15,630,107
2021-10-31,Norte,Deportivo,599.7,182.03,0,295,64
2021-10-31,Norte,Accesorios,555.16,105.17,0,285,53
2021-10-31,Sur,Ropa Casual,537.35,99.97,0,261,56
2021-10-31,Sur,Ropa Formal,661.411,139.0,15,247,51
2021-10-31,Sur,Deportivo,506.02299999999997,97.0,15,214,48
2021-10-31,Sur,Accesorios,425.22799469998273,55.16,15,214,42
2021-10-31,Este,Ropa Casual,809.57,138.96,0,453,82
2021-10-31,Este,Ropa Formal,945.185,159.8,15,443,83
2021-10-31,Este,Deportivo,564.4430000000001,111.98,10,252,56
2021-10-31,Este,Accesorios,420.37,103.68,0,215,39
2021-10-31,Oeste,Ropa Casual,665.676,174.1,10,285,60
2021-10-31,Oeste,Ropa Formal,1044.39,234.98,0,502,107
2021-10-31,Oeste,Deportivo,681.043,145.18,10,298,54
2021-10-31,Oeste,Accesorios,424.64,107.77,0,230,48
2021-10-31,Centro,Ropa Casual,1348.548,266.36,20,558,108
2021-10-31,Centro,Ropa Formal,1429.33,383.85,0,723,140
2021-10-31,Centro,Deportivo,1067.916,237.39,20,456,90
2021-10-31,Centro,Accesorios,684.22,162.75,0,342,66
2021-11-01,Norte,Ropa Casual,867.2950000000001,200.32,10,408,80
2021-11-01,Norte,Ropa Formal,886.12,223.07,0,430,100
2021-11-01,Norte,Deportivo,560.09,153.4,0,277,53
2021-11-01,Norte,Accesorios,499.57,116.83,0,251,44
2021-11-01,Sur,Ropa Casual,600.5005543671712,98.77,0,328,60
2021-11-01,Sur,Ropa Formal,848.089,120.04872846975601,10,423,67
2021-11-01,Sur,Deportivo,370.2195,120.08,5,176,34
2021-11-01,Sur,Accesorios,350.1435,62.03,5,187,36
2021-11-01,Este,Ropa Casual,599.5815,189.56,5,277,59
2021-11-01,Este,Ropa Formal,733.4985,219.36134949414244,5,375,64
2021-11-01,Este,Deportivo,668.7345,140.14,5,332,59
2021-11-01,Este,Accesorios,367.93,86.87,0,214,37
2021-11-01,Oeste,Ropa Casual,832.0,150.61,0,424,82
2021-11-01,Oeste,Ropa Formal,1152.04,208.37,0,589,113
2021-11-01,Oeste,Deportivo,675.7630000000001,179.18,10,362,58
2021-11-01,Oeste,Accesorios,536.55,72.98558083986622,0,276,53
2021-11-01,Centro,Ropa Casual,1094.09,276.32,0,549,104
2021-11-01,Centro,Ropa Formal,1657.2930000000003,358.77,10,735,152
2021-11-01,Centro,Deportivo,935.466,223.7,5,435,85
2021-11-01,Centro,Accesorios,687.32,198.58,0,354,62
2021-11-02,Norte,Ropa Casual,896.6895000000001,194.87343192118493,5,463,89
2021-11-02,Norte,Ropa Formal,830.0145,241.11,5,443,83
2021-11-02,Norte,Deportivo,614.7,164.79,0,304,62
2021-11-02,Norte,Accesorios,525.55,171.33,0,265,55
2021-11-02,Sur,Ropa Casual,542.514,87.41,5,272,49
2021-11-02,Sur,Ropa Formal,572.4524907185465,126.75,0,307,59
2021-11-02,Sur,Deportivo,424.17900000000003,81.19,5,218,44
2021-11-02,Sur,Accesorios,363.12,117.75,0,169,41
2021-11-02,Este,Ropa Casual,646.67,141.37,0,333,58
2021-11-02,Este,Ropa Formal,892.95,241.36,0,459,93
2021-11-02,Este,Deportivo,713.4330000000001,99.03,5,325,61
2021-11-02,Este,Accesorios,499.47,102.69,0,264,55
2021-11-02,Oeste,Ropa Casual,847.02,188.51,0,418,86
2021-11-02,Oeste,Ropa Formal,755.89,170.71,0,364,77
2021-11-02,Oeste,Deportivo,643.629,148.49,5,324,62
2021-11-02,Oeste,Accesorios,425.3849835365452,105.76,0,243,52
2021-11-02,Centro,Ropa Casual,1330.5285000000001,301.62,5,629,127
2021-11-02,Centro,Ropa Formal,1343.4225000000001,319.02,5,672,127
2021-11-02,Centro,Deportivo,1113.53,210.82,0,571,115
2021-11-02,Centro,Accesorios,598.44,148.71,0,310,63
2021-11-03,Norte,Ropa Casual,675.48,221.12,0,297,71
2021-11-03,Norte,Ropa Formal,1294.9125000000001,199.51,5,590,127
2021-11-03,Norte,Deportivo,666.391,184.89,10,312,58
2021-11-03,Norte,Accesorios,530.2550000000001,118.55,10,231,46
2021-11-03,Sur,Ropa Casual,573.216,108.0,5,285,56
2021-11-03,Sur,Ropa Formal,380.9808736600209,184.63,0,218,45
2021-11-03,Sur,Deportivo,506.26800000000003,56.99,5,243,53
2021-11-03,Sur,Accesorios,463.386,113.93,5,227,38
2021-11-03,Este,Ropa Casual,816.87,171.01,0,405,84
2021-11-03,Este,Ropa Formal,649.32,245.29,0,333,72
2021-11-03,Este,Deportivo,748.4085,109.18,5,352,69
2021-11-03,Este,Accesorios,513.05,98.15,0,256,49
2021-11-03,Oeste,Ropa Casual,801.28,152.66,0,411,82
2021-11-03,Oeste,Ropa Formal,1044.477,171.54,5,493,104
2021-11-03,Oeste,Deportivo,666.072,126.54,10,324,56
2021-11-03,Oeste,Accesorios,364.7142745599301,92.19,5,155,32
2021-11-03,Centro,Ropa Casual,1029.69,275.65,0,507,109
2021-11-03,Centro,Ropa Formal,1188.47,352.49,0,587,122
2021-11-03,Centro,Deportivo,1001.3535,219.74,5,492,100
2021-11-03,Centro,Accesorios,686.469,175.8,5,360,61
2021-11-04,Norte,Ropa Casual,757.4620091557814,166.38,0,382,84
2021-11-04,Norte,Ropa Formal,1276.2435,224.53,5,629,119
2021-11-04,Norte,Deportivo,780.2445,164.04,5,331,74
2021-11-04,Norte,Accesorios,443.961,115.21,5,185,37
2021-11-04,Sur,Ropa Casual,691.0420404029644,179.86,10,348,76
2021-11-04,Sur,Ropa Formal,744.2925,179.1,5,357,67
2021-11-04,Sur,Deportivo,384.55,26.44,0,182,42
2021-11-04,Sur,Accesorios,260.47,73.54,0,114,27
2021-11-04,Este,Ropa Casual,670.6526588915218,132.57,0,358,78
2021-11-04,Este,Ropa Formal,930.59,201.46,0,501,100
2021-11-04,Este,Deportivo,535.3530000000001,91.29,5,272,53
2021-11-04,Este,Accesorios,420.56,90.91,0,219,36
2021-11-04,Oeste,Ropa Casual,815.7764999999999,202.3,5,394,74
2021-11-04,Oeste,Ropa Formal,1143.54,189.73,0,538,123
2021-11-04,Oeste,Deportivo,506.69,134.16399451349983,0,281,46
2021-11-04,Oeste,Accesorios,504.252,110.82,5,261,44
2021-11-04,Centro,Ropa Casual,1017.5865,284.77,5,480,95
2021-11-04,Centro,Ropa Formal,1495.3995000000002,369.04,5,726,140
2021-11-04,Centro,Deportivo,997.0905,240.62,5,456,95
2021-11-04,Centro,Accesorios,725.86,191.19,0,370,80
2021-11-05,Norte,Ropa Casual,613.34,212.77729054474793,0,320,57
2021-11-05,Norte,Ropa Formal,1049.36,252.51,0,528,110
2021-11-05,Norte,Deportivo,661.3215,109.15,5,317,63
2021-11-05,Norte,Accesorios,454.66,166.9,0,208,39
2021-11-05,Sur,Ropa Casual,568.45,148.98,0,298,58
2021-11-05,Sur,Ropa Formal,912.3534018436732,132.36,10,468,88
2021-11-05,Sur,Deportivo,411.14,61.15,0,202,41
2021-11-05,Sur,Accesorios,330.6975,43.92,5,179,40
2021-11-05,Este,Ropa Casual,745.04,156.89554999241494,0,378,67
2021-11-05,Este,Ropa Formal,964.34,188.47,0,496,95
2021-11-05,Este,Deportivo,596.03,120.46,0,292,59
2021-11-05,Este,Accesorios,488.49150000000003,106.06,5,214,44
2021-11-05,Oeste,Ropa Casual,567.743,141.7411796731382,10,257,52
2021-11-05,Oeste,Ropa Formal,825.6882622548604,264.71,0,470,89
2021-11-05,Oeste,Deportivo,638.52,129.19,0,319,68
2021-11-05,Oeste,Accesorios,372.86550000000005,112.68,5,168,34
2021-11-05,Centro,Ropa Casual,1395.83,292.31,0,744,134
2021-11-05,Centro,Ropa Formal,1200.51,345.57,0,608,116
2021-11-05,Centro,Deportivo,719.271,253.38,5,356,59
2021-11-05,Centro,Accesorios,708.2985000000001,167.1,5,341,68
2021-11-06,Norte,Ropa Casual,879.08,218.2,0,448,87
2021-11-06,Norte,Ropa Formal,905.7708234175786,275.52,0,488,103
2021-11-06,Norte,Deportivo,685.99,139.36,0,366,66
2021-11-06,Norte,Accesorios,616.2599999999999,109.65768571442669,20,306,56
2021-11-06,Sur,Ropa Casual,630.7840000000001,165.82,10,318,63
2021-11-06,Sur,Ropa Formal,904.1759999999999,196.09,15,388,88
2021-11-06,Sur,Deportivo,488.08,92.0,0,246,49
2021-11-06,Sur,Accesorios,342.16600000000005,79.45,10,139,24
2021-11-06,Este,Ropa Casual,963.6990000000001,167.13,10,400,86
2021-11-06,Este,Ropa Formal,674.49,217.85,0,322,73
2021-11-06,Este,Deportivo,624.272,128.81,10,274,64
2021-11-06,Este,Accesorios,430.023,97.2,10,236,39
2021-11-06,Oeste,Ropa Casual,673.68,143.35,0,326,69
2021-11-06,Oeste,Ropa Formal,836.1800452565182,217.23,10,410,79
2021-11-06,Oeste,Deportivo,681.27,129.85,0,344,64
2021-11-06,Oeste,Accesorios,419.672,124.83,10,177,44
2021-11-06,Centro,Ropa Casual,995.26,288.55,0,509,107
2021-11-06,Centro,Ropa Formal,1683.0134999999998,379.89,15,728,142
2021-11-06,Centro,Deportivo,861.1494848020901,224.22,10,405,87
2021-11-06,Centro,Accesorios,799.9420000000001,146.49,10,369,74
2021-11-07,Norte,Ropa Casual,830.3668946747383,217.61,10,416,83
2021-11-07,Norte,Ropa Formal,981.77,310.85,0,496,100
2021-11-07,Norte,Deportivo,640.67,167.44,0,343,62
2021-11-07,Norte,Accesorios,518.804,133.16,10,232,43
2021-11-07,Sur,Ropa Casual,771.7963677500427,125.74,15,374,63
2021-11-07,Sur,Ropa Formal,635.808,179.87538702389102,20,257,56
2021-11-07,Sur,Deportivo,369.01700000000005,103.62,10,156,34
2021-11-07,Sur,Accesorios,433.512,95.0,20,172,37
2021-11-07,Este,Ropa Casual,882.948,150.8816190526049,10,417,79
2021-11-07,Este,Ropa Formal,949.3330000000001,176.36,10,402,89
2021-11-07,Este,Deportivo,791.5930000000001,151.93,10,337,76
2021-11-07,Este,Accesorios,464.1867824896963,116.60956918613374,20,210,41
2021-11-07,Oeste,Ropa Casual,704.9255124550057,127.20291542873497,0,397,78
2021-11-07,Oeste,Ropa Formal,963.5045,196.84,15,400,73
2021-11-07,Oeste,Deportivo,569.17,98.78847108009107,0,284,67
2021-11-07,Oeste,Accesorios,450.78000000000003,124.82,10,207,40
2021-11-07,Centro,Ropa Casual,984.11,289.08,0,450,100
2021-11-07,Centro,Ropa Formal,1259.78,380.67,0,658,130
2021-11-07,Centro,Deportivo,1136.5334999999998,259.96,15,534,102
2021-11-07,Centro,Accesorios,936.6599999999999,205.11,20,392,79
2021-11-08,Norte,Ropa Casual,1032.57,152.79,5,502,96
2021-11-08,Norte,Ropa Formal,1034.268924321309,282.24,10,503,106
2021-11-08,Norte,Deportivo,689.5035,153.01,5,341,69
2021-11-08,Norte,Accesorios,650.1075,130.27,5,360,61
2021-11-08,Sur,Ropa Casual,530.58,141.65841915561788,0,263,46
2021-11-08,Sur,Ropa Formal,372.11,132.43,0,171,39
2021-11-08,Sur,Deportivo,508.998,93.96996983779675,5,239,43
2021-11-08,Sur,Accesorios,473.48400000000004,74.28,10,210,40
2021-11-08,Este,Ropa Casual,827.34,178.99,0,394,87
2021-11-08,Este,Ropa Formal,902.9580000000001,220.83264758339263,5,447,80
2021-11-08,Este,Deportivo,547.6,137.38,0,250,55
2021-11-08,Este,Accesorios,426.7,80.48,0,182,31
2021-11-08,Oeste,Ropa Casual,760.5045,154.95527563721626,5,371,67
2021-11-08,Oeste,Ropa Formal,953.87,210.09,0,476,101
2021-11-08,Oeste,Deportivo,466.02,121.89,0,228,50
2021-11-08,Oeste,Accesorios,566.2965,98.14,5,274,51
2021-11-08,Centro,Ropa Casual,1004.38,285.3,0,499,98
2021-11-08,Centro,Ropa Formal,1257.4,293.59,0,642,133
2021-11-08,Centro,Deportivo,1005.7425000000001,239.07,5,479,87
2021-11-08,Centro,Accesorios,614.87,165.86,0,307,61
2021-11-09,Norte,Ropa Casual,756.01,253.28,0,409,72
2021-11-09,Norte,Ropa Formal,1062.12,210.71,0,526,101
2021-11-09,Norte,Deportivo,653.83,156.9,0,310,66
2021-11-09,Norte,Accesorios,495.3006920802583,93.56536286325296,5,259,49
2021-11-09,Sur,Ropa Casual,405.1133436525246,102.21,10,190,35
2021-11-09,Sur,Ropa Formal,657.4,179.15,0,337,71
2021-11-09,Sur,Deportivo,335.95799999999997,111.59,5,182,33
2021-11-09,Sur,Accesorios,400.87950000000006,47.29,5,216,37
2021-11-09,Este,Ropa Casual,842.9630000000001,155.81,10,360,69
2021-11-09,Este,Ropa Formal,899.92,184.94,0,408,99
2021-11-09,Este,Deportivo,588.7665000000001,162.72,5,249,62
2021-11-09,Este,Accesorios,413.8365,52.019583068051304,5,164,36
2021-11-09,Oeste,Ropa Casual,541.6388679141999,170.72,0,289,55
2021-11-09,Oeste,Ropa Formal,749.2748587838919,239.29,0,413,84
2021-11-09,Oeste,Deportivo,665.59,196.19,0,299,76
2021-11-09,Oeste,Accesorios,416.4,99.51,0,197,41
2021-11-09,Centro,Ropa Casual,1120.2450000000001,365.38,5,488,111
2021-11-09,Centro,Ropa Formal,1220.84,348.61,0,601,123
2021-11-09,Centro,Deportivo,920.54,235.94,0,488,91
2021-11-09,Centro,Accesorios,791.78,129.7501002457493,0,405,75
2021-11-10,Norte,Ropa Casual,784.86,201.42070841834817,0,362,81
2021-11-10,Norte,Ropa Formal,937.73,282.63,0,517,89
2021-11-10,Norte,Deportivo,809.2350000000001,162.42,5,380,79
2021-11-10,Norte,Accesorios,530.937,166.44,10,252,48
2021-11-10,Sur,Ropa Casual,546.84,95.05,5,274,56
2021-11-10,Sur,Ropa Formal,782.4285,181.6,5,335,62
2021-11-10,Sur,Deportivo,599.82,70.57,0,297,55
2021-11-10,Sur,Accesorios,310.46,49.62,0,160,29
2021-11-10,Este,Ropa Casual,722.778,182.4,5,374,72
2021-11-10,Este,Ropa Formal,697.158,202.62,5,306,63
2021-11-10,Este,Deportivo,636.8818045147202,127.7,0,366,67
2021-11-10,Este,Accesorios,426.22,112.83936783243017,0,201,43
2021-11-10,Oeste,Ropa Casual,854.44,198.57,0,400,89
2021-11-10,Oeste,Ropa Formal,628.57,187.2,0,252,66
2021-11-10,Oeste,Deportivo,491.8,158.68,0,257,53
2021-11-10,Oeste,Accesorios,424.92,112.35,0,234,43
2021-11-10,Centro,Ropa Casual,1223.51,216.08,0,632,122
2021-11-10,Centro,Ropa Formal,1085.9625,328.86,5,506,102
2021-11-10,Centro,Deportivo,817.27,253.69,0,401,73
2021-11-10,Centro,Accesorios,668.68,169.2820407812898,0,317,67
2021-11-11,Norte,Ropa Casual,920.9,156.37140004811957,0,462,84
2021-11-11,Norte,Ropa Formal,961.48,226.08,0,494,90
2021-11-11,Norte,Deportivo,687.939,148.42,5,348,64
2021-11-11,Norte,Accesorios,517.65,125.34,0,261,54
2021-11-11,Sur,Ropa Casual,620.18,136.18,0,312,67
2021-11-11,Sur,Ropa Formal,552.57,230.99,0,284,55
2021-11-11,Sur,Deportivo,543.5955,121.96,5,238,49
2021-11-11,Sur,Accesorios,407.96,87.29,0,198,37
2021-11-11,Este,Ropa Casual,686.25,121.03,0,356,67
2021-11-11,Este,Ropa Formal,1058.778,186.6,5,524,98
2021-11-11,Este,Deportivo,584.44,127.92936886030223,0,270,57
2021-11-11,Este,Accesorios,484.7325,96.48,5,195,48
2021-11-11,Oeste,Ropa Casual,809.1615,196.63,5,385,76
2021-11-11,Oeste,Ropa Formal,902.1705000000001,243.86,5,410,88
2021-11-11,Oeste,Deportivo,601.3560000000001,148.62,5,289,64
2021-11-11,Oeste,Accesorios,522.54,123.05,0,265,47
2021-11-11,Centro,Ropa Casual,950.72,286.01,0,480,93
2021-11-11,Centro,Ropa Formal,1636.9185,404.59,5,782,148
2021-11-11,Centro,Deportivo,846.16,223.81,0,429,79
2021-11-11,Centro,Accesorios,682.34,156.2,0,346,72
2021-11-12,Norte,Ropa Casual,786.6285,249.43,5,357,72
2021-11-12,Norte,Ropa Formal,1045.29,256.36,0,518,98
2021-11-12,Norte,Deportivo,598.8045,126.22,5,288,57
2021-11-12,Norte,Accesorios,504.24,99.27,0,251,51
2021-11-12,Sur,Ropa Casual,453.25350000000003,168.27,5,254,46
2021-11-12,Sur,Ropa Formal,540.46,205.03,0,257,58
2021-11-12,Sur,Deportivo,447.01658485357757,128.58,0,279,54
2021-11-12,Sur,Accesorios,399.53,87.23,0,197,43
2021-11-12,Este,Ropa Casual,692.38,189.45,0,309,73
2021-11-12,Este,Ropa Formal,922.53,159.57,0,447,91
2021-11-12,Este,Deportivo,556.668,126.55,5,278,56
2021-11-12,Este,Accesorios,305.877,103.81,10,108,31
2021-11-12,Oeste,Ropa Casual,809.0145,178.77,5,387,75
2021-11-12,Oeste,Ropa Formal,1136.5310000000002,170.58,10,463,103
2021-11-12,Oeste,Deportivo,612.696,117.37280506993227,5,306,62
2021-11-12,Oeste,Accesorios,370.02,130.32,0,186,33
2021-11-12,Centro,Ropa Casual,1195.12,272.95,0,604,128
2021-11-12,Centro,Ropa Formal,1483.29,351.09,0,733,153
2021-11-12,Centro,Deportivo,806.7035657403342,200.04,0,469,87
2021-11-12,Centro,Accesorios,731.28,176.06,0,356,71
2021-11-13,Norte,Ropa Casual,928.25,131.77,0,415,94
2021-11-13,Norte,Ropa Formal,1165.89,264.89,10,500,105
2021-11-13,Norte,Deportivo,623.75,187.28,0,319,65
2021-11-13,Norte,Accesorios,576.3455,122.41,15,249,42
2021-11-13,Sur,Ropa Casual,426.13,141.88,0,214,43
2021-11-13,Sur,Ropa Formal,694.61,56.8,0,350,65
2021-11-13,Sur,Deportivo,285.44677753122494,107.58,10,134,27
2021-11-13,Sur,Accesorios,377.6255,54.95,15,154,24
2021-11-13,Este,Ropa Casual,817.5005,187.59,15,348,69
2021-11-13,Este,Ropa Formal,828.3599999999999,201.14,20,347,66
2021-11-13,Este,Deportivo,611.6619999999999,144.01,15,301,51
2021-11-13,Este,Accesorios,447.843,122.4,10,187,37
2021-11-13,Oeste,Ropa Casual,726.78,177.28,0,351,71
2021-11-13,Oeste,Ropa Formal,1099.632,204.78,20,481,90
2021-11-13,Oeste,Deportivo,717.5999999999999,150.88,15,279,64
2021-11-13,Oeste,Accesorios,402.13,142.82,0,244,38
2021-11-13,Centro,Ropa Casual,1128.424,302.2,10,477,97
2021-11-13,Centro,Ropa Formal,1664.904,341.54,20,683,144
2021-11-13,Centro,Deportivo,1014.3210000000001,205.68,10,496,88
2021-11-13,Centro,Accesorios,795.157,171.1211633928525,10,339,76
2021-11-14,Norte,Ropa Casual,779.34,198.45,0,389,78
2021-11-14,Norte,Ropa Formal,1021.13,196.85,0,490,111
2021-11-14,Norte,Deportivo,699.523,196.16,10,341,58
2021-11-14,Norte,Accesorios,390.70140336577595,153.36,0,225,43
2021-11-14,Sur,Ropa Casual,670.087,118.04,10,315,61
2021-11-14,Sur,Ropa Formal,917.301,167.89,10,433,78
2021-11-14,Sur,Deportivo,456.33500000000004,78.86,10,180,43
2021-11-14,Sur,Accesorios,412.1390504515902,63.31,15,212,37
2021-11-14,Este,Ropa Casual,761.85,178.83,0,399,70
2021-11-14,Este,Ropa Formal,908.0055,263.76,15,407,82
2021-11-14,Este,Deportivo,616.044,131.80072195764174,10,291,55
2021-11-14,Este,Accesorios,638.052,132.92,20,260,50
2021-11-14,Oeste,Ropa Casual,624.83,211.46,0,316,67
2021-11-14,Oeste,Ropa Formal,869.1,190.89,0,409,87
2021-11-14,Oeste,Deportivo,622.99,169.04,0,329,54
2021-11-14,Oeste,Accesorios,555.732,69.3,20,204,40
2021-11-14,Centro,Ropa Casual,1071.06,318.44,0,513,107
2021-11-14,Centro,Ropa Formal,1230.62,337.8652149701858,0,604,127
2021-11-14,Centro,Deportivo,1154.232,257.82,20,459,96
2021-11-14,Centro,Accesorios,665.01,166.12,0,325,66
2021-11-15,Norte,Ropa Casual,695.85,199.37,0,325,76
2021-11-15,Norte,Ropa Formal,1003.17,312.59,0,496,100
2021-11-15,Norte,Deportivo,677.81,149.53,0,336,66
2021-11-15,Norte,Accesorios,492.94350000000003,117.36,5,286,50
2021-11-15,Sur,Ropa Casual,475.95450000000005,54.62,5,216,38
2021-11-15,Sur,Ropa Formal,587.39,132.89,0,285,53
2021-11-15,Sur,Deportivo,475.56300000000005,135.11,10,239,47
2021-11-15,Sur,Accesorios,412.36800000000005,70.07,10,202,32
2021-11-15,Este,Ropa Casual,647.81,207.78,0,325,61
2021-11-15,Este,Ropa Formal,964.64,218.63,0,481,101
2021-11-15,Este,Deportivo,422.02,137.23,0,212,49
2021-11-15,Este,Accesorios,502.62,95.06,0,265,47
2021-11-15,Oeste,Ropa Casual,715.17,190.06,0,355,69
2021-11-15,Oeste,Ropa Formal,799.25,242.75,0,462,82
2021-11-15,Oeste,Deportivo,729.9495000000001,161.35,5,338,72
2021-11-15,Oeste,Accesorios,371.44800000000004,124.51,10,179,33
2021-11-15,Centro,Ropa Casual,1203.78,318.12,0,626,107
2021-11-15,Centro,Ropa Formal,1490.2440000000001,337.75,5,703,148
2021-11-15,Centro,Deportivo,918.55,220.28,0,465,94
2021-11-15,Centro,Accesorios,729.4455,154.87,5,358,83
2021-11-16,Norte,Ropa Casual,789.6840000000001,183.69,5,390,75
2021-11-16,Norte,Ropa Formal,825.898189187473,157.25,0,455,86
2021-11-16,Norte,Deportivo,610.56,184.18,0,322,61
2021-11-16,Norte,Accesorios,518.705,114.06,10,237,45
2021-11-16,Sur,Ropa Casual,451.72,175.33,0,221,46
2021-11-16,Sur,Ropa Formal,705.61,98.19,0,368,71
2021-11-16,Sur,Deportivo,457.7,106.45,0,207,34
2021-11-16,Sur,Accesorios,352.1,102.9,0,216,30
2021-11-16,Este,Ropa Casual,749.9046395817296,216.0,0,432,77
2021-11-16,Este,Ropa Formal,894.23,197.13,0,450,83
2021-11-16,Este,Deportivo,591.75,146.54,0,286,61
2021-11-16,Este,Accesorios,488.25,60.72,0,239,51
2021-11-16,Oeste,Ropa Casual,701.76,140.38,0,351,72
2021-11-16,Oeste,Ropa Formal,1283.8980000000001,165.98,10,575,118
2021-11-16,Oeste,Deportivo,673.4175,152.69,5,305,73
2021-11-16,Oeste,Accesorios,533.22,121.48,0,251,50
2021-11-16,Centro,Ropa Casual,1176.67,291.85036722888674,0,599,121
2021-11-16,Centro,Ropa Formal,1580.17,351.42,0,773,149
2021-11-16,Centro,Deportivo,900.78,267.21,0,420,88
2021-11-16,Centro,Accesorios,663.9,183.68,0,327,60
2021-11-17,Norte,Ropa Casual,662.1186727179246,194.46,0,385,65
2021-11-17,Norte,Ropa Formal,1239.6405,247.03,5,606,114
2021-11-17,Norte,Deportivo,754.3580000000001,191.57,10,352,75
2021-11-17,Norte,Accesorios,507.84,138.68,0,270,49
2021-11-17,Sur,Ropa Casual,573.83,97.54,0,326,60
2021-11-17,Sur,Ropa Formal,518.5005,156.45,5,265,51
2021-11-17,Sur,Deportivo,558.6105,70.47,5,289,50
2021-11-17,Sur,Accesorios,409.353,118.89,5,205,34
2021-11-17,Este,Ropa Casual,675.85,107.11969651047013,0,384,65
2021-11-17,Este,Ropa Formal,873.36,256.24,0,476,86
2021-11-17,Este,Deportivo,507.25,98.06,0,234,47
2021-11-17,Este,Accesorios,417.5,81.80417376230942,0,184,43
2021-11-17,Oeste,Ropa Casual,589.4214323170954,156.32,5,315,66
2021-11-17,Oeste,Ropa Formal,1047.5080119628092,232.82,0,568,112
2021-11-17,Oeste,Deportivo,577.489,145.22,10,291,53
2021-11-17,Oeste,Accesorios,472.94,114.52,0,237,45
2021-11-17,Centro,Ropa Casual,1038.15,244.32,0,502,110
2021-11-17,Centro,Ropa Formal,1410.45,326.1,0,698,154
2021-11-17,Centro,Deportivo,955.2585,259.31628823034237,5,460,95
2021-11-17,Centro,Accesorios,745.94,202.83,0,363,69
2021-11-18,Norte,Ropa Casual,759.35,259.31,0,377,86
2021-11-18,Norte,Ropa Formal,811.35,189.53997634765307,0,384,73
2021-11-18,Norte,Deportivo,741.3432716343134,137.00543894836423,0,417,87
2021-11-18,Norte,Accesorios,459.89,108.88,0,232,41
2021-11-18,Sur,Ropa Casual,419.58,127.73,0,226,45
2021-11-18,Sur,Ropa Formal,630.0250000000001,157.96,10,284,57
2021-11-18,Sur,Deportivo,469.77,87.04,0,225,45
2021-11-18,Sur,Accesorios,294.651,99.07,5,162,29
2021-11-18,Este,Ropa Casual,741.86,76.17,0,394,64
2021-11-18,Este,Ropa Formal,897.25,232.4,0,420,84
2021-11-18,Este,Deportivo,531.01,154.04,0,271,54
2021-11-18,Este,Accesorios,422.64726251753933,107.62,5,225,43
2021-11-18,Oeste,Ropa Casual,738.33,192.36,0,387,78
2021-11-18,Oeste,Ropa Formal,989.22,213.53,0,498,100
2021-11-18,Oeste,Deportivo,699.83,131.31,0,332,68
2021-11-18,Oeste,Accesorios,294.84,96.19,0,132,24
2021-11-18,Centro,Ropa Casual,1176.1680000000001,263.54,5,562,113
2021-11-18,Centro,Ropa Formal,1307.3235,389.2,5,624,122
2021-11-18,Centro,Deportivo,876.5350000000001,255.87,10,379,76
2021-11-18,Centro,Accesorios,613.701,157.66798148927128,10,237,48
2021-11-19,Norte,Ropa Casual,795.6270000000001,213.26,5,375,83
2021-11-19,Norte,Ropa Formal,1055.082,268.13,5,506,103
2021-11-19,Norte,Deportivo,661.8360000000001,164.19,5,314,65
2021-11-19,Norte,Accesorios,537.5055000000001,86.16,5,258,56
2021-11-19,Sur,Ropa Casual,617.94,105.77,0,290,61
2021-11-19,Sur,Ropa Formal,518.3745,185.34,5,230,48
2021-11-19,Sur,Deportivo,494.96,74.52,0,246,46
2021-11-19,Sur,Accesorios,235.36414412753112,81.67,5,112,21
2021-11-19,Este,Ropa Casual,734.244,195.18,5,388,64
2021-11-19,Este,Ropa Formal,669.0285,188.18,5,304,66
2021-11-19,Este,Deportivo,663.47,123.25799742693293,0,332,62
2021-11-19,Este,Accesorios,450.16,132.28,0,240,44
2021-11-19,Oeste,Ropa Casual,928.8615,205.33,5,445,84
2021-11-19,Oeste,Ropa Formal,792.58,203.05,0,385,81
2021-11-19,Oeste,Deportivo,516.76,119.86,0,289,50
2021-11-19,Oeste,Accesorios,520.3695,136.06,5,261,46
2021-11-19,Centro,Ropa Casual,1374.81,256.0886280470498,0,700,134
2021-11-19,Centro,Ropa Formal,1336.17,344.93,0,712,138
2021-11-19,Centro,Deportivo,907.71,290.96,0,455,94
2021-11-19,Centro,Accesorios,623.7945000000001,188.05,5,298,57
2021-11-20,Norte,Ropa Casual,887.7171072128994,158.87,0,509,95
2021-11-20,Norte,Ropa Formal,1046.95,248.47,0,526,101
2021-11-20,Norte,Deportivo,650.6475349393397,129.79,15,322,57
2021-11-20,Norte,Accesorios,662.712,124.48,20,328,52
2021-11-20,Sur,Ropa Casual,499.29,163.37,0,248,52
2021-11-20,Sur,Ropa Formal,559.75,167.94,0,287,55
2021-11-20,Sur,Deportivo,518.6614999999999,113.96,15,264,41
2021-11-20,Sur,Accesorios,361.67,40.09,0,174,28
2021-11-20,Este,Ropa Casual,530.55,143.85,0,249,53
2021-11-20,Este,Ropa Formal,958.28,247.36,0,454,99
2021-11-20,Este,Deportivo,595.838,114.47,15,265,44
2021-11-20,Este,Accesorios,403.31,89.92,0,209,51
2021-11-20,Oeste,Ropa Casual,668.47,201.13,0,319,68
2021-11-20,Oeste,Ropa Formal,935.9275,177.2,15,383,83
2021-11-20,Oeste,Deportivo,735.24,161.63,0,383,67
2021-11-20,Oeste,Accesorios,454.23400000000004,102.16326107230863,10,239,40
2021-11-20,Centro,Ropa Casual,1182.896,268.85,10,489,105
2021-11-20,Centro,Ropa Formal,1625.3409999999997,407.75,15,716,137
2021-11-20,Centro,Deportivo,791.8991533621794,232.66,0,433,84
2021-11-20,Centro,Accesorios,760.969,178.73,10,333,73
2021-11-21,Norte,Ropa Casual,623.4,242.37,0,313,58
2021-11-21,Norte,Ropa Formal,1235.244,230.0,20,512,96
2021-11-21,Norte,Deportivo,710.88,189.81,20,294,61
2021-11-21,Norte,Accesorios,505.95,115.03,0,226,55
2021-11-21,Sur,Ropa Casual,476.82,160.01,0,177,58
2021-11-21,Sur,Ropa Formal,696.0994540273389,155.47022996845382,0,351,63
2021-11-21,Sur,Deportivo,615.0210000000001,83.59,10,284,59
2021-11-21,Sur,Accesorios,317.9,69.51,0,137,23
2021-11-21,Este,Ropa Casual,777.74,148.92,0,355,73
2021-11-21,Este,Ropa Formal,968.2420000000001,125.87,10,476,93
2021-11-21,Este,Deportivo,677.1,145.93,20,283,57
2021-11-21,Este,Accesorios,394.2085,99.57009819000521,15,178,38
2021-11-21,Oeste,Ropa Casual,642.8,178.89145642670496,0,346,67
2021-11-21,Oeste,Ropa Formal,970.2204999999999,207.62,15,414,79
2021-11-21,Oeste,Deportivo,780.6775,157.62,15,299,80
2021-11-21,Oeste,Accesorios,515.647,128.65,10,194,41
2021-11-21,Centro,Ropa Casual,912.12,282.8,0,440,84
2021-11-21,Centro,Ropa Formal,1681.7945,357.49,15,733,146
2021-11-21,Centro,Deportivo,993.883,237.17,10,421,83
2021-11-21,Centro,Accesorios,678.7770000000002,206.0,10,277,56
2021-11-22,Norte,Ropa Casual,990.3495000000001,175.81092605233744,5,439,93
2021-11-22,Norte,Ropa Formal,1138.79,281.88,0,575,106
2021-11-22,Norte,Deportivo,501.3237695946505,187.42,0,294,60
2021-11-22,Norte,Accesorios,628.4355,150.12,5,310,58
2021-11-22,Sur,Ropa Casual,543.31,129.16,0,264,49
2021-11-22,Sur,Ropa Formal,699.4050000000001,157.94,5,302,70
2021-11-22,Sur,Deportivo,400.5314601668071,57.53,0,201,42
2021-11-22,Sur,Accesorios,351.61,45.72,0,171,35
2021-11-22,Este,Ropa Casual,565.1,161.52,0,336,59
2021-11-22,Este,Ropa Formal,973.4467028628952,234.37,5,501,109
2021-11-22,Este,Deportivo,714.21,131.06,5,342,62
2021-11-22,Este,Accesorios,450.24100000000004,110.77,10,248,42
2021-11-22,Oeste,Ropa Casual,704.9,156.87,0,351,61
2021-11-22,Oeste,Ropa Formal,928.57,261.15,0,466,90
2021-11-22,Oeste,Deportivo,661.794,142.86,5,302,65
2021-11-22,Oeste,Accesorios,377.26,146.8,0,186,32
2021-11-22,Centro,Ropa Casual,1237.9395,297.13,5,575,117
2021-11-22,Centro,Ropa Formal,1426.8975,363.23,5,695,143
2021-11-22,Centro,Deportivo,999.59,231.11,0,484,96
2021-11-22,Centro,Accesorios,761.94,205.17,0,404,75
2021-11-23,Norte,Ropa Casual,945.89,227.24,0,481,90
2021-11-23,Norte,Ropa Formal,1195.76,247.92,0,614,118
2021-11-23,Norte,Deportivo,712.4573257068265,188.91,10,335,71
2021-11-23,Norte,Accesorios,527.94,117.56,0,229,48
2021-11-23,Sur,Ropa Casual,852.1800000000001,138.04,5,385,73
2021-11-23,Sur,Ropa Formal,841.14,149.76,0,427,80
2021-11-23,Sur,Deportivo,475.33,111.73,0,246,47
2021-11-23,Sur,Accesorios,214.28,86.93,0,85,25
2021-11-23,Este,Ropa Casual,539.37,202.3,0,264,58
2021-11-23,Este,Ropa Formal,926.58,206.92,0,478,98
2021-11-23,Este,Deportivo,508.85,155.709315907957,0,241,54
2021-11-23,Este,Accesorios,373.8798669829529,94.49,0,241,41
2021-11-23,Oeste,Ropa Casual,939.5820000000001,187.32,5,442,81
2021-11-23,Oeste,Ropa Formal,978.495,217.58,5,484,94
2021-11-23,Oeste,Deportivo,518.196,99.98390077760682,5,238,45
2021-11-23,Oeste,Accesorios,413.22600000000006,141.23,10,187,40
2021-11-23,Centro,Ropa Casual,1315.67,278.18568622497577,0,669,127
2021-11-23,Centro,Ropa Formal,1327.0845000000002,381.58,5,604,129
2021-11-23,Centro,Deportivo,815.71,251.36,0,412,80
2021-11-23,Centro,Accesorios,657.3,170.45,0,316,58
2021-11-24,Norte,Ropa Casual,828.02,209.94,0,395,88
2021-11-24,Norte,Ropa Formal,918.15,314.88,0,440,85
2021-11-24,Norte,Deportivo,821.1,155.55,0,443,90
2021-11-24,Norte,Accesorios,537.862008578762,121.59,10,253,54
2021-11-24,Sur,Ropa Casual,448.93,128.74,0,236,40
2021-11-24,Sur,Ropa Formal,846.725,116.98,10,393,76
2021-11-24,Sur,Deportivo,432.77,105.92426681295439,0,200,53
2021-11-24,Sur,Accesorios,314.1109310907778,97.59,10,169,32
2021-11-24,Este,Ropa Casual,735.1,221.08,0,367,71
2021-11-24,Este,Ropa Formal,633.36,201.19,0,335,68
2021-11-24,Este,Deportivo,637.01,96.25967748919234,0,324,61
2021-11-24,Este,Accesorios,506.59,120.14,0,246,55
2021-11-24,Oeste,Ropa Casual,731.27,162.85,0,378,73
2021-11-24,Oeste,Ropa Formal,1090.6035000000002,159.4,5,490,110
2021-11-24,Oeste,Deportivo,724.99,146.91,0,341,77
2021-11-24,Oeste,Accesorios,468.149,94.12,10,208,43
2021-11-24,Centro,Ropa Casual,1112.32,246.53438607998152,0,567,118
2021-11-24,Centro,Ropa Formal,1559.0085000000001,436.28,5,738,148
2021-11-24,Centro,Deportivo,997.2165000000001,233.35,5,430,92
2021-11-24,Centro,Accesorios,749.57,145.43,0,392,84
2021-11-25,Norte,Ropa Casual,947.208,189.08,20,382,88
2021-11-25,Norte,Ropa Formal,1054.405,244.66,10,468,100
2021-11-25,Norte,Deportivo,738.99,185.72,5,332,72
2021-11-25,Norte,Accesorios,489.06000000000006,132.07,10,210,44
2021-11-25,Sur,Ropa Casual,593.1310000000001,103.5,10,263,55
2021-11-25,Sur,Ropa Formal,694.2075,78.92,5,303,69
2021-11-25,Sur,Deportivo,493.8465,141.39,5,256,56
2021-11-25,Sur,Accesorios,342.68850000000003,54.56,5,196,35
2021-11-25,Este,Ropa Casual,935.9639999999999,206.16,20,392,78
2021-11-25,Este,Ropa Formal,821.835,180.74,5,372,78
2021-11-25,Este,Deportivo,756.8600000000001,100.15,30,310,56
2021-11-25,Este,Accesorios,393.1515,116.58,5,184,28
2021-11-25,Oeste,Ropa Casual,900.6239999999999,211.69,20,375,66
2021-11-25,Oeste,Ropa Formal,1084.224,209.19,20,501,87
2021-11-25,Oeste,Deportivo,540.928310883596,149.26,5,280,57
2021-11-25,Oeste,Accesorios,526.5432960077695,82.98121223370954,5,268,63
2021-11-25,Centro,Ropa Casual,1155.378,315.61,5,540,114
2021-11-25,Centro,Ropa Formal,1840.9439999999997,338.69,20,735,151
2021-11-25,Centro,Deportivo,1120.912,248.67,30,438,84
2021-11-25,Centro,Accesorios,670.5380000000001,171.0,10,295,59
2021-11-26,Norte,Ropa Casual,930.5310000000001,197.2,5,461,90
2021-11-26,Norte,Ropa Formal,1015.9820000000001,261.7,10,444,98
2021-11-26,Norte,Deportivo,640.164,158.38,5,312,68
2021-11-26,Norte,Accesorios,606.133,148.17,10,287,54
2021-11-26,Sur,Ropa Casual,620.7284999999999,135.47,5,291,44
2021-11-26,Sur,Ropa Formal,873.048,198.16,10,383,82
2021-11-26,Sur,Deportivo,425.20799999999997,111.78,5,169,46
2021-11-26,Sur,Accesorios,460.89599999999996,100.53,20,187,38
2021-11-26,Este,Ropa Casual,830.9159999999999,168.89,20,339,61
2021-11-26,Este,Ropa Formal,1010.308,183.6547839906524,30,387,84
2021-11-26,Este,Deportivo,577.3635,152.71,5,296,54
2021-11-26,Este,Accesorios,421.91600000000005,107.26682631939516,10,199,35
2021-11-26,Oeste,Ropa Casual,920.6039999999999,190.13,20,367,80
2021-11-26,Oeste,Ropa Formal,884.8840000000001,153.59,10,393,83
2021-11-26,Oeste,Deportivo,779.5305,128.68340913104294,5,347,74
2021-11-26,Oeste,Accesorios,579.075,112.45,5,267,59
2021-11-26,Centro,Ropa Casual,1357.0199999999998,253.67,20,561,110
2021-11-26,Centro,Ropa Formal,1284.0135,370.5004457123661,5,631,119
2021-11-26,Centro,Deportivo,923.1272171156668,239.69,20,423,84
2021-11-26,Centro,Accesorios,802.2449002368023,211.23,10,401,80
2021-11-27,Norte,Ropa Casual,831.864,235.54,10,340,75
2021-11-27,Norte,Ropa Formal,940.74,230.74,0,464,85
2021-11-27,Norte,Deportivo,613.14,169.24,20,284,52
2021-11-27,Norte,Accesorios,396.68,91.48,0,206,46
2021-11-27,Sur,Ropa Casual,591.3,93.79,0,309,56
2021-11-27,Sur,Ropa Formal,685.9865,78.8,15,301,55
2021-11-27,Sur,Deportivo,348.39473736378915,147.08,15,164,36
2021-11-27,Sur,Accesorios,414.39099999999996,20.25793556636327,15,157,39
2021-11-27,Este,Ropa Casual,943.0689999999998,138.28,15,429,74
2021-11-27,Este,Ropa Formal,968.0880000000001,189.84,10,433,89
2021-11-27,Este,Deportivo,450.84,129.9,0,240,48
2021-11-27,Este,Accesorios,460.66,111.45083026070033,0,239,45
2021-11-27,Oeste,Ropa Casual,906.0840000000001,211.64,20,394,77
2021-11-27,Oeste,Ropa Formal,999.966,224.36,10,466,96
2021-11-27,Oeste,Deportivo,593.96,165.94,0,296,56
2021-11-27,Oeste,Accesorios,442.134,127.75,10,214,36
2021-11-27,Centro,Ropa Casual,1162.65,285.73,0,631,114
2021-11-27,Centro,Ropa Formal,1701.2409999999998,399.93,15,749,155
2021-11-27,Centro,Deportivo,976.3919999999999,219.72,20,405,82
2021-11-27,Centro,Accesorios,740.8610000000001,170.72,10,346,64
2021-11-28,Norte,Ropa Casual,880.6270000000002,214.83,10,402,80
2021-11-28,Norte,Ropa Formal,1275.636,229.43974140550608,20,517,100
2021-11-28,Norte,Deportivo,825.3599999999999,177.26,20,339,70
2021-11-28,Norte,Accesorios,629.28,147.1,20,261,46
2021-11-28,Sur,Ropa Casual,722.028,135.85,20,272,63
2021-11-28,Sur,Ropa Formal,766.98,150.97357518318302,0,378,81
2021-11-28,Sur,Deportivo,523.941,57.32,10,236,51
2021-11-28,Sur,Accesorios,476.4359999999999,69.37,20,173,43
2021-11-28,Este,Ropa Casual,814.0770000000001,138.6330624595972,10,364,75
2021-11-28,Este,Ropa Formal,702.0,199.87,0,365,61
2021-11-28,Este,Deportivo,591.14,136.77,0,297,61
2021-11-28,Este,Accesorios,494.29299999999995,113.03,15,190,41
2021-11-28,Oeste,Ropa Casual,923.740568849213,204.22,20,411,86
2021-11-28,Oeste,Ropa Formal,781.1107344774822,147.69,0,430,92
2021-11-28,Oeste,Deportivo,684.64,159.51,10,336,60
2021-11-28,Oeste,Accesorios,484.79,110.7,0,197,54
2021-11-28,Centro,Ropa Casual,1076.416,304.89,10,475,98
2021-11-28,Centro,Ropa Formal,1706.3814999999997,391.54,15,728,147
2021-11-28,Centro,Deportivo,913.2640000000001,233.64,10,412,80
2021-11-28,Centro,Accesorios,716.136,183.31,20,282,60
2021-11-29,Norte,Ropa Casual,900.0530000000001,239.77,10,431,84
2021-11-29,Norte,Ropa Formal,1144.7730000000001,303.1,5,563,104
2021-11-29,Norte,Deportivo,682.479,171.69,5,305,72
2021-11-29,Norte,Accesorios,747.9119999999999,145.52,20,299,66
2021-11-29,Sur,Ropa Casual,578.46,133.86,20,231,52
2021-11-29,Sur,Ropa Formal,659.966465295749,162.08,20,321,68
2021-11-29,Sur,Deportivo,579.3710000000001,126.41,30,256,36
2021-11-29,Sur,Accesorios,391.79800000000006,69.76,10,179,40
2021-11-29,Este,Ropa Casual,966.432,182.29,20,382,67
2021-11-29,Este,Ropa Formal,794.745,215.76586478853733,5,399,72
2021-11-29,Este,Deportivo,576.051,133.68,5,294,62
2021-11-29,Este,Accesorios,493.85699999999997,128.42,30,206,23
2021-11-29,Oeste,Ropa Casual,891.5830000000001,185.96,10,383,75
2021-11-29,Oeste,Ropa Formal,1286.3730000000003,259.43,10,580,121
2021-11-29,Oeste,Deportivo,843.948,154.38,20,348,73
2021-11-29,Oeste,Accesorios,526.916,110.93,30,198,25
2021-11-29,Centro,Ropa Casual,1074.4360000000001,279.69,10,503,97
2021-11-29,Centro,Ropa Formal,1330.5285000000001,360.42205380100245,5,632,126
2021-11-29,Centro,Deportivo,876.267,262.81,5,434,89
2021-11-29,Centro,Accesorios,879.024,177.11,20,354,71
2021-11-30,Norte,Ropa Casual,992.0307127538699,212.64,10,494,97
2021-11-30,Norte,Ropa Formal,863.667,274.12,5,426,75
2021-11-30,Norte,Deportivo,776.171,150.02,10,375,67
2021-11-30,Norte,Accesorios,393.9908671272353,127.67,20,199,34
2021-11-30,Sur,Ropa Casual,528.78,131.14,20,205,41
2021-11-30,Sur,Ropa Formal,821.4599999999999,146.91,20,345,69
2021-11-30,Sur,Deportivo,517.1321803461695,74.53,5,287,55
2021-11-30,Sur,Accesorios,460.704,90.14,20,178,44
2021-11-30,Este,Ropa Casual,764.439,211.89,30,297,63
2021-11-30,Este,Ropa Formal,955.5,217.87,5,442,104
2021-11-30,Este,Deportivo,659.3159999999999,174.74,20,256,53
2021-11-30,Este,Accesorios,539.292,98.2,20,230,40
2021-11-30,Oeste,Ropa Casual,725.604,190.28,10,324,74
2021-11-30,Oeste,Ropa Formal,1252.908,231.49,20,520,94
2021-11-30,Oeste,Deportivo,733.5120000000001,149.86,30,242,51
2021-11-30,Oeste,Accesorios,465.92552512720465,106.0,10,204,43
2021-11-30,Centro,Ropa Casual,1174.91,318.9,10,523,115
2021-11-30,Centro,Ropa Formal,1916.1839999999997,380.07,20,790,161
2021-11-30,Centro,Deportivo,1178.088,251.2,20,491,102
2021-11-30,Centro,Accesorios,825.825,224.02,30,317,63
2021-12-01,Norte,Ropa Casual,790.0066164283876,191.19,5,414,79
2021-12-01,Norte,Ropa Formal,1081.68,248.12,0,526,98
2021-12-01,Norte,Deportivo,656.1135,116.26,5,269,58
2021-12-01,Norte,Accesorios,392.7315,100.48,5,186,41
2021-12-01,Sur,Ropa Casual,640.09,153.13,0,355,68
2021-12-01,Sur,Ropa Formal,766.9860000000001,145.65,10,320,75
2021-12-01,Sur,Deportivo,372.100051684716,88.35,0,197,39
2021-12-01,Sur,Accesorios,429.13,49.23,0,198,39
2021-12-01,Este,Ropa Casual,527.7,237.27,0,264,59
2021-12-01,Este,Ropa Formal,949.619,195.56,10,431,79
2021-12-01,Este,Deportivo,393.02,130.67,0,188,37
2021-12-01,Este,Accesorios,490.78,109.57,0,234,57
2021-12-01,Oeste,Ropa Casual,845.48,167.95,0,394,94
2021-12-01,Oeste,Ropa Formal,942.27,190.42,0,474,90
2021-12-01,Oeste,Deportivo,650.2,148.72,0,358,55
2021-12-01,Oeste,Accesorios,589.49,85.52839705072391,0,277,62
2021-12-01,Centro,Ropa Casual,1201.37,316.92,0,587,115
2021-12-01,Centro,Ropa Formal,1537.05,370.18,0,754,146
2021-12-01,Centro,Deportivo,939.0,205.8,0,473,83
2021-12-01,Centro,Accesorios,611.3,143.14810847098366,0,260,69
2021-12-02,Norte,Ropa Casual,692.33,198.74,0,355,59
2021-12-02,Norte,Ropa Formal,900.5043955863856,315.68,0,482,98
2021-12-02,Norte,Deportivo,730.41,159.78,0,368,73
2021-12-02,Norte,Accesorios,560.91,116.76,0,296,50
2021-12-02,Sur,Ropa Casual,562.14,99.43216399413801,0,282,62
2021-12-02,Sur,Ropa Formal,659.736,169.44,10,323,54
2021-12-02,Sur,Deportivo,471.53,119.36,0,230,42
2021-12-02,Sur,Accesorios,335.39934750927836,89.3,0,160,37
2021-12-02,Este,Ropa Casual,676.4,151.23,0,333,71
2021-12-02,Este,Ropa Formal,784.686,218.36,5,336,84
2021-12-02,Este,Deportivo,645.86,148.92,0,316,70
2021-12-02,Este,Accesorios,417.76,95.26,0,183,36
2021-12-02,Oeste,Ropa Casual,858.2,191.66,0,409,83
2021-12-02,Oeste,Ropa Formal,891.59,234.45,0,448,93
2021-12-02,Oeste,Deportivo,804.35,118.88,0,388,85
2021-12-02,Oeste,Accesorios,421.77,103.43,0,198,39
2021-12-02,Centro,Ropa Casual,1082.56,273.02,0,527,107
2021-12-02,Centro,Ropa Formal,1563.63,334.2421434254072,0,782,163
2021-12-02,Centro,Deportivo,1104.3,298.65,0,573,103
2021-12-02,Centro,Accesorios,735.2415000000001,168.76,5,326,66
2021-12-03,Norte,Ropa Casual,835.26,165.19,0,367,84
2021-12-03,Norte,Ropa Formal,1180.7355,232.73,5,564,117
2021-12-03,Norte,Deportivo,816.662,172.8,10,353,80
2021-12-03,Norte,Accesorios,680.7675,122.02,5,299,71
2021-12-03,Sur,Ropa Casual,582.6920000000001,127.59,10,268,48
2021-12-03,Sur,Ropa Formal,714.2835,193.88,5,373,64
2021-12-03,Sur,Deportivo,526.0768931270521,50.3,0,282,52
2021-12-03,Sur,Accesorios,516.5,86.65,0,244,58
2021-12-03,Este,Ropa Casual,728.93,201.11,0,372,80
2021-12-03,Este,Ropa Formal,708.77,170.86,0,351,70
2021-12-03,Este,Deportivo,709.2225000000001,143.78,5,310,66
2021-12-03,Este,Accesorios,400.95,128.22,0,199,33
2021-12-03,Oeste,Ropa Casual,778.58,178.01,0,388,84
2021-12-03,Oeste,Ropa Formal,1108.0,205.53,0,575,101
2021-12-03,Oeste,Deportivo,509.82,141.58,0,233,47
2021-12-03,Oeste,Accesorios,443.49,131.5,0,265,49
2021-12-03,Centro,Ropa Casual,1168.7865000000002,300.48,5,544,106
2021-12-03,Centro,Ropa Formal,1452.58,334.44,0,741,151
2021-12-03,Centro,Deportivo,901.64,223.33,0,431,86
2021-12-03,Centro,Accesorios,717.75,188.9,0,371,78
2021-12-04,Norte,Ropa Casual,744.94,188.83,0,372,77
2021-12-04,Norte,Ropa Formal,958.94,248.40109553071767,0,479,100
2021-12-04,Norte,Deportivo,659.4,187.03,0,350,69
2021-12-04,Norte,Accesorios,440.14,147.24,0,193,41
2021-12-04,Sur,Ropa Casual,814.5830000000001,119.53377413851845,10,350,73
2021-12-04,Sur,Ropa Formal,933.3629999999999,100.42529020438187,15,403,85
2021-12-04,Sur,Deportivo,495.4,76.28,0,245,42
2021-12-04,Sur,Accesorios,295.1015,54.83,15,137,26
2021-12-04,Este,Ropa Casual,579.67,167.57,0,308,60
2021-12-04,Este,Ropa Formal,1012.0110000000001,210.41,10,467,87
2021-12-04,Este,Deportivo,512.04829767377,144.3,0,286,63
2021-12-04,Este,Accesorios,470.54,104.64,0,220,40
2021-12-04,Oeste,Ropa Casual,849.3760000000001,211.25,10,395,74
2021-12-04,Oeste,Ropa Formal,753.582924531419,226.1936899960979,0,393,86
2021-12-04,Oeste,Deportivo,770.0514999999999,122.68,15,332,63
2021-12-04,Oeste,Accesorios,670.3679999999999,126.84,20,299,63
2021-12-04,Centro,Ropa Casual,1171.01,275.2,0,579,114
2021-12-04,Centro,Ropa Formal,1483.98,370.59,0,705,150
2021-12-04,Centro,Deportivo,1169.4599999999998,285.87,20,486,94
2021-12-04,Centro,Accesorios,811.7849999999999,154.21,15,349,74
2021-12-05,Norte,Ropa Casual,781.2,235.83,0,376,77
2021-12-05,Norte,Ropa Formal,1060.9940000000001,297.11,10,483,87
2021-12-05,Norte,Deportivo,834.612,172.68,20,351,69
2021-12-05,Norte,Accesorios,465.74,135.89,0,236,45
2021-12-05,Sur,Ropa Casual,888.6739999999999,142.83,15,407,84
2021-12-05,Sur,Ropa Formal,675.384,256.52,20,268,55
2021-12-05,Sur,Deportivo,454.55300000000005,121.08,10,211,37
2021-12-05,Sur,Accesorios,358.15,81.23,0,177,21
2021-12-05,Este,Ropa Casual,651.58,222.01,0,328,68
2021-12-05,Este,Ropa Formal,923.0819999999999,224.79595681131025,15,396,86
2021-12-05,Este,Deportivo,729.1115,145.54,15,356,60
2021-12-05,Este,Accesorios,557.328,108.78,20,246,40
2021-12-05,Oeste,Ropa Casual,681.59,138.71,0,326,74
2021-12-05,Oeste,Ropa Formal,1030.469,146.67,10,431,99
2021-12-05,Oeste,Deportivo,644.4570000000001,129.63975288905553,10,319,67
2021-12-05,Oeste,Accesorios,505.6260000000001,91.05496049846985,10,263,47
2021-12-05,Centro,Ropa Casual,1164.3387390422513,247.86,15,600,98
2021-12-05,Centro,Ropa Formal,1754.3135,361.6,15,745,150
2021-12-05,Centro,Deportivo,974.04,218.79,20,390,78
2021-12-05,Centro,Accesorios,739.508,149.97,10,335,56
2021-12-06,Norte,Ropa Casual,875.07,156.54611669621804,0,432,93
2021-12-06,Norte,Ropa Formal,1264.11,206.2,0,640,123
2021-12-06,Norte,Deportivo,747.65,141.14,0,375,63
2021-12-06,Norte,Accesorios,561.81,123.83,0,306,62
2021-12-06,Sur,Ropa Casual,419.9907740941966,114.8,0,194,48
2021-12-06,Sur,Ropa Formal,748.9125,94.79,5,382,73
2021-12-06,Sur,Deportivo,600.62,124.55,0,300,64
2021-12-06,Sur,Accesorios,430.73,126.38,0,195,48
2021-12-06,Este,Ropa Casual,751.5384187529316,174.45,0,418,74
2021-12-06,Este,Ropa Formal,708.25,218.44,0,351,70
2021-12-06,Este,Deportivo,682.82,137.52,0,322,70
2021-12-06,Este,Accesorios,478.2225,76.02,5,227,42
2021-12-06,Oeste,Ropa Casual,803.9535,163.26,5,370,78
2021-12-06,Oeste,Ropa Formal,1003.8490000000002,173.49,10,437,81
2021-12-06,Oeste,Deportivo,581.322,142.86,5,293,50
2021-12-06,Oeste,Accesorios,605.29,99.95,0,296,62
2021-12-06,Centro,Ropa Casual,1270.09,317.44,0,628,121
2021-12-06,Centro,Ropa Formal,1486.6940000000002,351.24,10,689,129
2021-12-06,Centro,Deportivo,1023.29,230.87,0,533,110
2021-12-06,Centro,Accesorios,622.56,191.12,0,313,59
2021-12-07,Norte,Ropa Casual,1000.8,203.3,0,474,98
2021-12-07,Norte,Ropa Formal,1195.593,265.35,5,554,118
2021-12-07,Norte,Deportivo,717.4970000000001,133.26,10,299,63
2021-12-07,Norte,Accesorios,476.24845385697836,136.66,5,258,51
2021-12-07,Sur,Ropa Casual,660.996,142.4,5,348,58
2021-12-07,Sur,Ropa Formal,654.93,193.87,0,340,55
2021-12-07,Sur,Deportivo,499.58,67.17395338732804,0,262,49
2021-12-07,Sur,Accesorios,363.3,81.39,0,188,38
2021-12-07,Este,Ropa Casual,701.448027179989,200.89,0,410,77
2021-12-07,Este,Ropa Formal,966.6825,208.65765589484747,5,453,82
2021-12-07,Este,Deportivo,651.8085,152.17,5,314,56
2021-12-07,Este,Accesorios,516.789,109.26,5,229,46
2021-12-07,Oeste,Ropa Casual,796.9395000000001,217.94,5,360,76
2021-12-07,Oeste,Ropa Formal,829.2022565616357,199.02,0,476,98
2021-12-07,Oeste,Deportivo,651.7560000000001,38.92,5,328,62
2021-12-07,Oeste,Accesorios,468.28,117.69,0,272,53
2021-12-07,Centro,Ropa Casual,1370.765,297.7,10,628,123
2021-12-07,Centro,Ropa Formal,1420.17,324.3936418404889,0,710,142
2021-12-07,Centro,Deportivo,808.11,222.56,0,417,82
2021-12-07,Centro,Accesorios,708.0379074124353,188.84,5,381,70
2021-12-08,Norte,Ropa Casual,696.9,184.71,0,333,71
2021-12-08,Norte,Ropa Formal,1006.16,257.23,0,466,94
2021-12-08,Norte,Deportivo,754.97,151.53,0,357,70
2021-12-08,Norte,Accesorios,416.82900000000006,135.57,5,190,37
2021-12-08,Sur,Ropa Casual,534.93,129.41,0,293,50
2021-12-08,Sur,Ropa Formal,913.06,163.82,0,465,95
2021-12-08,Sur,Deportivo,549.8534999999999,83.79,5,258,57
2021-12-08,Sur,Accesorios,392.24850000000004,73.54,5,203,29
2021-12-08,Este,Ropa Casual,594.98,200.78,0,311,61
2021-12-08,Este,Ropa Formal,848.07,197.28,0,489,91
2021-12-08,Este,Deportivo,651.88,146.32,0,310,68
2021-12-08,Este,Accesorios,371.4155073392403,104.26,0,187,33
2021-12-08,Oeste,Ropa Casual,765.0892022530719,171.48,5,405,85
2021-12-08,Oeste,Ropa Formal,757.1445000000001,221.25,5,369,71
2021-12-08,Oeste,Deportivo,536.9385,112.12,5,274,56
2021-12-08,Oeste,Accesorios,511.4,100.28,0,277,50
2021-12-08,Centro,Ropa Casual,1330.57,266.36,0,655,133
2021-12-08,Centro,Ropa Formal,1679.05,302.57,0,830,172
2021-12-08,Centro,Deportivo,960.5085,262.55,5,458,96
2021-12-08,Centro,Accesorios,650.98,182.35,0,327,59
2021-12-09,Norte,Ropa Casual,980.1552374485572,224.07,5,480,101
2021-12-09,Norte,Ropa Formal,1124.09,237.43,0,572,105
2021-12-09,Norte,Deportivo,671.0550000000001,94.9,5,303,59
2021-12-09,Norte,Accesorios,530.8,161.5,0,286,60
2021-12-09,Sur,Ropa Casual,606.85,123.64,0,309,53
2021-12-09,Sur,Ropa Formal,840.168,163.9,5,386,78
2021-12-09,Sur,Deportivo,485.04,108.78,0,245,47
2021-12-09,Sur,Accesorios,293.4792208810369,88.94,5,133,26
2021-12-09,Este,Ropa Casual,815.9340000000001,120.06,5,350,77
2021-12-09,Este,Ropa Formal,977.59,240.01,0,494,96
2021-12-09,Este,Deportivo,583.4850000000001,134.72492691002643,5,251,49
2021-12-09,Este,Accesorios,534.36,130.43,0,270,47
2021-12-09,Oeste,Ropa Casual,872.46,177.68683111613137,0,426,88
2021-12-09,Oeste,Ropa Formal,854.6385553508221,245.05,5,473,93
2021-12-09,Oeste,Deportivo,747.66,173.04,0,336,73
2021-12-09,Oeste,Accesorios,577.58,95.56,0,287,56
2021-12-09,Centro,Ropa Casual,1198.3950000000002,247.37,10,524,114
2021-12-09,Centro,Ropa Formal,1526.469,319.01,5,697,144
2021-12-09,Centro,Deportivo,1103.9700000000003,235.24,5,552,103
2021-12-09,Centro,Accesorios,727.76,184.76,0,393,72
2021-12-10,Norte,Ropa Casual,805.02,248.24,0,372,81
2021-12-10,Norte,Ropa Formal,1028.33,217.0,0,492,100
2021-12-10,Norte,Deportivo,732.38,178.43,0,348,66
2021-12-10,Norte,Accesorios,461.54,111.14,0,181,46
2021-12-10,Sur,Ropa Casual,615.23,198.89,0,305,68
2021-12-10,Sur,Ropa Formal,711.4485000000001,147.61,5,340,77
2021-12-10,Sur,Deportivo,465.0345,59.97,5,224,49
2021-12-10,Sur,Accesorios,384.39,60.02,0,230,37
2021-12-10,Este,Ropa Casual,862.76,132.60993590672933,0,449,85
2021-12-10,Este,Ropa Formal,822.7905000000001,267.58,5,408,81
2021-12-10,Este,Deportivo,499.96,181.16,0,232,51
2021-12-10,Este,Accesorios,446.48100000000005,128.95,5,284,41
2021-12-10,Oeste,Ropa Casual,848.75,224.79,0,402,80
2021-12-10,Oeste,Ropa Formal,926.7405,204.93,5,436,92
2021-12-10,Oeste,Deportivo,639.71,111.57956884350972,0,282,62
2021-12-10,Oeste,Accesorios,426.19,119.71,0,200,44
2021-12-10,Centro,Ropa Casual,1229.96,332.52,0,664,120
2021-12-10,Centro,Ropa Formal,1257.2,333.96627503367284,0,638,123
2021-12-10,Centro,Deportivo,816.7526767319175,203.9,0,455,92
2021-12-10,Centro,Accesorios,573.48,207.97,0,279,58
2021-12-11,Norte,Ropa Casual,891.7700000000001,190.0,10,419,76
2021-12-11,Norte,Ropa Formal,1118.6395,249.9,15,489,100
2021-12-11,Norte,Deportivo,657.06,174.07,0,333,65
2021-12-11,Norte,Accesorios,493.21,127.04,0,207,46
2021-12-11,Sur,Ropa Casual,779.8055365921086,146.04,10,373,80
2021-12-11,Sur,Ropa Formal,738.444,89.92,20,282,67
2021-12-11,Sur,Deportivo,742.291,67.61,10,337,70
2021-12-11,Sur,Accesorios,369.39,53.60122851399523,0,229,33
2021-12-11,Este,Ropa Casual,738.46,177.7,0,384,80
2021-12-11,Este,Ropa Formal,993.1859999999999,190.85,15,440,69
2021-12-11,Este,Deportivo,756.3089999999999,115.8,15,350,58
2021-12-11,Este,Accesorios,570.2840000000001,97.53,10,241,42
2021-12-11,Oeste,Ropa Casual,772.79,200.96,0,374,87
2021-12-11,Oeste,Ropa Formal,1094.4319999999998,209.87147681847884,15,507,93
2021-12-11,Oeste,Deportivo,543.9039999999999,175.39,15,251,51
2021-12-11,Oeste,Accesorios,574.2990000000001,107.80017187674835,10,272,48
2021-12-11,Centro,Ropa Casual,1321.281,319.94,15,577,114
2021-12-11,Centro,Ropa Formal,1712.051,426.89,15,745,148
2021-12-11,Centro,Deportivo,927.04,248.65,0,443,84
2021-12-11,Centro,Accesorios,718.7,177.51,0,345,78
2021-12-12,Norte,Ropa Casual,790.43,200.6850593737231,0,417,77
2021-12-12,Norte,Ropa Formal,1089.165,257.02,15,472,87
2021-12-12,Norte,Deportivo,689.1043235423712,151.27,10,333,68
2021-12-12,Norte,Accesorios,573.4520000000001,131.97,10,295,55
2021-12-12,Sur,Ropa Casual,754.9520000000001,93.23,10,360,70
2021-12-12,Sur,Ropa Formal,918.1920000000001,127.83,10,414,79
2021-12-12,Sur,Deportivo,478.68700000000007,126.94,10,265,42
2021-12-12,Sur,Accesorios,191.31,82.07,0,102,20
2021-12-12,Este,Ropa Casual,973.1874999999999,152.88,15,407,81
2021-12-12,Este,Ropa Formal,789.9002838733903,186.56059771692148,0,439,88
2021-12-12,Este,Deportivo,623.16,130.41,0,359,58
2021-12-12,Este,Accesorios,472.84549999999996,106.7,15,224,30
2021-12-12,Oeste,Ropa Casual,1005.9390000000001,239.26,10,455,93
2021-12-12,Oeste,Ropa Formal,1263.405,238.73,10,605,107
2021-12-12,Oeste,Deportivo,702.48,189.92,0,371,70
2021-12-12,Oeste,Accesorios,537.614,120.2,10,241,42
2021-12-12,Centro,Ropa Casual,1463.0415,278.83,15,641,129
2021-12-12,Centro,Ropa Formal,1649.89,409.95,0,820,164
2021-12-12,Centro,Deportivo,980.36,223.0,0,488,99
2021-12-12,Centro,Accesorios,692.1274999999999,152.82,15,312,57
2021-12-13,Norte,Ropa Casual,731.72,231.54,0,351,76
2021-12-13,Norte,Ropa Formal,1151.0886986912235,287.73,5,615,118
2021-12-13,Norte,Deportivo,717.213,207.23,5,354,68
2021-12-13,Norte,Accesorios,494.14,133.75,0,249,51
2021-12-13,Sur,Ropa Casual,579.21,120.19,0,279,62
2021-12-13,Sur,Ropa Formal,774.5,149.82,0,392,92
2021-12-13,Sur,Deportivo,396.68,97.94,0,229,44
2021-12-13,Sur,Accesorios,225.77,94.22,0,103,20
2021-12-13,Este,Ropa Casual,959.7840000000001,164.15,5,460,85
2021-12-13,Este,Ropa Formal,944.89,241.14,0,488,94
2021-12-13,Este,Deportivo,616.287,169.75,5,262,57
2021-12-13,Este,Accesorios,420.46,83.44,0,210,35
2021-12-13,Oeste,Ropa Casual,786.91,200.67,0,378,75
2021-12-13,Oeste,Ropa Formal,1045.67,235.87,0,558,106
2021-12-13,Oeste,Deportivo,638.6625,134.93,5,297,61
2021-12-13,Oeste,Accesorios,512.03,90.26,0,243,46
2021-12-13,Centro,Ropa Casual,1218.441,332.09,5,574,121
2021-12-13,Centro,Ropa Formal,1578.98,348.55,0,806,161
2021-12-13,Centro,Deportivo,1000.71,253.03,0,495,100
2021-12-13,Centro,Accesorios,728.94,150.92759711789392,0,352,69
2021-12-14,Norte,Ropa Casual,1026.2385000000002,184.38,5,505,91
2021-12-14,Norte,Ropa Formal,1039.88,243.48,0,543,101
2021-12-14,Norte,Deportivo,577.83,189.86,0,283,60
2021-12-14,Norte,Accesorios,529.13,114.54,0,251,52
2021-12-14,Sur,Ropa Casual,651.1560000000001,137.49,10,264,53
2021-12-14,Sur,Ropa Formal,682.53,180.38,0,343,67
2021-12-14,Sur,Deportivo,418.29,107.09,0,210,42
2021-12-14,Sur,Accesorios,320.03,112.25,0,179,39
2021-12-14,Este,Ropa Casual,743.9630000000001,223.28,10,342,70
2021-12-14,Este,Ropa Formal,1045.97,191.21,0,513,103
2021-12-14,Este,Deportivo,595.77,108.66,0,301,64
2021-12-14,Este,Accesorios,542.094,88.75,5,233,54
2021-12-14,Oeste,Ropa Casual,746.8890000000001,196.12,10,345,72
2021-12-14,Oeste,Ropa Formal,881.9518747353029,266.03,5,455,92
2021-12-14,Oeste,Deportivo,515.0,137.44,0,249,48
2021-12-14,Oeste,Accesorios,580.42,119.73,0,250,61
2021-12-14,Centro,Ropa Casual,1140.19,307.6,0,574,121
2021-12-14,Centro,Ropa Formal,1362.5745000000002,337.48,5,626,130
2021-12-14,Centro,Deportivo,1053.2060000000001,198.46,10,458,93
2021-12-14,Centro,Accesorios,588.45,181.13,0,332,57
2021-12-15,Norte,Ropa Casual,801.2550000000001,203.91,5,362,79
2021-12-15,Norte,Ropa Formal,1272.36,201.6,0,655,132
2021-12-15,Norte,Deportivo,693.12,193.13,0,317,73
2021-12-15,Norte,Accesorios,582.3090000000001,136.867504752497,5,290,61
2021-12-15,Sur,Ropa Casual,630.25,129.01,0,327,66
2021-12-15,Sur,Ropa Formal,686.4110000000001,225.8258654737854,10,295,64
2021-12-15,Sur,Deportivo,687.9810000000001,113.38,5,345,62
2021-12-15,Sur,Accesorios,336.7,84.07,0,195,35
2021-12-15,Este,Ropa Casual,936.0855,189.06,5,442,89
2021-12-15,Este,Ropa Formal,986.9265,202.58,5,515,99
2021-12-15,Este,Deportivo,566.1915,151.62,5,318,51
2021-12-15,Este,Accesorios,546.84,115.88,0,246,46
2021-12-15,Oeste,Ropa Casual,674.595634321462,229.45,0,369,75
2021-12-15,Oeste,Ropa Formal,1021.4925000000001,194.52,5,530,97
2021-12-15,Oeste,Deportivo,587.7,111.25772238648624,0,316,48
2021-12-15,Oeste,Accesorios,593.16,87.17,0,279,57
2021-12-15,Centro,Ropa Casual,1156.869,284.03,5,562,114
2021-12-15,Centro,Ropa Formal,1313.0355,400.86,5,614,125
2021-12-15,Centro,Deportivo,1303.7640000000001,261.14,5,657,127
2021-12-15,Centro,Accesorios,741.342,166.08,5,337,70
2021-12-16,Norte,Ropa Casual,747.047807846611,171.9,0,376,76
2021-12-16,Norte,Ropa Formal,994.539,245.39,5,492,102
2021-12-16,Norte,Deportivo,585.3435000000001,208.01,5,283,52
2021-12-16,Norte,Accesorios,551.5649999999999,124.67,5,239,43
2021-12-16,Sur,Ropa Casual,540.3090000000001,145.0,5,267,47
2021-12-16,Sur,Ropa Formal,739.5465,139.49,5,350,66
2021-12-16,Sur,Deportivo,474.51,59.42,0,229,48
2021-12-16,Sur,Accesorios,363.447,65.57,5,176,40
2021-12-16,Este,Ropa Casual,773.05,187.4,0,375,72
2021-12-16,Este,Ropa Formal,982.39,171.79,0,466,100
2021-12-16,Este,Deportivo,582.49,179.42,0,323,53
2021-12-16,Este,Accesorios,477.17,113.0,0,258,41
2021-12-16,Oeste,Ropa Casual,752.052,142.57,5,341,72
2021-12-16,Oeste,Ropa Formal,1068.34,167.78,0,558,110
2021-12-16,Oeste,Deportivo,651.8559838905529,147.1,10,323,64
2021-12-16,Oeste,Accesorios,376.90098936098565,100.17,0,194,40
2021-12-16,Centro,Ropa Casual,1178.55,285.1,0,561,121
2021-12-16,Centro,Ropa Formal,1460.3505,307.0,5,693,142
2021-12-16,Centro,Deportivo,1009.82,265.04,0,504,101
2021-12-16,Centro,Accesorios,794.94,176.93,0,369,75
2021-12-17,Norte,Ropa Casual,912.3290000000001,187.85,10,436,88
2021-12-17,Norte,Ropa Formal,1301.278,228.1431599643544,10,585,120
2021-12-17,Norte,Deportivo,575.799,143.8,5,256,55
2021-12-17,Norte,Accesorios,492.24,153.75,0,256,36
2021-12-17,Sur,Ropa Casual,618.25,100.91,0,275,74
2021-12-17,Sur,Ropa Formal,700.32,148.41,0,368,69
2021-12-17,Sur,Deportivo,421.9215,128.41,5,194,46
2021-12-17,Sur,Accesorios,254.02,75.86,0,114,21
2021-12-17,Este,Ropa Casual,739.9130303151661,209.02,5,370,80
2021-12-17,Este,Ropa Formal,918.42,226.0465601871729,0,490,83
2021-12-17,Este,Deportivo,752.3145000000001,122.17,5,371,77
2021-12-17,Este,Accesorios,355.49,111.05,0,184,34
2021-12-17,Oeste,Ropa Casual,919.4130000000001,210.91,10,453,82
2021-12-17,Oeste,Ropa Formal,843.99,222.49,0,414,80
2021-12-17,Oeste,Deportivo,729.4770000000001,125.26,5,350,72
2021-12-17,Oeste,Accesorios,623.1855,100.80231033975224,5,307,55
2021-12-17,Centro,Ropa Casual,1269.45,321.66,5,614,124
2021-12-17,Centro,Ropa Formal,1468.72,307.78,0,708,141
2021-12-17,Centro,Deportivo,893.5494250363523,256.29,0,511,87
2021-12-17,Centro,Accesorios,753.52,183.51,0,375,74
2021-12-18,Norte,Ropa Casual,1144.055,185.26,10,540,93
2021-12-18,Norte,Ropa Formal,1216.1595,266.13,15,530,108
2021-12-18,Norte,Deportivo,869.856,123.42,20,352,75
2021-12-18,Norte,Accesorios,765.996,132.46,20,318,61
2021-12-18,Sur,Ropa Casual,699.22,139.74,0,345,72
2021-12-18,Sur,Ropa Formal,816.9443491486506,185.7,0,438,78
2021-12-18,Sur,Deportivo,652.157,131.77,10,299,62
2021-12-18,Sur,Accesorios,497.053,109.68,15,218,41
2021-12-18,Este,Ropa Casual,634.81,197.87,0,308,60
2021-12-18,Este,Ropa Formal,1029.7675,207.82,15,465,85
2021-12-18,Este,Deportivo,479.1354055432979,140.47,0,239,58
2021-12-18,Este,Accesorios,417.362,117.92,10,137,39
2021-12-18,Oeste,Ropa Casual,839.6850000000001,142.72,10,371,72
2021-12-18,Oeste,Ropa Formal,845.5,198.69,0,407,79
2021-12-18,Oeste,Deportivo,653.9830000000001,132.35,10,284,56
2021-12-18,Oeste,Accesorios,538.982,97.05,15,235,43
2021-12-18,Centro,Ropa Casual,1485.0294999999999,356.76,15,673,123
2021-12-18,Centro,Ropa Formal,1557.859,309.11053293840274,15,728,127
2021-12-18,Centro,Deportivo,1011.5055,249.31,15,437,93
2021-12-18,Centro,Accesorios,799.77,203.95,0,394,83
2021-12-19,Norte,Ropa Casual,845.92,187.53,0,422,80
2021-12-19,Norte,Ropa Formal,1480.424,266.56,10,658,143
2021-12-19,Norte,Deportivo,629.948,194.79,10,253,52
2021-12-19,Norte,Accesorios,504.69994230653674,126.25,10,210,52
2021-12-19,Sur,Ropa Casual,691.3685,144.78,15,274,61
2021-12-19,Sur,Ropa Formal,521.85,152.52,0,288,58
2021-12-19,Sur,Deportivo,601.381,84.67,15,256,41
2021-12-19,Sur,Accesorios,399.38800000000003,102.35,10,159,34
2021-12-19,Este,Ropa Casual,763.16,185.62,0,398,83
2021-12-19,Este,Ropa Formal,970.22,207.92,0,474,109
2021-12-19,Este,Deportivo,754.105,133.81,10,333,75
2021-12-19,Este,Accesorios,492.23900000000003,118.43,10,250,27
2021-12-19,Oeste,Ropa Casual,811.4700000000001,136.94,10,367,71
2021-12-19,Oeste,Ropa Formal,1306.547,212.66,10,586,123
2021-12-19,Oeste,Deportivo,745.88,102.25,0,404,70
2021-12-19,Oeste,Accesorios,571.362,107.62,10,258,45
2021-12-19,Centro,Ropa Casual,1316.4727871065668,342.65,15,633,121
2021-12-19,Centro,Ropa Formal,1704.9784999999997,313.47,15,705,156
2021-12-19,Centro,Deportivo,1004.5709999999999,253.37,15,439,96
2021-12-19,Centro,Accesorios,767.5667964207969,171.3,10,391,83
2021-12-20,Norte,Ropa Casual,953.2320000000001,211.24,5,495,93
2021-12-20,Norte,Ropa Formal,920.2,233.58,0,480,87
2021-12-20,Norte,Deportivo,650.9925452894595,159.04,0,326,66
2021-12-20,Norte,Accesorios,392.3,130.68,0,210,46
2021-12-20,Sur,Ropa Casual,715.806,162.29,5,376,67
2021-12-20,Sur,Ropa Formal,878.394,225.58,10,391,72
2021-12-20,Sur,Deportivo,485.55150000000003,100.83,5,213,56
2021-12-20,Sur,Accesorios,340.274,72.97,10,135,37
2021-12-20,Este,Ropa Casual,742.69,167.86,0,385,78
2021-12-20,Este,Ropa Formal,1038.42,219.72,0,554,101
2021-12-20,Este,Deportivo,596.24,131.74,0,291,48
2021-12-20,Este,Accesorios,361.9,133.66,0,182,30
2021-12-20,Oeste,Ropa Casual,773.6925000000001,215.45,5,343,74
2021-12-20,Oeste,Ropa Formal,1126.41,257.74,0,540,106
2021-12-20,Oeste,Deportivo,530.78,160.38,0,284,50
2021-12-20,Oeste,Accesorios,380.39,79.2,0,187,46
2021-12-20,Centro,Ropa Casual,1191.64,264.37,0,610,111
2021-12-20,Centro,Ropa Formal,1587.88,332.62,0,807,154
2021-12-20,Centro,Deportivo,1043.92,222.25,0,535,100
2021-12-20,Centro,Accesorios,641.01,202.49,0,289,58
2021-12-21,Norte,Ropa Casual,725.3,221.64,0,345,74
2021-12-21,Norte,Ropa Formal,935.69,298.07,0,457,95
2021-12-21,Norte,Deportivo,809.46,159.72,0,380,81
2021-12-21,Norte,Accesorios,532.23,105.7,0,258,57
2021-12-21,Sur,Ropa Casual,423.9506349513251,107.2944131585686,5,206,54
2021-12-21,Sur,Ropa Formal,500.46,205.53,0,228,41
2021-12-21,Sur,Deportivo,398.03971874927555,100.7,0,207,40
2021-12-21,Sur,Accesorios,410.68500000000006,95.43,10,166,28
2021-12-21,Este,Ropa Casual,822.82,232.86,0,447,90
2021-12-21,Este,Ropa Formal,1105.181,240.5572375924027,10,500,103
2021-12-21,Este,Deportivo,546.1801351020857,131.71796144012143,5,286,50
2021-12-21,Este,Accesorios,469.3260000000001,133.76,10,223,40
2021-12-21,Oeste,Ropa Casual,586.39,201.09,0,297,57
2021-12-21,Oeste,Ropa Formal,772.86,242.63,0,384,81
2021-12-21,Oeste,Deportivo,664.86,144.63,0,307,62
2021-12-21,Oeste,Accesorios,525.6752937777064,146.49,0,310,60
2021-12-21,Centro,Ropa Casual,1286.25,315.05,0,655,123
2021-12-21,Centro,Ropa Formal,1451.54,356.56,0,711,143
2021-12-21,Centro,Deportivo,953.77,284.19,0,493,99
2021-12-21,Centro,Accesorios,607.41,186.88,0,285,55
2021-12-22,Norte,Ropa Casual,999.63,251.58,0,492,105
2021-12-22,Norte,Ropa Formal,1063.48,224.43,0,496,97
2021-12-22,Norte,Deportivo,755.2125,141.43,5,361,76
2021-12-22,Norte,Accesorios,509.48901454748477,122.35,10,289,50
2021-12-22,Sur,Ropa Casual,788.491,141.18,10,362,77
2021-12-22,Sur,Ropa Formal,857.55,173.51,0,429,88
2021-12-22,Sur,Deportivo,457.32,99.76,0,220,37
2021-12-22,Sur,Accesorios,259.5061977408714,116.22,0,140,30
2021-12-22,Este,Ropa Casual,754.3725000000001,197.05,5,372,73
2021-12-22,Este,Ropa Formal,875.532,208.79,5,393,79
2021-12-22,Este,Deportivo,518.39,145.85,0,229,48
2021-12-22,Este,Accesorios,315.98156260551434,93.46,5,184,30
2021-12-22,Oeste,Ropa Casual,698.0085,220.64,5,304,66
2021-12-22,Oeste,Ropa Formal,1057.0455000000002,192.37,5,506,117
2021-12-22,Oeste,Deportivo,635.2080000000001,117.83,5,310,65
2021-12-22,Oeste,Accesorios,452.45,92.12,0,256,44
2021-12-22,Centro,Ropa Casual,1348.36,319.48,0,678,130
2021-12-22,Centro,Ropa Formal,1310.5,390.34,0,662,140
2021-12-22,Centro,Deportivo,833.4592096647008,196.46,10,397,81
2021-12-22,Centro,Accesorios,611.27,185.93,0,318,59
2021-12-23,Norte,Ropa Casual,848.21,226.92,0,401,92
2021-12-23,Norte,Ropa Formal,1124.4975000000002,232.14,5,499,105
2021-12-23,Norte,Deportivo,598.71,140.85,0,329,57
2021-12-23,Norte,Accesorios,513.2715000000001,132.09,5,287,47
2021-12-23,Sur,Ropa Casual,453.36,117.82,0,218,51
2021-12-23,Sur,Ropa Formal,563.535159711483,137.91,0,313,61
2021-12-23,Sur,Deportivo,541.74,95.65,0,261,59
2021-12-23,Sur,Accesorios,373.17,98.06,0,189,33
2021-12-23,Este,Ropa Casual,764.946,110.39,5,371,73
2021-12-23,Este,Ropa Formal,764.49,265.6,0,348,75
2021-12-23,Este,Deportivo,732.8055,126.83509090642242,5,372,78
2021-12-23,Este,Accesorios,603.1830000000001,91.89,5,305,62
2021-12-23,Oeste,Ropa Casual,855.0255,228.4,5,403,75
2021-12-23,Oeste,Ropa Formal,1134.2205000000001,225.37,5,505,109
2021-12-23,Oeste,Deportivo,564.54,157.97,0,238,52
2021-12-23,Oeste,Accesorios,491.85,117.42,0,251,55
2021-12-23,Centro,Ropa Casual,1156.9634999999998,307.15,5,548,109
2021-12-23,Centro,Ropa Formal,1380.5876668667188,335.48,5,726,146
2021-12-23,Centro,Deportivo,902.91399168246,201.71,0,532,107
2021-12-23,Centro,Accesorios,720.6465000000001,188.48,5,395,71
2021-12-24,Norte,Ropa Casual,784.0679660499372,198.26,0,431,84
2021-12-24,Norte,Ropa Formal,1103.48,235.11,0,571,110
2021-12-24,Norte,Deportivo,732.24,171.57174843268538,0,368,70
2021-12-24,Norte,Accesorios,563.74,125.36,0,296,43
2021-12-24,Sur,Ropa Casual,586.2890000000001,158.25,10,290,54
2021-12-24,Sur,Ropa Formal,904.18,164.9,0,454,97
2021-12-24,Sur,Deportivo,420.56700000000006,103.37,5,195,38
2021-12-24,Sur,Accesorios,259.8712880584585,95.61,0,142,20
2021-12-24,Este,Ropa Casual,537.03,185.9,0,293,52
2021-12-24,Este,Ropa Formal,1018.67,187.0,0,526,94
2021-12-24,Este,Deportivo,591.01,183.96,0,289,64
2021-12-24,Este,Accesorios,435.5505,129.85,5,149,47
2021-12-24,Oeste,Ropa Casual,829.7,200.88,0,426,74
2021-12-24,Oeste,Ropa Formal,1077.363,169.29,5,503,95
2021-12-24,Oeste,Deportivo,709.4955000000001,126.42,5,344,71
2021-12-24,Oeste,Accesorios,527.0224770496026,89.12,5,250,63
2021-12-24,Centro,Ropa Casual,1298.22,274.2683550623472,0,651,127
2021-12-24,Centro,Ropa Formal,1345.058,360.55,10,603,116
2021-12-24,Centro,Deportivo,1083.34,232.24,0,536,109
2021-12-24,Centro,Accesorios,757.62,183.78,0,377,69
2021-12-25,Norte,Ropa Casual,941.325,218.5889179972861,10,438,86
2021-12-25,Norte,Ropa Formal,998.019,230.58,10,435,82
2021-12-25,Norte,Deportivo,573.7248304753374,155.77,10,301,60
2021-12-25,Norte,Accesorios,614.0047888518191,129.63,15,283,55
2021-12-25,Sur,Ropa Casual,538.2574999999999,115.11,15,246,42
2021-12-25,Sur,Ropa Formal,961.16,137.3,0,470,97
2021-12-25,Sur,Deportivo,375.21049999999997,114.59,15,164,32
2021-12-25,Sur,Accesorios,317.4,34.08,0,154,36
2021-12-25,Este,Ropa Casual,566.07,152.61,0,278,63
2021-12-25,Este,Ropa Formal,829.6099999999999,228.86,15,365,79
2021-12-25,Este,Deportivo,637.96,181.91,0,310,60
2021-12-25,Este,Accesorios,531.542,118.92,10,258,40
2021-12-25,Oeste,Ropa Casual,827.7280000000001,178.74432661777996,10,361,77
2021-12-25,Oeste,Ropa Formal,828.7620000000001,210.28,10,379,74
2021-12-25,Oeste,Deportivo,583.6283617027829,176.17875057464997,15,266,51
2021-12-25,Oeste,Accesorios,543.156,93.78,20,232,43
2021-12-25,Centro,Ropa Casual,1197.46,332.04,0,629,112
2021-12-25,Centro,Ropa Formal,1855.8929999999998,338.45,15,798,154
2021-12-25,Centro,Deportivo,935.12,244.03,0,451,92
2021-12-25,Centro,Accesorios,733.33,203.96,0,358,76
2021-12-26,Norte,Ropa Casual,892.57,207.79,0,450,90
2021-12-26,Norte,Ropa Formal,1004.11,290.28,0,473,101
2021-12-26,Norte,Deportivo,734.091,160.35,15,321,59
2021-12-26,Norte,Accesorios,555.907,127.87,10,221,52
2021-12-26,Sur,Ropa Casual,616.6415,172.44,15,288,54
2021-12-26,Sur,Ropa Formal,643.7814999999999,167.06,15,283,51
2021-12-26,Sur,Deportivo,774.264,104.18,20,361,66
2021-12-26,Sur,Accesorios,280.82,61.95,0,137,21
2021-12-26,Este,Ropa Casual,1017.7640000000001,177.65,10,431,91
2021-12-26,Este,Ropa Formal,920.64,234.9,0,450,87
2021-12-26,Este,Deportivo,583.143,151.41,10,269,58
2021-12-26,Este,Accesorios,420.25,104.12,0,225,48
2021-12-26,Oeste,Ropa Casual,692.41,184.42,0,344,76
2021-12-26,Oeste,Ropa Formal,868.33,251.9,0,459,81
2021-12-26,Oeste,Deportivo,536.48,157.16,0,280,53
2021-12-26,Oeste,Accesorios,564.5640000000001,82.41,10,250,46
2021-12-26,Centro,Ropa Casual,1278.8201099280209,334.94,0,721,138
2021-12-26,Centro,Ropa Formal,1468.907,369.617666858816,10,667,142
2021-12-26,Centro,Deportivo,976.77,237.6,0,487,93
2021-12-26,Centro,Accesorios,804.4520000000001,159.24962693521522,10,350,79
2021-12-27,Norte,Ropa Casual,982.758,233.96,5,485,95
2021-12-27,Norte,Ropa Formal,1012.347,249.41,5,457,91
2021-12-27,Norte,Deportivo,845.25801600332,153.02,30,351,73
2021-12-27,Norte,Accesorios,498.225,146.16,5,223,47
2021-12-27,Sur,Ropa Casual,529.1475,126.66,5,271,52
2021-12-27,Sur,Ropa Formal,851.2139999999999,139.76,5,363,90
2021-12-27,Sur,Deportivo,620.0920000000001,69.77,10,306,50
2021-12-27,Sur,Accesorios,536.393,55.8,30,194,49
2021-12-27,Este,Ropa Casual,929.841,202.89,10,411,93
2021-12-27,Este,Ropa Formal,1112.215,253.7,30,390,90
2021-12-27,Este,Deportivo,493.521,124.64,5,231,44
2021-12-27,Este,Accesorios,350.47950000000003,99.38,5,144,34
2021-12-27,Oeste,Ropa Casual,828.8720000000001,178.37,10,371,73
2021-12-27,Oeste,Ropa Formal,875.5560000000002,217.03,10,415,77
2021-12-27,Oeste,Deportivo,1081.951,172.25,30,439,72
2021-12-27,Oeste,Accesorios,548.52,72.64,5,246,49
2021-12-27,Centro,Ropa Casual,1300.871,286.03873977634856,10,608,117
2021-12-27,Centro,Ropa Formal,1499.3880000000001,384.25,10,684,137
2021-12-27,Centro,Deportivo,1171.1920000000002,296.87,10,561,108
2021-12-27,Centro,Accesorios,736.764,157.2,5,307,74
2021-12-28,Norte,Ropa Casual,675.8515450139614,168.0,10,331,62
2021-12-28,Norte,Ropa Formal,1176.576,184.52,20,498,91
2021-12-28,Norte,Deportivo,752.686,168.88,10,343,64
2021-12-28,Norte,Accesorios,458.78700000000003,141.31,5,235,45
2021-12-28,Sur,Ropa Casual,625.647,99.97,10,262,59
2021-12-28,Sur,Ropa Formal,1090.296,181.44,20,416,93
2021-12-28,Sur,Deportivo,535.2900000000001,123.65,5,281,54
2021-12-28,Sur,Accesorios,528.2235000000001,66.43,5,274,45
2021-12-28,Este,Ropa Casual,660.6705000000001,147.03,5,339,64
2021-12-28,Este,Ropa Formal,963.8039999999999,219.11,20,400,76
2021-12-28,Este,Deportivo,752.1,146.36,20,350,66
2021-12-28,Este,Accesorios,470.76,112.97,20,241,38
2021-12-28,Oeste,Ropa Casual,717.6645000000001,256.2,5,355,61
2021-12-28,Oeste,Ropa Formal,1028.28,199.69,10,485,90
2021-12-28,Oeste,Deportivo,777.595,190.35,30,307,60
2021-12-28,Oeste,Accesorios,350.90000000000003,84.89,10,181,39
2021-12-28,Centro,Ropa Casual,1377.8930000000003,288.9,10,634,125
2021-12-28,Centro,Ropa Formal,1647.8000000000002,400.43,10,756,160
2021-12-28,Centro,Deportivo,983.388,208.79,5,504,93
2021-12-28,Centro,Accesorios,794.618,178.32,10,376,76
2021-12-29,Norte,Ropa Casual,950.64,211.43,20,354,79
2021-12-29,Norte,Ropa Formal,1028.6955,247.14,5,460,84
2021-12-29,Norte,Deportivo,644.4117923149531,198.69,30,216,53
2021-12-29,Norte,Accesorios,628.932,119.42,20,280,53
2021-12-29,Sur,Ropa Casual,625.6954371838532,144.69,5,303,59
2021-12-29,Sur,Ropa Formal,771.324,232.29,20,295,61
2021-12-29,Sur,Deportivo,431.45550000000003,93.04,5,190,48
2021-12-29,Sur,Accesorios,464.62,76.56,30,185,35
2021-12-29,Este,Ropa Casual,867.174,186.64,5,433,77
2021-12-29,Este,Ropa Formal,908.215,226.19,10,407,79
2021-12-29,Este,Deportivo,676.92,113.54,20,272,52
2021-12-29,Este,Accesorios,450.96700000000004,92.47,10,185,40
2021-12-29,Oeste,Ropa Casual,688.338,182.55,5,314,63
2021-12-29,Oeste,Ropa Formal,1159.9170000000001,248.26,10,508,113
2021-12-29,Oeste,Deportivo,664.389,122.07,10,304,58
2021-12-29,Oeste,Accesorios,489.98178251591196,109.95194533227671,5,256,57
2021-12-29,Centro,Ropa Casual,1219.464,291.65725935467265,20,500,107
2021-12-29,Centro,Ropa Formal,1521.6202310990063,340.99,5,790,164
2021-12-29,Centro,Deportivo,1340.016,231.8,20,558,113
2021-12-29,Centro,Accesorios,912.4830000000001,222.06,10,428,78
2021-12-30,Norte,Ropa Casual,1267.032,189.51,20,533,104
2021-12-30,Norte,Ropa Formal,1198.747,246.19,10,498,110
2021-12-30,Norte,Deportivo,669.3857954894949,154.43,10,367,65
2021-12-30,Norte,Accesorios,587.34,98.17,30,197,49
2021-12-30,Sur,Ropa Casual,769.1775,164.71,5,353,65
2021-12-30,Sur,Ropa Formal,612.744,194.15,10,272,58
2021-12-30,Sur,Deportivo,458.91168376346053,119.52,5,236,45
2021-12-30,Sur,Accesorios,482.36400000000003,71.57,20,205,44
2021-12-30,Este,Ropa Casual,667.722,171.47,10,274,68
2021-12-30,Este,Ropa Formal,1138.632,223.21431136536634,20,444,99
2021-12-30,Este,Deportivo,603.801,166.6,10,252,53
2021-12-30,Este,Accesorios,379.701,97.28,5,180,42
2021-12-30,Oeste,Ropa Casual,957.0840000000001,121.73,20,399,77
2021-12-30,Oeste,Ropa Formal,1172.4790000000003,222.37,10,526,101
2021-12-30,Oeste,Deportivo,712.7280000000001,152.57,20,278,58
2021-12-30,Oeste,Accesorios,498.63000000000005,119.67,10,242,49
2021-12-30,Centro,Ropa Casual,1213.9645531860644,292.08,10,573,115
2021-12-30,Centro,Ropa Formal,1540.752,430.28,20,629,124
2021-12-30,Centro,Deportivo,1286.636,249.47,30,486,97
2021-12-30,Centro,Accesorios,754.5840000000001,218.22,20,338,78
2021-12-31,Norte,Ropa Casual,931.14,226.09,20,414,77
2021-12-31,Norte,Ropa Formal,1280.682,231.35,30,507,98
2021-12-31,Norte,Deportivo,802.098,177.78,10,374,78
2021-12-31,Norte,Accesorios,594.6675,132.28,5,272,57
2021-12-31,Sur,Ropa Casual,699.24,100.57,20,288,55
2021-12-31,Sur,Ropa Formal,677.655,120.56368280099358,10,307,55
2021-12-31,Sur,Deportivo,593.22,113.49,20,238,55
2021-12-31,Sur,Accesorios,442.23900000000003,95.05,5,207,47
2021-12-31,Este,Ropa Casual,871.3320000000001,243.22,5,365,80
2021-12-31,Este,Ropa Formal,931.865,242.84,10,420,72
2021-12-31,Este,Deportivo,687.9290000000001,138.77,10,308,62
2021-12-31,Este,Accesorios,583.3960000000001,98.22,10,278,57
2021-12-31,Oeste,Ropa Casual,1072.9160000000002,137.2,30,403,92
2021-12-31,Oeste,Ropa Formal,1041.92,184.94,10,464,101
2021-12-31,Oeste,Deportivo,614.061,143.24,5,253,54
2021-12-31,Oeste,Accesorios,609.3045,120.49,5,312,57
2021-12-31,Centro,Ropa Casual,1471.91,228.2,10,651,132
2021-12-31,Centro,Ropa Formal,1716.4199999999998,336.5962203682075,20,726,147
2021-12-31,Centro,Deportivo,1070.6115,250.97,5,506,101
2021-12-31,Centro,Accesorios,732.5340000000001,189.57,10,317,69
2022-01-01,Norte,Ropa Casual,940.539,193.91,15,400,84
2022-01-01,Norte,Ropa Formal,1009.8990000000001,274.82,10,454,89
2022-01-01,Norte,Deportivo,698.1419999999999,184.78,15,311,68
2022-01-01,Norte,Accesorios,407.268,118.45,20,167,39
2022-01-01,Sur,Ropa Casual,619.6080000000001,128.7,20,248,55
2022-01-01,Sur,Ropa Formal,819.97,188.71,0,381,85
2022-01-01,Sur,Deportivo,487.13500000000005,116.96,10,217,43
2022-01-01,Sur,Accesorios,382.25,65.23,0,167,47
2022-01-01,Este,Ropa Casual,767.46,244.43,0,375,72
2022-01-01,Este,Ropa Formal,1091.01,250.26,0,525,111
2022-01-01,Este,Deportivo,633.31,112.4,0,323,63
2022-01-01,Este,Accesorios,574.092,91.15,20,230,42
2022-01-01,Oeste,Ropa Casual,907.5770000000001,161.06,10,422,92
2022-01-01,Oeste,Ropa Formal,1011.74,247.57,0,514,107
2022-01-01,Oeste,Deportivo,730.618,116.11,15,304,63
2022-01-01,Oeste,Accesorios,489.55,96.05,0,236,44
2022-01-01,Centro,Ropa Casual,1249.31,357.91,0,623,130
2022-01-01,Centro,Ropa Formal,1419.4,328.67,0,708,130
2022-01-01,Centro,Deportivo,1294.6439999999998,219.14,20,513,101
2022-01-01,Centro,Accesorios,812.823,217.22,10,344,75
2022-01-02,Norte,Ropa Casual,997.8870000000001,118.69,10,449,82
2022-01-02,Norte,Ropa Formal,1040.136,229.93630451062805,20,439,88
2022-01-02,Norte,Deportivo,585.1398356175933,142.17,15,308,63
2022-01-02,Norte,Accesorios,587.7114405420971,113.0,20,263,50
2022-01-02,Sur,Ropa Casual,731.57710563886,136.89,0,408,77
2022-01-02,Sur,Ropa Formal,732.03,124.12,0,359,71
2022-01-02,Sur,Deportivo,558.5360000000001,85.23,10,268,49
2022-01-02,Sur,Accesorios,312.39,95.63,0,117,36
2022-01-02,Este,Ropa Casual,827.93,207.37,0,398,83
2022-01-02,Este,Ropa Formal,1084.61,244.53893804643596,0,575,115
2022-01-02,Este,Deportivo,670.19,148.18,0,354,65
2022-01-02,Este,Accesorios,428.725,77.48,10,154,36
2022-01-02,Oeste,Ropa Casual,971.6630000000001,249.59,10,416,92
2022-01-02,Oeste,Ropa Formal,869.5,176.82,0,453,95
2022-01-02,Oeste,Deportivo,728.1890000000001,143.81,10,324,64
2022-01-02,Oeste,Accesorios,406.594,121.49,15,194,35
2022-01-02,Centro,Ropa Casual,1427.4834999999998,290.49,15,606,122
2022-01-02,Centro,Ropa Formal,1671.769,372.0,10,787,157
2022-01-02,Centro,Deportivo,964.08,236.1,0,501,93
2022-01-02,Centro,Accesorios,810.6579999999999,152.5460250160691,15,342,68
2022-01-03,Norte,Ropa Casual,675.3696257947464,180.39,10,358,66
2022-01-03,Norte,Ropa Formal,919.65,294.44,0,452,95
2022-01-03,Norte,Deportivo,588.05,145.59,0,256,50
2022-01-03,Norte,Accesorios,566.38,116.60037357307593,0,296,64
2022-01-03,Sur,Ropa Casual,613.66,141.2,0,307,56
2022-01-03,Sur,Ropa Formal,638.0955,178.2,5,312,64
2022-01-03,Sur,Deportivo,521.7323183477663,122.41,0,299,51
2022-01-03,Sur,Accesorios,424.15,105.01,0,158,40
2022-01-03,Este,Ropa Casual,775.33,166.18,0,396,79
2022-01-03,Este,Ropa Formal,813.1935000000001,199.81,5,391,84
2022-01-03,Este,Deportivo,499.56,145.27,0,280,54
2022-01-03,Este,Accesorios,448.385673544529,87.18,0,254,52
2022-01-03,Oeste,Ropa Casual,746.79,202.9,0,366,79
2022-01-03,Oeste,Ropa Formal,809.44,227.15,0,410,89
2022-01-03,Oeste,Deportivo,561.1725000000001,149.54,5,264,56
2022-01-03,Oeste,Accesorios,393.49388793241985,95.23,5,220,42
2022-01-03,Centro,Ropa Casual,1267.2765000000002,281.13,5,598,124
2022-01-03,Centro,Ropa Formal,1524.53,365.12,0,706,145
2022-01-03,Centro,Deportivo,992.922,224.27,5,444,89
2022-01-03,Centro,Accesorios,835.923,194.93,10,395,82
2022-01-04,Norte,Ropa Casual,889.9350308922407,225.65,5,449,96
2022-01-04,Norte,Ropa Formal,1027.04,290.65,0,502,108
2022-01-04,Norte,Deportivo,646.96,155.3,0,327,60
2022-01-04,Norte,Accesorios,536.424,149.59,5,245,56
2022-01-04,Sur,Ropa Casual,499.863,173.81,5,238,43
2022-01-04,Sur,Ropa Formal,813.43,104.69,0,385,77
2022-01-04,Sur,Deportivo,526.01,92.95,0,261,60
2022-01-04,Sur,Accesorios,376.24,96.41,0,205,40
2022-01-04,Este,Ropa Casual,841.72,128.83,0,417,80
2022-01-04,Este,Ropa Formal,900.91,282.22,0,437,79
2022-01-04,Este,Deportivo,699.41,111.59,0,340,72
2022-01-04,Este,Accesorios,440.12850000000003,149.7,5,200,44
2022-01-04,Oeste,Ropa Casual,693.79,188.56524136352485,0,337,67
2022-01-04,Oeste,Ropa Formal,1052.93,223.24,0,480,110
2022-01-04,Oeste,Deportivo,700.89,105.73,0,370,68
2022-01-04,Oeste,Accesorios,502.3,135.4,0,236,51
2022-01-04,Centro,Ropa Casual,1364.4180000000001,360.27,10,600,126
2022-01-04,Centro,Ropa Formal,1443.3930000000003,373.7,5,640,137
2022-01-04,Centro,Deportivo,902.1285,258.39,5,436,89
2022-01-04,Centro,Accesorios,708.5504999999999,176.61,5,378,66
2022-01-05,Norte,Ropa Casual,770.889,194.15,5,395,68
2022-01-05,Norte,Ropa Formal,1057.3970000000002,280.87,10,491,102
2022-01-05,Norte,Deportivo,674.73,183.67,0,335,63
2022-01-05,Norte,Accesorios,665.29,121.8786554682609,0,331,64
2022-01-05,Sur,Ropa Casual,635.7486554415094,113.09,5,325,65
2022-01-05,Sur,Ropa Formal,872.4320000000001,127.5,10,417,76
2022-01-05,Sur,Deportivo,479.9815023543059,127.76,10,207,48
2022-01-05,Sur,Accesorios,341.12100000000004,111.66,10,147,24
2022-01-05,Este,Ropa Casual,791.49,187.95,0,378,67
2022-01-05,Este,Ropa Formal,1022.24,203.53,0,517,111
2022-01-05,Este,Deportivo,650.0024999999999,110.43,5,288,61
2022-01-05,Este,Accesorios,522.6795000000001,108.45,5,286,40
2022-01-05,Oeste,Ropa Casual,884.96,185.14,0,446,84
2022-01-05,Oeste,Ropa Formal,1225.224,247.75,10,516,107
2022-01-05,Oeste,Deportivo,782.848,149.86,10,321,71
2022-01-05,Oeste,Accesorios,458.13,111.18,0,195,39
2022-01-05,Centro,Ropa Casual,1180.431,290.12,5,582,107
2022-01-05,Centro,Ropa Formal,1602.65,356.98,0,810,155
2022-01-05,Centro,Deportivo,1042.1070000000002,238.29,10,462,100
2022-01-05,Centro,Accesorios,671.1911671099627,198.1,0,374,82
2022-01-06,Norte,Ropa Casual,875.29,217.42,0,426,97
2022-01-06,Norte,Ropa Formal,1211.133,221.2,5,539,118
2022-01-06,Norte,Deportivo,474.61741286315817,184.72,0,299,55
2022-01-06,Norte,Accesorios,553.55,132.21,0,306,49
2022-01-06,Sur,Ropa Casual,519.5715,109.25,5,239,52
2022-01-06,Sur,Ropa Formal,711.94,143.12971724486803,0,340,67
2022-01-06,Sur,Deportivo,295.6136301502301,102.18,0,183,29
2022-01-06,Sur,Accesorios,355.83,90.7,0,170,34
2022-01-06,Este,Ropa Casual,905.6,134.697340070853,0,468,86
2022-01-06,Este,Ropa Formal,937.5135,207.24,5,458,84
2022-01-06,Este,Deportivo,629.37,119.93,0,302,57
2022-01-06,Este,Accesorios,406.65450000000004,95.66,5,213,36
2022-01-06,Oeste,Ropa Casual,926.32,146.87233175939815,0,453,94
2022-01-06,Oeste,Ropa Formal,1160.4495000000002,248.5,5,546,99
2022-01-06,Oeste,Deportivo,547.82,123.81,0,274,46
2022-01-06,Oeste,Accesorios,459.899,119.87,10,208,36
2022-01-06,Centro,Ropa Casual,1253.22,279.02,0,639,131
2022-01-06,Centro,Ropa Formal,1471.3596161654887,385.97,0,821,154
2022-01-06,Centro,Deportivo,1033.1580000000001,262.76,5,492,102
2022-01-06,Centro,Accesorios,643.33,176.0592076048984,0,311,61
2022-01-07,Norte,Ropa Casual,803.88,185.78,0,390,83
2022-01-07,Norte,Ropa Formal,1011.49,259.16,0,499,106
2022-01-07,Norte,Deportivo,867.1740000000001,182.83,10,374,72
2022-01-07,Norte,Accesorios,487.1491380143335,125.11,0,282,53
2022-01-07,Sur,Ropa Casual,778.55,146.91,0,395,80
2022-01-07,Sur,Ropa Formal,689.26,188.93,0,343,68
2022-01-07,Sur,Deportivo,558.096,91.6,5,271,59
2022-01-07,Sur,Accesorios,320.1659540079589,99.74,0,156,32
2022-01-07,Este,Ropa Casual,662.35,185.58,0,332,66
2022-01-07,Este,Ropa Formal,1058.3055,242.05,5,485,98
2022-01-07,Este,Deportivo,707.0070000000001,138.41,5,327,67
2022-01-07,Este,Accesorios,522.78,95.6,0,224,49
2022-01-07,Oeste,Ropa Casual,921.558,191.17,10,418,81
2022-01-07,Oeste,Ropa Formal,1020.306,151.57,5,497,93
2022-01-07,Oeste,Deportivo,656.99,150.39,0,340,60
2022-01-07,Oeste,Accesorios,573.441,143.77,10,227,43
2022-01-07,Centro,Ropa Casual,1228.87,340.13,0,630,130
2022-01-07,Centro,Ropa Formal,1332.79,338.72,0,656,130
2022-01-07,Centro,Deportivo,1136.268,271.89,5,559,106
2022-01-07,Centro,Accesorios,628.2255,217.16,5,310,57
2022-01-08,Norte,Ropa Casual,963.23,220.26,0,485,98
2022-01-08,Norte,Ropa Formal,1075.224,328.59,20,446,74
2022-01-08,Norte,Deportivo,583.3686912143991,180.62942729463174,0,310,65
2022-01-08,Norte,Accesorios,603.251,150.87,10,288,51
2022-01-08,Sur,Ropa Casual,598.07,176.7,0,315,55
2022-01-08,Sur,Ropa Formal,672.4509999999999,181.88,15,303,60
2022-01-08,Sur,Deportivo,512.79,96.91256601629709,0,275,67
2022-01-08,Sur,Accesorios,319.59599999999995,99.15,20,150,20
2022-01-08,Este,Ropa Casual,606.57,186.56,0,304,63
2022-01-08,Este,Ropa Formal,1097.54,242.66,0,532,112
2022-01-08,Este,Deportivo,660.1229999999999,160.21,15,267,65
2022-01-08,Este,Accesorios,491.87999999999994,105.39,20,203,35
2022-01-08,Oeste,Ropa Casual,755.4030000000001,196.7,10,306,66
2022-01-08,Oeste,Ropa Formal,1032.284,217.79,10,479,95
2022-01-08,Oeste,Deportivo,701.7529999999999,157.41,15,286,73
2022-01-08,Oeste,Accesorios,469.85,113.52,0,208,47
2022-01-08,Centro,Ropa Casual,1217.5439999999999,333.84,20,529,104
2022-01-08,Centro,Ropa Formal,1817.1119999999999,348.66,20,730,152
2022-01-08,Centro,Deportivo,1295.2794999999999,257.27,15,533,113
2022-01-08,Centro,Accesorios,714.1349157161388,177.82,0,407,76
2022-01-09,Norte,Ropa Casual,844.49,247.11,0,420,89
2022-01-09,Norte,Ropa Formal,1052.0545,222.46,15,460,81
2022-01-09,Norte,Deportivo,628.51,190.52,0,341,56
2022-01-09,Norte,Accesorios,534.28,154.38,0,246,52
2022-01-09,Sur,Ropa Casual,748.788,101.61152428883982,20,321,65
2022-01-09,Sur,Ropa Formal,908.2699999999999,172.36,15,365,85
2022-01-09,Sur,Deportivo,573.372,85.36,20,213,49
2022-01-09,Sur,Accesorios,401.22,119.02,20,177,29
2022-01-09,Este,Ropa Casual,886.66,193.18,0,436,84
2022-01-09,Este,Ropa Formal,756.713574004728,277.8454485418367,0,443,92
2022-01-09,Este,Deportivo,665.496,151.43,20,246,58
2022-01-09,Este,Accesorios,403.4868662876743,133.42,10,217,38
2022-01-09,Oeste,Ropa Casual,779.654,198.71,15,373,60
2022-01-09,Oeste,Ropa Formal,1067.22,222.88,0,550,113
2022-01-09,Oeste,Deportivo,556.49,193.91,0,296,58
2022-01-09,Oeste,Accesorios,472.06,98.24,0,262,49
2022-01-09,Centro,Ropa Casual,1100.43,320.8257439740572,0,537,115
2022-01-09,Centro,Ropa Formal,1475.78,364.62,0,734,148
2022-01-09,Centro,Deportivo,937.926,241.82,10,454,86
2022-01-09,Centro,Accesorios,725.2,188.66,0,378,73
2022-01-10,Norte,Ropa Casual,770.73,188.88,0,376,82
2022-01-10,Norte,Ropa Formal,1200.675,256.51,5,561,118
2022-01-10,Norte,Deportivo,732.74,134.22,0,352,73
2022-01-10,Norte,Accesorios,555.51,113.31,0,277,46
2022-01-10,Sur,Ropa Casual,519.708,56.59,5,237,47
2022-01-10,Sur,Ropa Formal,765.65,193.57,0,383,76
2022-01-10,Sur,Deportivo,567.35,103.02,0,244,58
2022-01-10,Sur,Accesorios,286.75,101.1,0,165,24
2022-01-10,Este,Ropa Casual,789.162,159.07,10,372,72
2022-01-10,Este,Ropa Formal,867.0164862057138,253.69,0,487,96
2022-01-10,Este,Deportivo,529.02,196.16,0,256,54
2022-01-10,Este,Accesorios,482.82,144.41,0,268,51
2022-01-10,Oeste,Ropa Casual,801.7830609850547,189.32,10,406,83
2022-01-10,Oeste,Ropa Formal,1017.702,208.13,5,486,100
2022-01-10,Oeste,Deportivo,692.18,173.84,0,355,65
2022-01-10,Oeste,Accesorios,455.4585,99.02,5,224,50
2022-01-10,Centro,Ropa Casual,1202.65,324.72,0,622,122
2022-01-10,Centro,Ropa Formal,1511.5065,379.13,5,707,148
2022-01-10,Centro,Deportivo,983.12,217.06244622968907,0,485,98
2022-01-10,Centro,Accesorios,703.22,165.07,0,352,69
2022-01-11,Norte,Ropa Casual,846.29,206.89209818774725,0,395,89
2022-01-11,Norte,Ropa Formal,1197.87,258.68,0,610,120
2022-01-11,Norte,Deportivo,742.12,176.13,0,357,72
2022-01-11,Norte,Accesorios,498.24,128.62,0,257,50
2022-01-11,Sur,Ropa Casual,652.11,148.24,0,329,61
2022-01-11,Sur,Ropa Formal,981.46,259.03,0,466,98
2022-01-11,Sur,Deportivo,413.9836692811988,105.1,5,223,46
2022-01-11,Sur,Accesorios,423.54,88.17,0,176,49
2022-01-11,Este,Ropa Casual,867.87,184.23,0,456,90
2022-01-11,Este,Ropa Formal,896.67,292.71,0,468,85
2022-01-11,Este,Deportivo,760.9350000000001,193.97,5,377,76
2022-01-11,Este,Accesorios,453.68,98.46,0,212,45
2022-01-11,Oeste,Ropa Casual,694.4748021140765,196.96,0,392,77
2022-01-11,Oeste,Ropa Formal,1195.4145,256.54,5,577,106
2022-01-11,Oeste,Deportivo,553.58,131.51,0,303,57
2022-01-11,Oeste,Accesorios,468.47,131.76,0,255,50
2022-01-11,Centro,Ropa Casual,1142.98,284.73,0,607,111
2022-01-11,Centro,Ropa Formal,1353.03,379.35,0,672,136
2022-01-11,Centro,Deportivo,961.757423619552,291.95,0,583,107
2022-01-11,Centro,Accesorios,769.7445,183.4,5,387,72
2022-01-12,Norte,Ropa Casual,1047.963,238.73,5,520,103
2022-01-12,Norte,Ropa Formal,1105.65,328.53,0,562,108
2022-01-12,Norte,Deportivo,728.28,128.51,0,373,78
2022-01-12,Norte,Accesorios,498.86,181.28,0,228,41
2022-01-12,Sur,Ropa Casual,597.22,154.13,0,299,63
2022-01-12,Sur,Ropa Formal,649.43,111.97,0,304,70
2022-01-12,Sur,Deportivo,529.9,115.8,0,272,48
2022-01-12,Sur,Accesorios,416.367,41.94,5,212,38
2022-01-12,Este,Ropa Casual,597.0020763988935,149.93447090765008,5,313,56
2022-01-12,Este,Ropa Formal,957.45,208.39,0,451,100
2022-01-12,Este,Deportivo,637.3080000000001,161.81,5,300,63
2022-01-12,Este,Accesorios,485.05,121.95,0,192,47
2022-01-12,Oeste,Ropa Casual,708.76,194.77,0,338,72
2022-01-12,Oeste,Ropa Formal,1013.229,171.74646508078385,5,490,89
2022-01-12,Oeste,Deportivo,668.8395,160.70253379834975,5,363,62
2022-01-12,Oeste,Accesorios,580.0305,98.46,5,259,54
2022-01-12,Centro,Ropa Casual,1353.04,279.39,0,681,136
2022-01-12,Centro,Ropa Formal,1468.93,424.53,0,712,137
2022-01-12,Centro,Deportivo,1039.4685000000002,265.82,5,501,106
2022-01-12,Centro,Accesorios,650.87,199.85,0,340,67
2022-01-13,Norte,Ropa Casual,997.59,152.25,0,470,98
2022-01-13,Norte,Ropa Formal,952.3928569734443,320.57,0,523,102
2022-01-13,Norte,Deportivo,602.9101504632457,133.3363893382966,0,300,64
2022-01-13,Norte,Accesorios,489.45468336989575,139.41468956951138,5,284,58
2022-01-13,Sur,Ropa Casual,772.842,142.23,5,404,68
2022-01-13,Sur,Ropa Formal,884.919,160.52,5,402,86
2022-01-13,Sur,Deportivo,323.76750000000004,82.97,5,156,25
2022-01-13,Sur,Accesorios,377.70700000000005,99.41,10,179,36
2022-01-13,Este,Ropa Casual,771.6765,177.94,5,329,76
2022-01-13,Este,Ropa Formal,893.16,232.61,0,424,86
2022-01-13,Este,Deportivo,668.4090000000001,152.04,5,345,63
2022-01-13,Este,Accesorios,419.97900000000004,125.31,5,187,34
2022-01-13,Oeste,Ropa Casual,862.1025,208.19,5,388,89
2022-01-13,Oeste,Ropa Formal,1143.8384999999998,242.39,5,543,104
2022-01-13,Oeste,Deportivo,756.93,126.41209270576299,0,404,70
2022-01-13,Oeste,Accesorios,399.21,110.41,5,186,36
2022-01-13,Centro,Ropa Casual,1453.42,336.99,0,719,143
2022-01-13,Centro,Ropa Formal,1817.21,367.88,0,892,187
2022-01-13,Centro,Deportivo,986.02,242.0,0,473,97
2022-01-13,Centro,Accesorios,787.21,209.53,0,372,76
2022-01-14,Norte,Ropa Casual,851.0529120692203,262.39,0,482,92
2022-01-14,Norte,Ropa Formal,858.249,243.61,5,410,74
2022-01-14,Norte,Deportivo,809.6550000000001,185.23,5,412,74
2022-01-14,Norte,Accesorios,522.1,148.39,0,253,48
2022-01-14,Sur,Ropa Casual,731.74,110.8163329597112,0,368,70
2022-01-14,Sur,Ropa Formal,852.48,182.28,0,428,81
2022-01-14,Sur,Deportivo,448.97,141.19,0,204,53
2022-01-14,Sur,Accesorios,345.16,111.03,0,174,33
2022-01-14,Este,Ropa Casual,764.64,211.64,0,386,74
2022-01-14,Este,Ropa Formal,1095.98,222.33,0,533,111
2022-01-14,Este,Deportivo,673.11,177.08,0,363,64
2022-01-14,Este,Accesorios,547.173,109.42,10,290,53
2022-01-14,Oeste,Ropa Casual,676.28,213.7,0,297,70
2022-01-14,Oeste,Ropa Formal,944.8320000000001,265.86,5,454,83
2022-01-14,Oeste,Deportivo,604.0335,139.43,5,291,67
2022-01-14,Oeste,Accesorios,575.058,167.0,10,291,56
2022-01-14,Centro,Ropa Casual,1257.8,303.43,0,612,134
2022-01-14,Centro,Ropa Formal,1318.73,369.67,0,640,129
2022-01-14,Centro,Deportivo,1082.52,247.03,0,545,105
2022-01-14,Centro,Accesorios,824.39,175.7,0,409,80
2022-01-15,Norte,Ropa Casual,765.25,225.0,0,383,72
2022-01-15,Norte,Ropa Formal,1057.7820000000002,271.67,10,492,96
2022-01-15,Norte,Deportivo,765.644,187.14,10,349,60
2022-01-15,Norte,Accesorios,552.28,115.26,0,261,51
2022-01-15,Sur,Ropa Casual,475.97,155.28631770729757,0,245,40
2022-01-15,Sur,Ropa Formal,876.3480000000001,226.46,10,431,87
2022-01-15,Sur,Deportivo,493.6933819570813,81.88,0,236,53
2022-01-15,Sur,Accesorios,422.23,49.02181321120408,0,202,39
2022-01-15,Este,Ropa Casual,834.4820000000001,234.04,10,405,80
2022-01-15,Este,Ropa Formal,1083.6795,206.91968502692072,15,456,104
2022-01-15,Este,Deportivo,521.69,92.37,0,264,57
2022-01-15,Este,Accesorios,357.576,89.35,20,134,32
2022-01-15,Oeste,Ropa Casual,756.024,174.39,20,301,62
2022-01-15,Oeste,Ropa Formal,833.7450000000001,197.13,10,373,73
2022-01-15,Oeste,Deportivo,723.59,140.88,0,361,77
2022-01-15,Oeste,Accesorios,538.91,100.42,0,234,55
2022-01-15,Centro,Ropa Casual,1060.9250811341328,353.28,0,571,117
2022-01-15,Centro,Ropa Formal,1649.1119999999999,373.09,20,711,133
2022-01-15,Centro,Deportivo,1059.9,265.36,0,566,99
2022-01-15,Centro,Accesorios,772.76,212.46,0,406,77
2022-01-16,Norte,Ropa Casual,986.8829392758922,250.26,20,449,85
2022-01-16,Norte,Ropa Formal,1190.772,277.03,20,469,92
2022-01-16,Norte,Deportivo,711.128,153.0,10,296,63
2022-01-16,Norte,Accesorios,544.808,145.43,10,270,39
2022-01-16,Sur,Ropa Casual,726.88,80.36,10,319,53
2022-01-16,Sur,Ropa Formal,953.5799999999999,133.52,15,416,85
2022-01-16,Sur,Deportivo,482.8670000000001,154.8,10,245,39
2022-01-16,Sur,Accesorios,425.13900000000007,84.41,10,209,41
2022-01-16,Este,Ropa Casual,849.0719999999999,180.69,20,351,74
2022-01-16,Este,Ropa Formal,1129.1505,219.46,15,498,89
2022-01-16,Este,Deportivo,585.95,124.62814377254716,0,309,55
2022-01-16,Este,Accesorios,364.88,113.61,0,170,38
2022-01-16,Oeste,Ropa Casual,926.47,187.47,0,480,90
2022-01-16,Oeste,Ropa Formal,1190.4225,212.80487738392137,15,553,97
2022-01-16,Oeste,Deportivo,654.47,127.33,0,314,63
2022-01-16,Oeste,Accesorios,511.48900000000003,68.13949275839846,10,252,43
2022-01-16,Centro,Ropa Casual,1460.58,328.32,0,739,151
2022-01-16,Centro,Ropa Formal,1471.8,385.91,0,731,145
2022-01-16,Centro,Deportivo,1165.263,248.95,10,553,101
2022-01-16,Centro,Accesorios,814.187,188.47,10,406,81
2022-01-17,Norte,Ropa Casual,896.489,186.01,10,382,85
2022-01-17,Norte,Ropa Formal,1199.65,243.73,0,607,125
2022-01-17,Norte,Deportivo,708.0360000000001,177.95,5,336,69
2022-01-17,Norte,Accesorios,484.7,102.49,0,237,46
2022-01-17,Sur,Ropa Casual,862.092,188.65,5,407,95
2022-01-17,Sur,Ropa Formal,656.7,148.61,0,334,57
2022-01-17,Sur,Deportivo,499.24,77.81327769521833,0,227,45
2022-01-17,Sur,Accesorios,493.68,64.79,0,235,52
2022-01-17,Este,Ropa Casual,790.58,183.57,0,377,81
2022-01-17,Este,Ropa Formal,932.56,275.51,0,459,91
2022-01-17,Este,Deportivo,523.54,169.02,0,230,51
2022-01-17,Este,Accesorios,548.2785,111.33,5,253,50
2022-01-17,Oeste,Ropa Casual,1051.38,125.64,0,512,96
2022-01-17,Oeste,Ropa Formal,945.6405000000001,237.28,5,462,89
2022-01-17,Oeste,Deportivo,664.17,183.09,0,349,69
2022-01-17,Oeste,Accesorios,492.74,125.55,0,257,50
2022-01-17,Centro,Ropa Casual,1157.163,340.36,5,554,115
2022-01-17,Centro,Ropa Formal,1781.2305000000001,383.08,5,849,168
2022-01-17,Centro,Deportivo,1146.046,251.72,10,530,103
2022-01-17,Centro,Accesorios,810.28,170.42,0,406,85
2022-01-18,Norte,Ropa Casual,858.7215000000001,159.74,5,395,76
2022-01-18,Norte,Ropa Formal,951.9405,287.63,5,439,92
2022-01-18,Norte,Deportivo,833.19,176.13,0,395,82
2022-01-18,Norte,Accesorios,466.33,109.70366377971575,0,226,41
2022-01-18,Sur,Ropa Casual,740.04,109.95,5,365,77
2022-01-18,Sur,Ropa Formal,632.0380000000001,159.58,10,305,57
2022-01-18,Sur,Deportivo,543.9735000000001,47.86316596591957,5,249,49
2022-01-18,Sur,Accesorios,276.969,67.2843007440218,5,139,31
2022-01-18,Este,Ropa Casual,763.0752727886822,182.15,0,386,85
2022-01-18,Este,Ropa Formal,1139.4495000000002,253.92,5,565,108
2022-01-18,Este,Deportivo,602.9,118.95,0,308,57
2022-01-18,Este,Accesorios,436.502,97.8,10,224,45
2022-01-18,Oeste,Ropa Casual,732.14,226.47,0,381,70
2022-01-18,Oeste,Ropa Formal,833.5635000000001,248.61,5,393,92
2022-01-18,Oeste,Deportivo,651.18,166.68,0,298,61
2022-01-18,Oeste,Accesorios,463.738,117.98,10,221,38
2022-01-18,Centro,Ropa Casual,1137.59,297.24,0,584,118
2022-01-18,Centro,Ropa Formal,1471.827,341.73,5,720,145
2022-01-18,Centro,Deportivo,1060.88,239.12,0,498,102
2022-01-18,Centro,Accesorios,732.08,173.62,0,400,71
2022-01-19,Norte,Ropa Casual,798.5985606899018,165.43,0,434,82
2022-01-19,Norte,Ropa Formal,1210.5107987816912,275.29,10,588,124
2022-01-19,Norte,Deportivo,660.421002741145,215.4,0,365,74
2022-01-19,Norte,Accesorios,547.14,139.16,0,269,54
2022-01-19,Sur,Ropa Casual,625.55,124.41,0,288,54
2022-01-19,Sur,Ropa Formal,599.12233841828,153.2,0,341,65
2022-01-19,Sur,Deportivo,568.33,107.82775871592179,0,295,52
2022-01-19,Sur,Accesorios,315.95,65.35,0,146,24
2022-01-19,Este,Ropa Casual,645.23,201.66,0,327,62
2022-01-19,Este,Ropa Formal,883.65,204.68,0,433,98
2022-01-19,Este,Deportivo,625.55,167.47,0,266,71
2022-01-19,Este,Accesorios,452.82,134.06,0,222,49
2022-01-19,Oeste,Ropa Casual,707.6928970623155,247.58268596857226,5,368,66
2022-01-19,Oeste,Ropa Formal,903.567,210.77,5,460,88
2022-01-19,Oeste,Deportivo,650.79,162.67,5,337,54
2022-01-19,Oeste,Accesorios,479.451,115.99346311126023,5,257,45
2022-01-19,Centro,Ropa Casual,1345.34,342.08,0,688,142
2022-01-19,Centro,Ropa Formal,1228.34,355.4,0,615,123
2022-01-19,Centro,Deportivo,951.07,270.45,0,479,96
2022-01-19,Centro,Accesorios,745.52,191.09,0,362,66
2022-01-20,Norte,Ropa Casual,910.81,243.15,0,482,90
2022-01-20,Norte,Ropa Formal,1060.4687182371492,192.51015936532684,0,572,116
2022-01-20,Norte,Deportivo,682.1850000000001,148.89,5,316,66
2022-01-20,Norte,Accesorios,606.7635,141.6,5,275,64
2022-01-20,Sur,Ropa Casual,740.59,147.36,0,401,71
2022-01-20,Sur,Ropa Formal,885.2710020850661,175.84,0,475,95
2022-01-20,Sur,Deportivo,415.12800000000004,83.40421043436898,5,192,40
2022-01-20,Sur,Accesorios,379.02,115.99,0,182,38
2022-01-20,Este,Ropa Casual,836.363,181.32,10,365,84
2022-01-20,Este,Ropa Formal,892.634873790797,229.2282423051764,10,455,97
2022-01-20,Este,Deportivo,713.7165,180.09,5,330,70
2022-01-20,Este,Accesorios,436.42,85.67552685964893,0,239,39
2022-01-20,Oeste,Ropa Casual,878.3060000000002,223.07,10,397,74
2022-01-20,Oeste,Ropa Formal,745.31,260.95,0,376,79
2022-01-20,Oeste,Deportivo,645.3975361724381,180.1,0,328,70
2022-01-20,Oeste,Accesorios,433.27,107.87,0,217,39
2022-01-20,Centro,Ropa Casual,1281.67,278.61788003869304,0,656,129
2022-01-20,Centro,Ropa Formal,1436.53,358.30706279770527,0,722,148
2022-01-20,Centro,Deportivo,1067.913,252.97,5,519,103
2022-01-20,Centro,Accesorios,701.29,209.32,0,343,72
2022-01-21,Norte,Ropa Casual,852.44,211.76,0,419,86
2022-01-21,Norte,Ropa Formal,1165.49,316.72,0,567,112
2022-01-21,Norte,Deportivo,633.14,203.94,0,313,71
2022-01-21,Norte,Accesorios,547.3545,137.18,5,238,46
2022-01-21,Sur,Ropa Casual,654.41,151.25,0,322,62
2022-01-21,Sur,Ropa Formal,725.2350000000001,171.85,5,367,72
2022-01-21,Sur,Deportivo,415.668,102.58,10,189,35
2022-01-21,Sur,Accesorios,326.9,42.02,0,134,33
2022-01-21,Este,Ropa Casual,791.56,178.09,0,403,70
2022-01-21,Este,Ropa Formal,725.991,236.85,5,345,72
2022-01-21,Este,Deportivo,608.643,171.05,5,315,64
2022-01-21,Este,Accesorios,460.77,111.26691799954406,0,234,44
2022-01-21,Oeste,Ropa Casual,777.41,224.67,0,376,78
2022-01-21,Oeste,Ropa Formal,859.65,178.32,0,400,85
2022-01-21,Oeste,Deportivo,647.4876782406238,154.62,0,375,78
2022-01-21,Oeste,Accesorios,522.5640000000001,125.82,5,233,54
2022-01-21,Centro,Ropa Casual,1297.38,395.69,0,644,127
2022-01-21,Centro,Ropa Formal,1773.9260000000002,350.28,10,817,163
2022-01-21,Centro,Deportivo,978.4,250.62,0,514,94
2022-01-21,Centro,Accesorios,690.4232123146543,214.41,5,355,67
2022-01-22,Norte,Ropa Casual,1111.2310000000002,205.55,10,525,102
2022-01-22,Norte,Ropa Formal,821.87,292.44,0,447,76
2022-01-22,Norte,Deportivo,830.7025,177.99948196009706,15,355,70
2022-01-22,Norte,Accesorios,566.17,108.29,0,305,56
2022-01-22,Sur,Ropa Casual,524.75,159.95,0,281,48
2022-01-22,Sur,Ropa Formal,934.3404999999999,162.89,15,419,78
2022-01-22,Sur,Deportivo,355.62,109.93,0,177,37
2022-01-22,Sur,Accesorios,356.38,114.07,0,187,37
2022-01-22,Este,Ropa Casual,854.3590000000002,180.38,10,409,74
2022-01-22,Este,Ropa Formal,1074.8100000000002,219.51,10,469,91
2022-01-22,Este,Deportivo,678.0055,134.86,15,324,54
2022-01-22,Este,Accesorios,447.08400000000006,115.22,10,187,45
2022-01-22,Oeste,Ropa Casual,695.56,207.94,0,322,61
2022-01-22,Oeste,Ropa Formal,859.5412619531191,286.32,0,460,105
2022-01-22,Oeste,Deportivo,731.98,127.62591362939438,0,360,76
2022-01-22,Oeste,Accesorios,611.1215,104.34262136701045,15,268,49
2022-01-22,Centro,Ropa Casual,1445.8259999999998,262.04,15,612,125
2022-01-22,Centro,Ropa Formal,1445.93,355.1529675188753,0,766,142
2022-01-22,Centro,Deportivo,1082.988,257.34,20,424,95
2022-01-22,Centro,Accesorios,850.4100000000001,161.9071591089233,10,374,73
2022-01-23,Norte,Ropa Casual,802.6425,240.69,15,358,73
2022-01-23,Norte,Ropa Formal,1284.294,229.39,10,555,121
2022-01-23,Norte,Deportivo,856.9000000000001,189.31,10,377,73
2022-01-23,Norte,Accesorios,406.26,124.83044725981905,0,234,38
2022-01-23,Sur,Ropa Casual,761.34,134.24,0,397,79
2022-01-23,Sur,Ropa Formal,787.171,82.77,10,371,64
2022-01-23,Sur,Deportivo,395.53,74.58,0,232,44
2022-01-23,Sur,Accesorios,447.01649999999995,85.74,15,179,35
2022-01-23,Este,Ropa Casual,866.41,200.72184182595436,0,431,87
2022-01-23,Este,Ropa Formal,876.1390000000001,182.78,10,354,69
2022-01-23,Este,Deportivo,464.83,185.27,0,254,49
2022-01-23,Este,Accesorios,667.9530000000001,109.04,10,301,57
2022-01-23,Oeste,Ropa Casual,771.8040000000001,192.1,10,345,73
2022-01-23,Oeste,Ropa Formal,1148.114,249.33,10,532,103
2022-01-23,Oeste,Deportivo,586.47,147.01,0,276,66
2022-01-23,Oeste,Accesorios,570.13,105.51,10,235,52
2022-01-23,Centro,Ropa Casual,1344.805,314.67,10,626,126
2022-01-23,Centro,Ropa Formal,1580.43,369.5,0,806,153
2022-01-23,Centro,Deportivo,904.81,267.06,0,411,88
2022-01-23,Centro,Accesorios,859.6610000000001,201.81,10,383,69
2022-01-24,Norte,Ropa Casual,843.94,226.74,0,414,90
2022-01-24,Norte,Ropa Formal,1015.3185000000001,273.99,5,510,89
2022-01-24,Norte,Deportivo,741.45,170.99,0,355,76
2022-01-24,Norte,Accesorios,524.664,125.52931385221288,5,242,40
2022-01-24,Sur,Ropa Casual,655.17,103.91,0,358,59
2022-01-24,Sur,Ropa Formal,814.1385,153.01,5,367,78
2022-01-24,Sur,Deportivo,441.74,132.02,0,206,47
2022-01-24,Sur,Accesorios,439.8975,104.5,5,181,33
2022-01-24,Este,Ropa Casual,661.49,240.58,0,347,72
2022-01-24,Este,Ropa Formal,747.85,205.22,0,391,79
2022-01-24,Este,Deportivo,715.5540000000001,169.11,5,332,66
2022-01-24,Este,Accesorios,502.733,118.72,10,230,51
2022-01-24,Oeste,Ropa Casual,892.2270000000001,126.85,5,422,85
2022-01-24,Oeste,Ropa Formal,1036.35,271.07,0,520,93
2022-01-24,Oeste,Deportivo,616.31,144.56,0,284,58
2022-01-24,Oeste,Accesorios,565.9395000000001,133.33,5,296,62
2022-01-24,Centro,Ropa Casual,1426.23,286.42,0,699,144
2022-01-24,Centro,Ropa Formal,1504.76,427.34,0,780,152
2022-01-24,Centro,Deportivo,721.8839577069239,219.58204420752995,0,390,77
2022-01-24,Centro,Accesorios,645.2697545612826,205.72,0,300,69
2022-01-25,Norte,Ropa Casual,916.2379628227992,262.71,20,413,79
2022-01-25,Norte,Ropa Formal,976.272,241.73,10,456,86
2022-01-25,Norte,Deportivo,675.6855,208.57,5,346,68
2022-01-25,Norte,Accesorios,639.8554651514667,114.14,30,245,48
2022-01-25,Sur,Ropa Casual,566.3385000000001,130.6,5,299,49
2022-01-25,Sur,Ropa Formal,1131.564,160.56,20,480,94
2022-01-25,Sur,Deportivo,550.3679999999999,114.61,5,276,60
2022-01-25,Sur,Accesorios,388.206,88.70088355566958,5,158,34
2022-01-25,Este,Ropa Casual,937.56,134.36629800077174,20,378,73
2022-01-25,Este,Ropa Formal,1178.502,262.62,30,444,82
2022-01-25,Este,Deportivo,754.62,170.93,20,320,62
2022-01-25,Este,Accesorios,495.3960000000001,115.71,10,202,43
2022-01-25,Oeste,Ropa Casual,931.7579522234245,195.47,20,408,93
2022-01-25,Oeste,Ropa Formal,1393.1879999999999,311.05,20,588,120
2022-01-25,Oeste,Deportivo,846.04,127.73,30,322,67
2022-01-25,Oeste,Accesorios,471.70200000000006,143.51,5,216,44
2022-01-25,Centro,Ropa Casual,1306.452,333.6996022549962,5,614,122
2022-01-25,Centro,Ropa Formal,1436.7990000000002,425.0,5,676,134
2022-01-25,Centro,Deportivo,960.8655000000001,264.95,5,465,90
2022-01-25,Centro,Accesorios,899.426,210.84,10,453,84
2022-01-26,Norte,Ropa Casual,881.0865,229.57,5,417,85
2022-01-26,Norte,Ropa Formal,1048.2255,208.07,5,474,102
2022-01-26,Norte,Deportivo,681.3240000000001,183.84,5,332,67
2022-01-26,Norte,Accesorios,549.9795,133.73,5,254,53
2022-01-26,Sur,Ropa Casual,710.7651320848105,174.76,20,303,73
2022-01-26,Sur,Ropa Formal,1029.408,120.49,20,426,83
2022-01-26,Sur,Deportivo,531.747202122076,61.77,5,279,59
2022-01-26,Sur,Accesorios,420.204,77.27,20,167,35
2022-01-26,Este,Ropa Casual,796.7229091832983,213.9,10,423,79
2022-01-26,Este,Ropa Formal,1014.662,200.55,10,470,95
2022-01-26,Este,Deportivo,849.3870000000001,128.9,10,389,77
2022-01-26,Este,Accesorios,595.236,115.31,20,252,48
2022-01-26,Oeste,Ropa Casual,988.764,154.91,20,408,83
2022-01-26,Oeste,Ropa Formal,1217.112,223.75,30,499,86
2022-01-26,Oeste,Deportivo,641.064,159.96,20,241,53
2022-01-26,Oeste,Accesorios,574.6965,111.44,5,257,53
2022-01-26,Centro,Ropa Casual,1356.54,295.9608062657294,20,535,115
2022-01-26,Centro,Ropa Formal,1423.3780000000002,397.15,10,664,140
2022-01-26,Centro,Deportivo,1214.577,252.72,30,476,87
2022-01-26,Centro,Accesorios,806.6415000000001,184.03,5,397,70
2022-01-27,Norte,Ropa Casual,959.7524999999999,167.9,5,470,87
2022-01-27,Norte,Ropa Formal,1082.865,247.76,5,520,104
2022-01-27,Norte,Deportivo,862.4879999999999,163.61,20,374,82
2022-01-27,Norte,Accesorios,608.597,126.99,10,276,55
2022-01-27,Sur,Ropa Casual,731.148,127.78,10,319,74
2022-01-27,Sur,Ropa Formal,664.164,138.4215633592675,20,279,57
2022-01-27,Sur,Deportivo,626.2360000000001,118.46,30,234,44
2022-01-27,Sur,Accesorios,478.7306116536732,74.12583685903509,5,244,50
2022-01-27,Este,Ropa Casual,958.5239999999999,167.03,20,405,75
2022-01-27,Este,Ropa Formal,1287.2310000000002,237.96,10,567,119
2022-01-27,Este,Deportivo,718.894,150.41,10,285,65
2022-01-27,Este,Accesorios,473.8580250025771,99.09,20,222,47
2022-01-27,Oeste,Ropa Casual,998.9805,221.32,5,470,97
2022-01-27,Oeste,Ropa Formal,934.450949678526,157.02,5,472,103
2022-01-27,Oeste,Deportivo,634.2840000000001,155.99,5,340,57
2022-01-27,Oeste,Accesorios,619.284,102.47,20,242,47
2022-01-27,Centro,Ropa Casual,1693.939,369.73,30,660,132
2022-01-27,Centro,Ropa Formal,1809.4340000000002,406.3,10,814,165
2022-01-27,Centro,Deportivo,1025.8185,280.09,5,510,107
2022-01-27,Centro,Accesorios,852.0720000000001,198.71,30,320,64
2022-01-28,Norte,Ropa Casual,1214.076,205.93575442973463,20,460,101
2022-01-28,Norte,Ropa Formal,1052.2710000000002,234.64,10,470,93
2022-01-28,Norte,Deportivo,865.8870000000001,178.5696099696815,10,374,71
2022-01-28,Norte,Accesorios,573.09,111.12898380367685,5,259,57
2022-01-28,Sur,Ropa Casual,646.1595,107.62,5,312,57
2022-01-28,Sur,Ropa Formal,717.996,182.13,20,278,65
2022-01-28,Sur,Deportivo,670.02,89.92,20,270,51
2022-01-28,Sur,Accesorios,343.68600000000004,64.71,5,149,37
2022-01-28,Este,Ropa Casual,655.872,205.03,5,294,63
2022-01-28,Este,Ropa Formal,1104.1695,238.17557381042897,5,535,102
2022-01-28,Este,Deportivo,748.4295,142.92,5,329,71
2022-01-28,Este,Accesorios,470.31600000000003,111.77,10,219,44
2022-01-28,Oeste,Ropa Casual,773.729,204.55,10,377,69
2022-01-28,Oeste,Ropa Formal,1293.192,218.22,20,515,111
2022-01-28,Oeste,Deportivo,851.4220000000001,165.17,30,320,58
2022-01-28,Oeste,Accesorios,538.226,135.51,30,215,42
2022-01-28,Centro,Ropa Casual,1332.9435,328.91,5,653,129
2022-01-28,Centro,Ropa Formal,1714.46,346.75,10,784,160
2022-01-28,Centro,Deportivo,1207.085,269.04,10,529,107
2022-01-28,Centro,Accesorios,893.6129999999999,232.2,5,400,95
2022-01-29,Norte,Ropa Casual,1002.1619690669103,262.71,20,477,91
2022-01-29,Norte,Ropa Formal,1393.88,301.35,0,710,138
2022-01-29,Norte,Deportivo,779.9415,170.56,15,305,70
2022-01-29,Norte,Accesorios,650.0450000000001,86.28,10,287,65
2022-01-29,Sur,Ropa Casual,744.7577788295462,151.69,15,339,64
2022-01-29,Sur,Ropa Formal,978.8454999999999,158.67949892563078,15,430,85
2022-01-29,Sur,Deportivo,675.993,104.47,15,265,58
2022-01-29,Sur,Accesorios,505.09149999999994,79.85,15,212,43
2022-01-29,Este,Ropa Casual,483.06,228.5,0,228,52
2022-01-29,Este,Ropa Formal,1000.454,240.72,15,421,94
2022-01-29,Este,Deportivo,658.14,151.98509261954248,20,286,57
2022-01-29,Este,Accesorios,477.7674999999999,120.04,15,172,36
2022-01-29,Oeste,Ropa Casual,647.88015033203,144.42,0,357,72
2022-01-29,Oeste,Ropa Formal,1236.2845,268.85,15,517,110
2022-01-29,Oeste,Deportivo,803.3280000000001,206.6,20,323,67
2022-01-29,Oeste,Accesorios,612.252,111.89,20,253,51
2022-01-29,Centro,Ropa Casual,1511.6879999999999,311.37,20,649,127
2022-01-29,Centro,Ropa Formal,1618.83,434.53,0,797,156
2022-01-29,Centro,Deportivo,1146.63,236.34,0,567,110
2022-01-29,Centro,Accesorios,889.8747909898387,170.81,20,443,77
2022-01-30,Norte,Ropa Casual,913.18,256.25,0,463,89
2022-01-30,Norte,Ropa Formal,1223.9370000000001,213.67,10,576,107
2022-01-30,Norte,Deportivo,710.1371767385607,209.43,0,390,70
2022-01-30,Norte,Accesorios,662.34,156.34,20,293,57
2022-01-30,Sur,Ropa Casual,658.4148314460041,73.99,15,298,68
2022-01-30,Sur,Ropa Formal,1056.012,119.14,20,400,83
2022-01-30,Sur,Deportivo,518.44,115.74518155869927,0,261,50
2022-01-30,Sur,Accesorios,368.17,78.59,10,144,27
2022-01-30,Este,Ropa Casual,983.17,187.28,0,488,94
2022-01-30,Este,Ropa Formal,1173.9599999999998,202.51498637222798,20,463,102
2022-01-30,Este,Deportivo,597.37,138.18,0,286,58
2022-01-30,Este,Accesorios,466.81452005052904,118.37,15,207,35
2022-01-30,Oeste,Ropa Casual,712.72,179.29,0,349,76
2022-01-30,Oeste,Ropa Formal,970.13,176.81,0,455,99
2022-01-30,Oeste,Deportivo,903.0029999999999,188.49,15,388,70
2022-01-30,Oeste,Accesorios,461.84,127.98,15,215,48
2022-01-30,Centro,Ropa Casual,1486.881,341.14804883182524,10,664,134
2022-01-30,Centro,Ropa Formal,1331.24,379.19030005199994,0,643,130
2022-01-30,Centro,Deportivo,1299.408,234.49,20,538,101
2022-01-30,Centro,Accesorios,676.99,175.01,0,335,61
2022-01-31,Norte,Ropa Casual,1064.2275,198.65,5,488,106
2022-01-31,Norte,Ropa Formal,1533.0839999999998,284.2731820692483,20,627,123
2022-01-31,Norte,Deportivo,786.4395000000001,141.46,5,357,75
2022-01-31,Norte,Accesorios,671.022,113.74,10,320,53
2022-01-31,Sur,Ropa Casual,556.0485000000001,162.87,5,271,53
2022-01-31,Sur,Ropa Formal,1059.9160000000002,113.09684499804895,30,368,79
2022-01-31,Sur,Deportivo,531.113,110.88,10,224,44
2022-01-31,Sur,Accesorios,525.6030000000001,68.5,30,191,39
2022-01-31,Este,Ropa Casual,1000.7280000000001,245.94,20,431,84
2022-01-31,Este,Ropa Formal,1032.79,223.21,10,485,93
2022-01-31,Este,Deportivo,770.891,133.0,10,352,69
2022-01-31,Este,Accesorios,558.537,125.78,5,272,56
2022-01-31,Oeste,Ropa Casual,1002.1072055192723,247.27,20,436,90
2022-01-31,Oeste,Ropa Formal,1127.206315566267,221.48553611049738,5,602,112
2022-01-31,Oeste,Deportivo,710.2679999999999,130.16390283335093,20,286,54
2022-01-31,Oeste,Accesorios,481.31600000000003,68.79,10,223,47
2022-01-31,Centro,Ropa Casual,1242.0760000000002,285.03,10,579,107
2022-01-31,Centro,Ropa Formal,1669.4160000000002,408.65,5,778,159
2022-01-31,Centro,Deportivo,1057.6860000000001,294.01,5,484,106
2022-01-31,Centro,Accesorios,790.8075,177.14,5,373,77
2022-02-01,Norte,Ropa Casual,952.56,225.8,0,455,93
2022-02-01,Norte,Ropa Formal,1087.5590000000002,226.92,10,541,106
2022-02-01,Norte,Deportivo,893.4970000000001,195.08,10,400,86
2022-02-01,Norte,Accesorios,467.06,114.0715799821772,0,229,47
2022-02-01,Sur,Ropa Casual,635.46,145.42,5,303,57
2022-02-01,Sur,Ropa Formal,751.0649999999999,162.21,5,376,66
2022-02-01,Sur,Deportivo,475.17,116.63,0,233,44
2022-02-01,Sur,Accesorios,315.71,33.26,0,152,31
2022-02-01,Este,Ropa Casual,738.01,153.58,0,358,76
2022-02-01,Este,Ropa Formal,944.73,290.1,0,464,95
2022-02-01,Este,Deportivo,624.57,140.79,0,348,58
2022-02-01,Este,Accesorios,494.94500000000005,103.17,10,217,37
2022-02-01,Oeste,Ropa Casual,720.44,194.48,0,356,75
2022-02-01,Oeste,Ropa Formal,897.63,252.93,0,474,90
2022-02-01,Oeste,Deportivo,662.3,176.88,0,337,62
2022-02-01,Oeste,Accesorios,562.6215000000001,107.14,5,272,59
2022-02-01,Centro,Ropa Casual,1192.56,355.49,0,597,118
2022-02-01,Centro,Ropa Formal,1800.2985,398.73,5,846,172
2022-02-01,Centro,Deportivo,1056.468,294.48,5,545,98
2022-02-01,Centro,Accesorios,840.2,182.09,0,402,87
2022-02-02,Norte,Ropa Casual,795.98,254.15,0,407,82
2022-02-02,Norte,Ropa Formal,1030.9329115443572,275.64,0,546,107
2022-02-02,Norte,Deportivo,659.484,149.34,5,295,57
2022-02-02,Norte,Accesorios,415.96565334279944,139.32,0,245,43
2022-02-02,Sur,Ropa Casual,463.7,142.47,0,230,46
2022-02-02,Sur,Ropa Formal,592.0110000000001,108.08,5,267,56
2022-02-02,Sur,Deportivo,501.80550000000005,126.42,5,230,48
2022-02-02,Sur,Accesorios,372.91785399611103,64.89,5,177,41
2022-02-02,Este,Ropa Casual,847.22,220.97,0,417,88
2022-02-02,Este,Ropa Formal,1084.08,235.70195389787713,0,545,97
2022-02-02,Este,Deportivo,561.682,170.44,10,237,55
2022-02-02,Este,Accesorios,450.0195,151.34,5,193,40
2022-02-02,Oeste,Ropa Casual,695.61,174.84,0,328,65
2022-02-02,Oeste,Ropa Formal,899.28,238.73,0,463,78
2022-02-02,Oeste,Deportivo,711.26,111.03,0,328,67
2022-02-02,Oeste,Accesorios,352.6197450640653,93.56,5,159,45
2022-02-02,Centro,Ropa Casual,1431.6060000000002,288.74,10,639,122
2022-02-02,Centro,Ropa Formal,1628.27,373.35,0,810,162
2022-02-02,Centro,Deportivo,910.5781501744061,287.39,5,459,98
2022-02-02,Centro,Accesorios,956.7915,237.92,5,449,93
2022-02-03,Norte,Ropa Casual,915.55,175.82931727845306,0,484,90
2022-02-03,Norte,Ropa Formal,1322.9,366.08,0,674,136
2022-02-03,Norte,Deportivo,627.5450760053285,152.17,5,304,56
2022-02-03,Norte,Accesorios,431.956609253112,126.44,0,235,54
2022-02-03,Sur,Ropa Casual,498.26,133.08,0,197,48
2022-02-03,Sur,Ropa Formal,900.77,148.19,0,458,82
2022-02-03,Sur,Deportivo,463.94,97.97,0,209,52
2022-02-03,Sur,Accesorios,411.45,72.72,0,215,42
2022-02-03,Este,Ropa Casual,863.379,189.33,10,373,73
2022-02-03,Este,Ropa Formal,856.537,228.68,10,388,74
2022-02-03,Este,Deportivo,512.47,212.76,0,266,41
2022-02-03,Este,Accesorios,469.3144760002064,101.41,0,240,56
2022-02-03,Oeste,Ropa Casual,849.2085000000001,216.75,5,408,81
2022-02-03,Oeste,Ropa Formal,1087.2,265.71,0,506,108
2022-02-03,Oeste,Deportivo,611.29,121.1,0,293,59
2022-02-03,Oeste,Accesorios,515.207,116.68,10,224,45
2022-02-03,Centro,Ropa Casual,1353.765,352.32,5,654,131
2022-02-03,Centro,Ropa Formal,1633.7895,389.67,5,759,145
2022-02-03,Centro,Deportivo,980.2379999999999,295.16,5,450,91
2022-02-03,Centro,Accesorios,774.942,206.26,5,376,72
2022-02-04,Norte,Ropa Casual,883.28,198.95,0,418,81
2022-02-04,Norte,Ropa Formal,1112.11,270.67,0,573,102
2022-02-04,Norte,Deportivo,758.19,158.7,0,381,78
2022-02-04,Norte,Accesorios,650.0129999999999,118.63,5,296,65
2022-02-04,Sur,Ropa Casual,490.81,70.76,0,267,45
2022-02-04,Sur,Ropa Formal,940.1260000000001,136.59,10,385,86
2022-02-04,Sur,Deportivo,474.13,93.36,0,227,63
2022-02-04,Sur,Accesorios,358.1061398116046,56.45,10,152,33
2022-02-04,Este,Ropa Casual,825.74,130.43,0,443,80
2022-02-04,Este,Ropa Formal,1240.0605,265.04,5,584,120
2022-02-04,Este,Deportivo,761.47,174.73,0,373,78
2022-02-04,Este,Accesorios,478.26450000000006,123.77,5,220,40
2022-02-04,Oeste,Ropa Casual,853.094,173.19,10,383,73
2022-02-04,Oeste,Ropa Formal,906.42,242.53,0,460,85
2022-02-04,Oeste,Deportivo,725.307,161.92,10,315,57
2022-02-04,Oeste,Accesorios,482.937,114.03,5,210,39
2022-02-04,Centro,Ropa Casual,1281.41,334.62,0,635,123
2022-02-04,Centro,Ropa Formal,1644.5310000000002,351.44,5,810,149
2022-02-04,Centro,Deportivo,1012.5570000000001,275.44,5,465,103
2022-02-04,Centro,Accesorios,806.7180000000001,182.01,10,350,71
2022-02-05,Norte,Ropa Casual,893.47,191.18,0,466,89
2022-02-05,Norte,Ropa Formal,1322.29,242.47,0,677,128
2022-02-05,Norte,Deportivo,841.992,175.2,20,345,79
2022-02-05,Norte,Accesorios,606.958,109.00479718732193,10,291,54
2022-02-05,Sur,Ropa Casual,999.012,168.59,20,443,85
2022-02-05,Sur,Ropa Formal,905.0155,138.52271510290345,15,389,71
2022-02-05,Sur,Deportivo,566.555,127.12,10,251,47
2022-02-05,Sur,Accesorios,441.7793642477914,94.83,10,223,41
2022-02-05,Este,Ropa Casual,968.52,201.06207950909348,20,419,79
2022-02-05,Este,Ropa Formal,1070.22,270.56,20,427,91
2022-02-05,Este,Deportivo,730.9975,144.34,15,328,75
2022-02-05,Este,Accesorios,570.084,94.61,20,230,51
2022-02-05,Oeste,Ropa Casual,826.14,271.56,0,412,83
2022-02-05,Oeste,Ropa Formal,1249.23,235.72,0,611,122
2022-02-05,Oeste,Deportivo,668.5559999999999,143.68,20,289,57
2022-02-05,Oeste,Accesorios,520.21,130.75,0,236,54
2022-02-05,Centro,Ropa Casual,1439.471,299.8,10,645,125
2022-02-05,Centro,Ropa Formal,1858.704,351.2080495170733,20,788,157
2022-02-05,Centro,Deportivo,1088.6474999999998,260.98,15,460,87
2022-02-05,Centro,Accesorios,878.5590000000001,201.78,10,399,82
2022-02-06,Norte,Ropa Casual,1036.1154999999999,192.25,15,483,91
2022-02-06,Norte,Ropa Formal,1311.1,314.95894284317217,0,642,126
2022-02-06,Norte,Deportivo,946.9099999999999,173.04,15,415,76
2022-02-06,Norte,Accesorios,696.08,100.52,10,324,62
2022-02-06,Sur,Ropa Casual,563.8600000000001,173.63,10,262,56
2022-02-06,Sur,Ropa Formal,624.38,163.51,0,334,62
2022-02-06,Sur,Deportivo,568.7669999999999,144.19,15,256,56
2022-02-06,Sur,Accesorios,333.57,61.43,0,170,33
2022-02-06,Este,Ropa Casual,874.2,217.23,0,436,98
2022-02-06,Este,Ropa Formal,849.1115443054514,305.16,10,417,77
2022-02-06,Este,Deportivo,664.8265,156.5,15,253,49
2022-02-06,Este,Accesorios,666.636,128.72,20,268,50
2022-02-06,Oeste,Ropa Casual,1124.1,198.86,20,448,94
2022-02-06,Oeste,Ropa Formal,1085.692,229.2,15,473,93
2022-02-06,Oeste,Deportivo,684.69,116.11,0,373,73
2022-02-06,Oeste,Accesorios,576.08,122.15,0,253,65
2022-02-06,Centro,Ropa Casual,1400.67,301.73,0,670,133
2022-02-06,Centro,Ropa Formal,1517.56,398.92,0,795,146
2022-02-06,Centro,Deportivo,1023.39,267.84,0,523,100
2022-02-06,Centro,Accesorios,899.503,181.57,10,393,85
2022-02-07,Norte,Ropa Casual,658.1391882562259,200.87,0,337,66
2022-02-07,Norte,Ropa Formal,1081.31,290.65,0,544,108
2022-02-07,Norte,Deportivo,822.17,186.73531436501992,0,384,81
2022-02-07,Norte,Accesorios,452.58649401126496,158.0,5,227,40
2022-02-07,Sur,Ropa Casual,494.39,134.64,0,256,39
2022-02-07,Sur,Ropa Formal,635.15,232.67,0,334,78
2022-02-07,Sur,Deportivo,481.46,90.88,0,272,49
2022-02-07,Sur,Accesorios,287.03,90.07,0,141,26
2022-02-07,Este,Ropa Casual,691.4355,182.78,5,360,60
2022-02-07,Este,Ropa Formal,1230.9,292.3,10,542,118
2022-02-07,Este,Deportivo,616.655800920398,125.52,0,349,66
2022-02-07,Este,Accesorios,487.64,108.43,0,219,44
2022-02-07,Oeste,Ropa Casual,867.1635,188.65,5,381,75
2022-02-07,Oeste,Ropa Formal,902.118,220.45,5,416,80
2022-02-07,Oeste,Deportivo,624.8885875819858,160.84,0,309,76
2022-02-07,Oeste,Accesorios,532.4235,106.94,5,275,53
2022-02-07,Centro,Ropa Casual,1445.808,293.36,5,713,132
2022-02-07,Centro,Ropa Formal,1537.62,417.31531178969493,0,750,149
2022-02-07,Centro,Deportivo,886.12,266.26,0,468,80
2022-02-07,Centro,Accesorios,818.2,184.16,0,415,77
2022-02-08,Norte,Ropa Casual,910.11,283.19,0,427,84
2022-02-08,Norte,Ropa Formal,945.09,198.27,0,504,94
2022-02-08,Norte,Deportivo,589.1445000000001,207.94,5,256,60
2022-02-08,Norte,Accesorios,541.96,133.31,0,259,50
2022-02-08,Sur,Ropa Casual,759.748,174.3,10,332,68
2022-02-08,Sur,Ropa Formal,619.75,180.63862290768955,0,297,57
2022-02-08,Sur,Deportivo,519.57,139.64,0,295,57
2022-02-08,Sur,Accesorios,429.74399999999997,100.71,5,200,44
2022-02-08,Este,Ropa Casual,966.9135,180.61,5,467,87
2022-02-08,Este,Ropa Formal,995.442,187.88,5,480,101
2022-02-08,Este,Deportivo,616.16,164.3,0,320,58
2022-02-08,Este,Accesorios,545.193,133.91,10,257,57
2022-02-08,Oeste,Ropa Casual,928.79,204.63,0,453,89
2022-02-08,Oeste,Ropa Formal,1062.99,225.68,0,556,105
2022-02-08,Oeste,Deportivo,497.51,187.96752651476694,0,251,48
2022-02-08,Oeste,Accesorios,429.4708005532412,156.24,5,247,45
2022-02-08,Centro,Ropa Casual,1554.98,333.17545231070085,0,788,142
2022-02-08,Centro,Ropa Formal,1829.8245000000002,371.46,5,824,167
2022-02-08,Centro,Deportivo,1116.1395,306.3,5,584,102
2022-02-08,Centro,Accesorios,867.38,187.05,0,427,81
2022-02-09,Norte,Ropa Casual,794.87,205.95,0,415,83
2022-02-09,Norte,Ropa Formal,1073.93,207.01,0,510,103
2022-02-09,Norte,Deportivo,775.215,174.77,5,401,70
2022-02-09,Norte,Accesorios,511.52850000000007,123.87410350180646,5,257,43
2022-02-09,Sur,Ropa Casual,815.02,146.48,0,421,84
2022-02-09,Sur,Ropa Formal,463.0531770535885,88.75,0,269,46
2022-02-09,Sur,Deportivo,277.8004171922613,113.03247570664426,5,156,30
2022-02-09,Sur,Accesorios,421.35,88.78,0,198,43
2022-02-09,Este,Ropa Casual,881.51,235.39,0,419,89
2022-02-09,Este,Ropa Formal,851.33,232.22,0,441,77
2022-02-09,Este,Deportivo,680.63,145.17114334370265,0,334,73
2022-02-09,Este,Accesorios,392.13,95.61,0,225,38
2022-02-09,Oeste,Ropa Casual,878.27,232.67,0,446,90
2022-02-09,Oeste,Ropa Formal,1046.62,201.17,0,540,105
2022-02-09,Oeste,Deportivo,670.7672059786647,160.02,5,369,68
2022-02-09,Oeste,Accesorios,538.78,97.94,0,255,56
2022-02-09,Centro,Ropa Casual,1204.3,306.01,0,619,117
2022-02-09,Centro,Ropa Formal,1865.1930000000002,351.04,10,819,172
2022-02-09,Centro,Deportivo,973.09,229.46,0,509,107
2022-02-09,Centro,Accesorios,672.17,184.6,0,316,63
2022-02-10,Norte,Ropa Casual,1064.5110000000002,160.88644605950603,5,511,100
2022-02-10,Norte,Ropa Formal,1186.38,233.77,0,583,128
2022-02-10,Norte,Deportivo,616.34,186.65,0,323,65
2022-02-10,Norte,Accesorios,497.78,112.55,0,268,45
2022-02-10,Sur,Ropa Casual,806.7465000000001,139.78,5,384,90
2022-02-10,Sur,Ropa Formal,760.52,176.57416193613597,0,364,77
2022-02-10,Sur,Deportivo,538.49,123.97,0,292,57
2022-02-10,Sur,Accesorios,427.88,75.65230862663215,0,217,47
2022-02-10,Este,Ropa Casual,885.21,182.95,0,435,75
2022-02-10,Este,Ropa Formal,966.46,167.75,0,485,100
2022-02-10,Este,Deportivo,690.48,177.68,0,314,67
2022-02-10,Este,Accesorios,394.548,123.33,5,190,39
2022-02-10,Oeste,Ropa Casual,987.7560000000001,144.43,5,458,92
2022-02-10,Oeste,Ropa Formal,1036.875,194.21,5,481,108
2022-02-10,Oeste,Deportivo,759.948,188.86,5,349,67
2022-02-10,Oeste,Accesorios,536.5581797820793,107.05,5,270,63
2022-02-10,Centro,Ropa Casual,1247.6,322.2,0,586,120
2022-02-10,Centro,Ropa Formal,1462.51,369.35,0,768,144
2022-02-10,Centro,Deportivo,925.8927762713887,257.34,5,469,100
2022-02-10,Centro,Accesorios,775.85,177.98,0,413,74
2022-02-11,Norte,Ropa Casual,923.7460452039769,207.61,5,484,88
2022-02-11,Norte,Ropa Formal,930.88,287.16,0,503,94
2022-02-11,Norte,Deportivo,724.8670000000001,178.57,10,348,73
2022-02-11,Norte,Accesorios,516.373,151.82876719755967,10,242,43
2022-02-11,Sur,Ropa Casual,756.6405000000001,132.25,5,374,72
2022-02-11,Sur,Ropa Formal,820.4072308109638,118.94525490281838,10,398,81
2022-02-11,Sur,Deportivo,371.66194330361157,113.54743003788182,0,224,30
2022-02-11,Sur,Accesorios,372.07,96.7,0,150,41
2022-02-11,Este,Ropa Casual,837.123,240.73,5,393,83
2022-02-11,Este,Ropa Formal,939.14,237.78,0,460,94
2022-02-11,Este,Deportivo,626.71,142.38,0,313,60
2022-02-11,Este,Accesorios,409.51,147.61,0,234,48
2022-02-11,Oeste,Ropa Casual,1020.18,196.89,0,491,104
2022-02-11,Oeste,Ropa Formal,956.7915,228.19,5,465,91
2022-02-11,Oeste,Deportivo,678.31,135.74,0,300,69
2022-02-11,Oeste,Accesorios,548.6690000000001,114.67,10,208,51
2022-02-11,Centro,Ropa Casual,1396.01,347.63,10,636,132
2022-02-11,Centro,Ropa Formal,1770.4155,434.67,5,852,164
2022-02-11,Centro,Deportivo,860.5420657862046,273.62,5,441,77
2022-02-11,Centro,Accesorios,767.23,191.83,0,364,72
2022-02-12,Norte,Ropa Casual,985.5120000000001,207.09,10,422,101
2022-02-12,Norte,Ropa Formal,1199.53,258.7369646077001,0,652,119
2022-02-12,Norte,Deportivo,773.5589999999999,162.14,15,299,70
2022-02-12,Norte,Accesorios,587.23,150.15,0,335,57
2022-02-12,Sur,Ropa Casual,743.77,94.49,0,351,68
2022-02-12,Sur,Ropa Formal,966.83,233.22,0,456,102
2022-02-12,Sur,Deportivo,586.2,119.46,0,317,68
2022-02-12,Sur,Accesorios,449.57000000000005,62.15,10,196,42
2022-02-12,Este,Ropa Casual,926.06,211.35197052078684,0,461,92
2022-02-12,Este,Ropa Formal,1141.5704999999998,164.32,15,494,100
2022-02-12,Este,Deportivo,754.3884999999999,151.1,15,303,63
2022-02-12,Este,Accesorios,606.705,86.31002416063806,10,259,58
2022-02-12,Oeste,Ropa Casual,801.47,202.6,0,431,83
2022-02-12,Oeste,Ropa Formal,1006.6524999999999,259.71,15,458,91
2022-02-12,Oeste,Deportivo,679.94,167.44,0,353,72
2022-02-12,Oeste,Accesorios,459.228,134.37,20,237,39
2022-02-12,Centro,Ropa Casual,1428.22,318.65,0,710,152
2022-02-12,Centro,Ropa Formal,1581.75,465.4,0,801,158
2022-02-12,Centro,Deportivo,1158.744,289.93,20,470,102
2022-02-12,Centro,Accesorios,691.83,233.18,0,335,71
2022-02-13,Norte,Ropa Casual,1303.26,214.1,20,539,105
2022-02-13,Norte,Ropa Formal,1488.252,266.71875674188226,20,629,121
2022-02-13,Norte,Deportivo,762.9082439683863,138.26,10,366,71
2022-02-13,Norte,Accesorios,629.2685,106.35,15,291,50
2022-02-13,Sur,Ropa Casual,489.48,136.16,0,229,53
2022-02-13,Sur,Ropa Formal,633.03,209.44,0,272,61
2022-02-13,Sur,Deportivo,641.493,146.65,15,322,59
2022-02-13,Sur,Accesorios,396.22,67.59,10,204,35
2022-02-13,Este,Ropa Casual,1049.862,153.79662839193176,10,445,102
2022-02-13,Este,Ropa Formal,1102.596,266.99,20,449,82
2022-02-13,Este,Deportivo,536.8014212061715,182.38,0,276,46
2022-02-13,Este,Accesorios,475.7,129.14,0,221,52
2022-02-13,Oeste,Ropa Casual,876.01,261.99,0,443,82
2022-02-13,Oeste,Ropa Formal,1057.94,246.58036414527055,0,536,96
2022-02-13,Oeste,Deportivo,670.3840000000001,160.93,10,289,63
2022-02-13,Oeste,Accesorios,536.16,101.69,20,239,32
2022-02-13,Centro,Ropa Casual,1209.53,374.07,0,630,126
2022-02-13,Centro,Ropa Formal,1698.0,434.64,0,856,170
2022-02-13,Centro,Deportivo,1143.1860000000001,233.65,10,534,99
2022-02-13,Centro,Accesorios,788.15,203.98,0,386,85
2022-02-14,Norte,Ropa Casual,911.1520000000002,209.99,10,435,81
2022-02-14,Norte,Ropa Formal,1139.93,249.35,0,568,110
2022-02-14,Norte,Deportivo,732.59,184.22,0,397,79
2022-02-14,Norte,Accesorios,522.13,124.74,0,232,48
2022-02-14,Sur,Ropa Casual,549.12,100.19,0,248,54
2022-02-14,Sur,Ropa Formal,801.8,179.11,0,408,77
2022-02-14,Sur,Deportivo,562.2015,148.13,5,282,48
2022-02-14,Sur,Accesorios,282.4156151694585,70.66,0,177,34
2022-02-14,Este,Ropa Casual,748.66,199.8,0,360,70
2022-02-14,Este,Ropa Formal,936.7575,229.26,5,427,95
2022-02-14,Este,Deportivo,580.3,160.24,0,298,62
2022-02-14,Este,Accesorios,482.9895,152.17,5,233,39
2022-02-14,Oeste,Ropa Casual,894.39,201.16,0,459,88
2022-02-14,Oeste,Ropa Formal,1066.68,197.62292022547118,0,526,107
2022-02-14,Oeste,Deportivo,584.91,137.15256875728923,0,252,58
2022-02-14,Oeste,Accesorios,490.98,93.82,5,232,41
2022-02-14,Centro,Ropa Casual,1275.309,289.06,5,636,126
2022-02-14,Centro,Ropa Formal,1753.785,397.87,10,859,161
2022-02-14,Centro,Deportivo,991.3785,301.57,5,461,94
2022-02-14,Centro,Accesorios,855.95,167.12,0,422,100
2022-02-15,Norte,Ropa Casual,947.89,251.39,0,470,91
2022-02-15,Norte,Ropa Formal,1243.924,292.63,10,576,115
2022-02-15,Norte,Deportivo,618.0157623534097,183.78,0,353,55
2022-02-15,Norte,Accesorios,578.46,162.72,0,273,58
2022-02-15,Sur,Ropa Casual,693.15,155.19,0,334,70
2022-02-15,Sur,Ropa Formal,622.671,159.86,5,294,52
2022-02-15,Sur,Deportivo,455.3,98.72,0,249,40
2022-02-15,Sur,Accesorios,342.19,86.74,0,187,34
2022-02-15,Este,Ropa Casual,871.395,119.9,5,386,82
2022-02-15,Este,Ropa Formal,923.27,247.7,0,490,97
2022-02-15,Este,Deportivo,647.823,171.82,10,307,60
2022-02-15,Este,Accesorios,615.01,140.95,0,309,60
2022-02-15,Oeste,Ropa Casual,884.79,190.36,0,443,78
2022-02-15,Oeste,Ropa Formal,699.43,214.92,0,355,68
2022-02-15,Oeste,Deportivo,834.81,120.46,0,451,86
2022-02-15,Oeste,Accesorios,413.05,131.95,0,216,33
2022-02-15,Centro,Ropa Casual,1303.3965,330.44,5,628,123
2022-02-15,Centro,Ropa Formal,1498.85,398.07,0,731,144
2022-02-15,Centro,Deportivo,1023.03,243.04,0,488,104
2022-02-15,Centro,Accesorios,817.4355,215.27,5,390,75
2022-02-16,Norte,Ropa Casual,1019.0250000000001,220.07,5,510,100
2022-02-16,Norte,Ropa Formal,1029.1155,291.38,5,448,99
2022-02-16,Norte,Deportivo,816.0680000000001,227.18,10,397,69
2022-02-16,Norte,Accesorios,538.1775,148.13,5,236,49
2022-02-16,Sur,Ropa Casual,428.085,137.72,5,214,28
2022-02-16,Sur,Ropa Formal,867.7460000000001,193.75156712813168,10,403,72
2022-02-16,Sur,Deportivo,662.5630000000001,121.58439585041087,10,256,57
2022-02-16,Sur,Accesorios,357.86,88.97,0,147,34
2022-02-16,Este,Ropa Casual,833.77,195.47,0,396,87
2022-02-16,Este,Ropa Formal,856.45,206.86,0,443,80
2022-02-16,Este,Deportivo,592.98,199.64,0,297,57
2022-02-16,Este,Accesorios,466.3207353959926,138.23,0,251,52
2022-02-16,Oeste,Ropa Casual,920.6,137.16,0,460,92
2022-02-16,Oeste,Ropa Formal,1417.713,292.39,10,677,133
2022-02-16,Oeste,Deportivo,674.0895,152.13,5,325,69
2022-02-16,Oeste,Accesorios,621.71,83.12834204263457,0,319,58
2022-02-16,Centro,Ropa Casual,1059.4,356.59,0,521,98
2022-02-16,Centro,Ropa Formal,1468.6455,420.95,5,722,140
2022-02-16,Centro,Deportivo,1035.36,295.6,0,506,111
2022-02-16,Centro,Accesorios,759.9795,203.86,5,332,66
2022-02-17,Norte,Ropa Casual,945.8295,236.92,5,434,91
2022-02-17,Norte,Ropa Formal,1038.1560000000002,312.99,5,462,103
2022-02-17,Norte,Deportivo,830.48,148.43558597922646,0,396,85
2022-02-17,Norte,Accesorios,528.8535,154.91,5,245,46
2022-02-17,Sur,Ropa Casual,519.4455,164.91,5,264,51
2022-02-17,Sur,Ropa Formal,700.6,163.45,0,337,60
2022-02-17,Sur,Deportivo,593.63,136.44,0,296,67
2022-02-17,Sur,Accesorios,267.7,92.48,0,153,30
2022-02-17,Este,Ropa Casual,974.69,169.18,0,494,103
2022-02-17,Este,Ropa Formal,968.12,291.31,0,445,90
2022-02-17,Este,Deportivo,595.7595,141.96,5,283,57
2022-02-17,Este,Accesorios,445.23,111.10139696450341,0,224,51
2022-02-17,Oeste,Ropa Casual,854.343,211.08,5,412,81
2022-02-17,Oeste,Ropa Formal,1078.291514815955,250.77,5,571,107
2022-02-17,Oeste,Deportivo,627.583,148.51,10,284,54
2022-02-17,Oeste,Accesorios,454.18,137.19,0,230,45
2022-02-17,Centro,Ropa Casual,1030.72,314.95894284317217,0,525,94
2022-02-17,Centro,Ropa Formal,1636.66,361.04,0,794,169
2022-02-17,Centro,Deportivo,946.63,225.58,0,517,101
2022-02-17,Centro,Accesorios,789.74,193.68,0,384,76
2022-02-18,Norte,Ropa Casual,1011.0975000000001,232.91,5,431,93
2022-02-18,Norte,Ropa Formal,1262.18,213.37,0,641,119
2022-02-18,Norte,Deportivo,715.45,180.66,0,359,62
2022-02-18,Norte,Accesorios,536.29,124.40744905915963,0,244,57
2022-02-18,Sur,Ropa Casual,562.551,145.71,10,256,52
2022-02-18,Sur,Ropa Formal,680.8012569946478,228.38,10,309,65
2022-02-18,Sur,Deportivo,482.8,95.78150561018603,0,256,42
2022-02-18,Sur,Accesorios,428.54,78.65,0,233,53
2022-02-18,Este,Ropa Casual,880.6245000000001,185.22,5,380,79
2022-02-18,Este,Ropa Formal,960.2560000000001,208.3,10,455,80
2022-02-18,Este,Deportivo,683.592,153.05,5,315,63
2022-02-18,Este,Accesorios,452.26,97.95,0,205,49
2022-02-18,Oeste,Ropa Casual,981.0675000000001,246.84,5,471,94
2022-02-18,Oeste,Ropa Formal,946.4113084826776,233.43,5,497,97
2022-02-18,Oeste,Deportivo,676.0845,185.26,5,307,63
2022-02-18,Oeste,Accesorios,497.95900000000006,126.25,10,210,44
2022-02-18,Centro,Ropa Casual,1232.4810213682854,322.97,0,670,136
2022-02-18,Centro,Ropa Formal,1685.53,397.98,0,853,167
2022-02-18,Centro,Deportivo,1117.7472818004837,284.34,5,607,117
2022-02-18,Centro,Accesorios,864.28,219.47,0,442,78
2022-02-19,Norte,Ropa Casual,1159.0047695023047,192.07,20,527,101
2022-02-19,Norte,Ropa Formal,967.2630000000001,267.39,10,429,92
2022-02-19,Norte,Deportivo,852.5985,166.54,15,369,78
2022-02-19,Norte,Accesorios,680.938,120.13,15,331,55
2022-02-19,Sur,Ropa Casual,569.1349999999999,148.54,15,247,53
2022-02-19,Sur,Ropa Formal,753.8722586081069,169.28,10,355,77
2022-02-19,Sur,Deportivo,602.5999999999999,134.56,15,264,62
2022-02-19,Sur,Accesorios,406.802,96.74,10,171,33
2022-02-19,Este,Ropa Casual,810.6,169.25,0,387,86
2022-02-19,Este,Ropa Formal,881.97,259.2,0,431,94
2022-02-19,Este,Deportivo,631.02,138.37558529397842,0,309,64
2022-02-19,Este,Accesorios,463.58400000000006,114.78,10,209,39
2022-02-19,Oeste,Ropa Casual,806.849601867369,199.72,0,431,90
2022-02-19,Oeste,Ropa Formal,905.465,223.35,10,418,82
2022-02-19,Oeste,Deportivo,677.93,176.22,0,367,69
2022-02-19,Oeste,Accesorios,451.50719575989825,108.62,0,240,48
2022-02-19,Centro,Ropa Casual,1464.09,337.8,0,727,146
2022-02-19,Centro,Ropa Formal,1888.3260000000002,325.11,10,885,169
2022-02-19,Centro,Deportivo,1117.2128808481157,268.49,0,604,127
2022-02-19,Centro,Accesorios,747.5574999999999,196.11,15,321,66
2022-02-20,Norte,Ropa Casual,866.98,235.02,0,432,86
2022-02-20,Norte,Ropa Formal,1300.052,233.32,15,562,112
2022-02-20,Norte,Deportivo,891.348,161.72,20,364,74
2022-02-20,Norte,Accesorios,595.62,139.89,0,275,55
2022-02-20,Sur,Ropa Casual,536.3829999999999,129.08801610558675,15,210,55
2022-02-20,Sur,Ropa Formal,794.8454999999999,177.43,15,378,75
2022-02-20,Sur,Deportivo,566.643,96.62,10,217,50
2022-02-20,Sur,Accesorios,412.7420000000001,81.62,10,225,31
2022-02-20,Este,Ropa Casual,788.0070000000001,169.78,10,386,81
2022-02-20,Este,Ropa Formal,1023.1,231.95933938334701,0,471,109
2022-02-20,Este,Deportivo,759.066,154.99,10,340,68
2022-02-20,Este,Accesorios,570.5495,120.34,15,253,44
2022-02-20,Oeste,Ropa Casual,795.71,165.26,0,383,80
2022-02-20,Oeste,Ropa Formal,1130.338,205.57,10,495,100
2022-02-20,Oeste,Deportivo,611.6257690698426,167.79,10,326,63
2022-02-20,Oeste,Accesorios,506.5956737806074,116.98,15,264,47
2022-02-20,Centro,Ropa Casual,1563.54,381.54,20,689,128
2022-02-20,Centro,Ropa Formal,1750.1000000000001,476.56,10,802,165
2022-02-20,Centro,Deportivo,1202.14,233.1639646939206,0,621,119
2022-02-20,Centro,Accesorios,795.1,202.33,0,378,85
2022-02-21,Norte,Ropa Casual,864.01,211.29,0,442,92
2022-02-21,Norte,Ropa Formal,1002.11,253.84,0,498,106
2022-02-21,Norte,Deportivo,833.8155,139.91,5,431,82
2022-02-21,Norte,Accesorios,513.69,141.02,0,261,55
2022-02-21,Sur,Ropa Casual,717.08,116.16817975935868,0,326,68
2022-02-21,Sur,Ropa Formal,799.68,190.08,0,411,81
2022-02-21,Sur,Deportivo,518.8846138705874,145.67,0,280,56
2022-02-21,Sur,Accesorios,359.1,80.78346071289211,0,174,28
2022-02-21,Este,Ropa Casual,919.3311905385556,182.1,10,460,94
2022-02-21,Este,Ropa Formal,981.04,247.45,0,499,96
2022-02-21,Este,Deportivo,662.5252920591372,119.35905749042,5,330,69
2022-02-21,Este,Accesorios,575.96,128.83,0,299,59
2022-02-21,Oeste,Ropa Casual,829.81,203.11,0,451,78
2022-02-21,Oeste,Ropa Formal,1083.0015,260.66,5,521,106
2022-02-21,Oeste,Deportivo,590.28,155.76,0,313,59
2022-02-21,Oeste,Accesorios,422.09,135.85,0,210,35
2022-02-21,Centro,Ropa Casual,1391.52,341.11,0,677,141
2022-02-21,Centro,Ropa Formal,1677.91,450.7,0,817,171
2022-02-21,Centro,Deportivo,1240.2705,291.33,5,595,119
2022-02-21,Centro,Accesorios,783.06,201.0,0,380,71
2022-02-22,Norte,Ropa Casual,959.4795,260.8,5,481,83
2022-02-22,Norte,Ropa Formal,1125.333,306.07,10,512,99
2022-02-22,Norte,Deportivo,730.73,185.41,0,342,78
2022-02-22,Norte,Accesorios,545.5905,151.92,5,247,48
2022-02-22,Sur,Ropa Casual,555.19,173.4,0,245,57
2022-02-22,Sur,Ropa Formal,976.9830000000001,122.16,5,472,97
2022-02-22,Sur,Deportivo,688.422,98.81,5,328,58
2022-02-22,Sur,Accesorios,387.14,81.49,0,183,44
2022-02-22,Este,Ropa Casual,718.531972228578,219.04,5,374,68
2022-02-22,Este,Ropa Formal,956.5028612236804,184.97895227097754,5,522,99
2022-02-22,Este,Deportivo,619.15,162.42,0,284,63
2022-02-22,Este,Accesorios,558.27,144.46,0,305,56
2022-02-22,Oeste,Ropa Casual,669.7609257908155,177.1,5,388,64
2022-02-22,Oeste,Ropa Formal,954.55,254.78,0,495,94
2022-02-22,Oeste,Deportivo,977.7495000000001,171.05,5,453,93
2022-02-22,Oeste,Accesorios,650.0655,132.95,5,312,70
2022-02-22,Centro,Ropa Casual,1186.0689147450323,364.26,0,661,132
2022-02-22,Centro,Ropa Formal,1465.19,415.96,0,759,148
2022-02-22,Centro,Deportivo,1005.8,271.29,0,536,103
2022-02-22,Centro,Accesorios,747.3307528427409,219.37,5,417,77
2022-02-23,Norte,Ropa Casual,925.08,236.22,0,487,94
2022-02-23,Norte,Ropa Formal,1241.999,335.16,10,563,115
2022-02-23,Norte,Deportivo,817.41,194.99,0,361,69
2022-02-23,Norte,Accesorios,503.34,142.94,0,245,53
2022-02-23,Sur,Ropa Casual,739.32,118.93,0,362,79
2022-02-23,Sur,Ropa Formal,850.2890000000001,225.27,10,363,70
2022-02-23,Sur,Deportivo,443.45,124.66492622477841,0,199,40
2022-02-23,Sur,Accesorios,394.99,77.42706194679016,0,181,35
2022-02-23,Este,Ropa Casual,830.7,242.09,0,405,87
2022-02-23,Este,Ropa Formal,827.9974585135984,231.4,0,446,86
2022-02-23,Este,Deportivo,657.45,158.52,0,317,62
2022-02-23,Este,Accesorios,471.47763613190966,110.43,10,263,49
2022-02-23,Oeste,Ropa Casual,932.7885,227.78,5,472,95
2022-02-23,Oeste,Ropa Formal,992.9639999999999,227.5,5,490,94
2022-02-23,Oeste,Deportivo,559.4,107.7,0,306,58
2022-02-23,Oeste,Accesorios,577.29,92.35,0,325,68
2022-02-23,Centro,Ropa Casual,1328.2815,336.44,5,632,126
2022-02-23,Centro,Ropa Formal,1549.8340000000003,456.02,10,731,147
2022-02-23,Centro,Deportivo,1066.0125,266.78,5,512,110
2022-02-23,Centro,Accesorios,893.3610000000001,159.5,5,444,91
2022-02-24,Norte,Ropa Casual,934.23,252.45,0,496,101
2022-02-24,Norte,Ropa Formal,1034.8681288050486,247.43,5,552,109
2022-02-24,Norte,Deportivo,847.64,222.32,0,413,82
2022-02-24,Norte,Accesorios,575.53,127.88,0,270,53
2022-02-24,Sur,Ropa Casual,550.06,154.58,0,245,50
2022-02-24,Sur,Ropa Formal,927.76,146.87,0,496,91
2022-02-24,Sur,Deportivo,720.13,130.39,0,349,72
2022-02-24,Sur,Accesorios,466.44,98.22,0,238,49
2022-02-24,Este,Ropa Casual,953.2845,209.02,5,480,85
2022-02-24,Este,Ropa Formal,1084.105,214.92,10,456,103
2022-02-24,Este,Deportivo,799.6065,114.73,5,387,61
2022-02-24,Este,Accesorios,446.69,128.04,0,219,49
2022-02-24,Oeste,Ropa Casual,876.225,215.92,5,415,80
2022-02-24,Oeste,Ropa Formal,1148.679,252.13,5,528,110
2022-02-24,Oeste,Deportivo,818.64,149.93,0,405,87
2022-02-24,Oeste,Accesorios,419.42,125.7,0,195,38
2022-02-24,Centro,Ropa Casual,1285.04,301.66,0,604,121
2022-02-24,Centro,Ropa Formal,1585.32,341.87,0,756,151
2022-02-24,Centro,Deportivo,1120.833,272.26,5,540,102
2022-02-24,Centro,Accesorios,740.14,145.94,0,387,78
2022-02-25,Norte,Ropa Casual,1120.4270000000001,209.04,10,509,111
2022-02-25,Norte,Ropa Formal,1102.585,220.25,10,496,95
2022-02-25,Norte,Deportivo,929.028,193.01,20,357,77
2022-02-25,Norte,Accesorios,683.21,136.87,10,272,61
2022-02-25,Sur,Ropa Casual,755.876,219.48,10,334,73
2022-02-25,Sur,Ropa Formal,1034.1345000000001,187.11,5,495,99
2022-02-25,Sur,Deportivo,531.741,111.81,5,227,51
2022-02-25,Sur,Accesorios,507.96,82.01,20,199,48
2022-02-25,Este,Ropa Casual,849.807,216.45,5,377,87
2022-02-25,Este,Ropa Formal,1163.624,244.36,10,498,110
2022-02-25,Este,Deportivo,600.2535,182.47,5,267,62
2022-02-25,Este,Accesorios,704.0400000000001,124.17,20,318,54
2022-02-25,Oeste,Ropa Casual,936.281421258328,218.65,20,420,77
2022-02-25,Oeste,Ropa Formal,1014.7095,254.43,5,510,101
2022-02-25,Oeste,Deportivo,734.712,153.47,10,340,58
2022-02-25,Oeste,Accesorios,569.568,102.53,20,242,52
2022-02-25,Centro,Ropa Casual,1602.888,322.09,20,600,145
2022-02-25,Centro,Ropa Formal,1723.029,409.9496257303863,5,839,157
2022-02-25,Centro,Deportivo,912.9435000000001,245.24,5,471,85
2022-02-25,Centro,Accesorios,868.087,178.82,10,386,89
2022-02-26,Norte,Ropa Casual,724.69,228.04,0,354,63
2022-02-26,Norte,Ropa Formal,1278.3319999999999,205.76,10,573,115
2022-02-26,Norte,Deportivo,836.855,155.61,15,369,69
2022-02-26,Norte,Accesorios,558.7230000000001,152.95,10,276,55
2022-02-26,Sur,Ropa Casual,606.88,166.88,0,289,61
2022-02-26,Sur,Ropa Formal,852.9468180917031,155.89,10,391,82
2022-02-26,Sur,Deportivo,504.10249999999996,93.33,15,219,45
2022-02-26,Sur,Accesorios,445.11899999999997,79.5,15,197,41
2022-02-26,Este,Ropa Casual,1066.44,202.89,0,559,111
2022-02-26,Este,Ropa Formal,1209.5124999999998,299.47,15,508,106
2022-02-26,Este,Deportivo,785.243,178.62,15,353,67
2022-02-26,Este,Accesorios,742.38,110.18183565872205,20,314,65
2022-02-26,Oeste,Ropa Casual,943.4025079028632,137.49,0,520,96
2022-02-26,Oeste,Ropa Formal,967.8945918581902,273.71,10,493,95
2022-02-26,Oeste,Deportivo,603.44,159.43,0,313,60
2022-02-26,Oeste,Accesorios,555.585318046025,130.0,0,306,66
2022-02-26,Centro,Ropa Casual,1435.8410000000001,362.35,10,629,130
2022-02-26,Centro,Ropa Formal,1702.0300000000002,401.0,10,748,158
2022-02-26,Centro,Deportivo,888.283,253.43,10,406,74
2022-02-26,Centro,Accesorios,776.4680000000001,187.09,10,356,73
2022-02-27,Norte,Ropa Casual,1109.7240000000002,184.64,10,473,96
2022-02-27,Norte,Ropa Formal,1143.989,254.11,10,514,108
2022-02-27,Norte,Deportivo,618.16,170.96,0,324,55
2022-02-27,Norte,Accesorios,650.4850000000001,141.5,10,305,55
2022-02-27,Sur,Ropa Casual,654.44,101.28,0,326,62
2022-02-27,Sur,Ropa Formal,718.96,145.0,0,345,77
2022-02-27,Sur,Deportivo,629.07,111.33,0,324,65
2022-02-27,Sur,Accesorios,376.65,88.61,0,182,38
2022-02-27,Este,Ropa Casual,942.1949999999998,190.61,15,415,77
2022-02-27,Este,Ropa Formal,1206.7,192.49,10,542,107
2022-02-27,Este,Deportivo,620.9830339095984,147.96,10,311,63
2022-02-27,Este,Accesorios,483.804,123.83,20,225,43
2022-02-27,Oeste,Ropa Casual,953.2930000000001,193.92628377623012,10,459,86
2022-02-27,Oeste,Ropa Formal,1024.5620000000001,283.59,10,460,93
2022-02-27,Oeste,Deportivo,695.7959999999999,138.61,15,313,50
2022-02-27,Oeste,Accesorios,430.5145024986432,131.95,0,237,48
2022-02-27,Centro,Ropa Casual,1565.3225,325.64,15,670,139
2022-02-27,Centro,Ropa Formal,1802.99,388.92,0,867,186
2022-02-27,Centro,Deportivo,1053.2045,252.5,15,495,89
2022-02-27,Centro,Accesorios,810.72,204.04,0,386,83
2022-02-28,Norte,Ropa Casual,1037.352,204.19778356180788,20,411,82
2022-02-28,Norte,Ropa Formal,1048.488,297.81,5,502,104
2022-02-28,Norte,Deportivo,785.7255,130.57,5,400,82
2022-02-28,Norte,Accesorios,468.2949612883446,134.13,10,226,51
2022-02-28,Sur,Ropa Casual,832.92,142.87,20,324,73
2022-02-28,Sur,Ropa Formal,824.746,226.75,30,309,60
2022-02-28,Sur,Deportivo,515.7285,97.18,5,231,50
2022-02-28,Sur,Accesorios,413.91,82.56,5,156,43
2022-02-28,Este,Ropa Casual,922.0970000000001,194.01,10,404,85
2022-02-28,Este,Ropa Formal,792.1210000000001,254.48,10,376,75
2022-02-28,Este,Deportivo,708.576,161.03,20,286,56
2022-02-28,Este,Accesorios,612.403,142.78,10,317,58
2022-02-28,Oeste,Ropa Casual,1165.138,188.45,30,465,92
2022-02-28,Oeste,Ropa Formal,1327.056,235.12,20,549,110
2022-02-28,Oeste,Deportivo,922.8359999999999,162.23,20,375,79
2022-02-28,Oeste,Accesorios,742.3439999999999,96.67,20,334,56
2022-02-28,Centro,Ropa Casual,1756.9439999999997,398.34,20,709,148
2022-02-28,Centro,Ropa Formal,1850.196,425.27,20,781,149
2022-02-28,Centro,Deportivo,1310.283,279.06,30,489,102
2022-02-28,Centro,Accesorios,827.568,224.11,5,405,82
2022-03-01,Norte,Ropa Casual,1047.921,236.7,5,507,98
2022-03-01,Norte,Ropa Formal,1069.387,187.7836142536107,10,470,102
2022-03-01,Norte,Deportivo,778.04,233.8,0,395,85
2022-03-01,Norte,Accesorios,572.12,132.67,0,292,62
2022-03-01,Sur,Ropa Casual,887.1345,116.41,5,427,91
2022-03-01,Sur,Ropa Formal,931.3290000000001,187.86,5,461,95
2022-03-01,Sur,Deportivo,439.76,102.87,0,215,49
2022-03-01,Sur,Accesorios,422.98,86.05,0,207,50
2022-03-01,Este,Ropa Casual,922.9395000000001,187.91,5,441,83
2022-03-01,Este,Ropa Formal,1211.8995000000002,208.335809437824,5,562,120
2022-03-01,Este,Deportivo,801.6,160.8,0,432,83
2022-03-01,Este,Accesorios,554.421,83.92,5,245,57
2022-03-01,Oeste,Ropa Casual,863.22,200.37,0,425,86
2022-03-01,Oeste,Ropa Formal,1022.06,260.4,0,508,100
2022-03-01,Oeste,Deportivo,593.439,163.54,5,254,57
2022-03-01,Oeste,Accesorios,576.851,127.0,10,270,57
2022-03-01,Centro,Ropa Casual,1410.73,329.6443368965005,0,724,143
2022-03-01,Centro,Ropa Formal,1774.311,392.34,5,866,171
2022-03-01,Centro,Deportivo,1141.36,268.74,0,550,118
2022-03-01,Centro,Accesorios,866.47,187.08474766121685,0,434,90
2022-03-02,Norte,Ropa Casual,992.124,212.28,5,441,92
2022-03-02,Norte,Ropa Formal,1125.82,325.14,0,551,111
2022-03-02,Norte,Deportivo,617.69,208.49,0,334,57
2022-03-02,Norte,Accesorios,539.74,126.84,0,272,50
2022-03-02,Sur,Ropa Casual,610.55,182.06,0,323,56
2022-03-02,Sur,Ropa Formal,687.8,161.75,0,340,63
2022-03-02,Sur,Deportivo,488.46,120.77,0,251,48
2022-03-02,Sur,Accesorios,390.82,69.27055316450954,0,165,39
2022-03-02,Este,Ropa Casual,784.05,180.56,0,411,72
2022-03-02,Este,Ropa Formal,1085.36,311.85,0,551,107
2022-03-02,Este,Deportivo,720.9195000000001,179.14,5,337,74
2022-03-02,Este,Accesorios,578.5815,141.57,5,263,56
2022-03-02,Oeste,Ropa Casual,871.24,194.54,0,392,85
2022-03-02,Oeste,Ropa Formal,1020.705,173.64,5,529,98
2022-03-02,Oeste,Deportivo,793.8945000000001,154.05,5,377,71
2022-03-02,Oeste,Accesorios,590.931,132.96,10,266,53
2022-03-02,Centro,Ropa Casual,1284.9270000000001,340.02,5,627,133
2022-03-02,Centro,Ropa Formal,1806.2520000000002,401.76,5,838,173
2022-03-02,Centro,Deportivo,1327.249,248.77,10,607,125
2022-03-02,Centro,Accesorios,898.12,202.61,0,444,90
2022-03-03,Norte,Ropa Casual,826.3454248265172,242.39,0,437,85
2022-03-03,Norte,Ropa Formal,1298.66,265.37,0,671,119
2022-03-03,Norte,Deportivo,951.993,198.5,5,428,87
2022-03-03,Norte,Accesorios,579.28,129.4,0,253,53
2022-03-03,Sur,Ropa Casual,509.32837480774646,165.13,0,254,60
2022-03-03,Sur,Ropa Formal,1014.2,184.19,0,471,96
2022-03-03,Sur,Deportivo,540.8037238127196,132.76,5,307,53
2022-03-03,Sur,Accesorios,384.09,80.58115722562022,0,201,44
2022-03-03,Este,Ropa Casual,913.9935,219.72,5,422,88
2022-03-03,Este,Ropa Formal,917.21,239.18,0,446,99
2022-03-03,Este,Deportivo,716.53,173.85,0,365,67
2022-03-03,Este,Accesorios,485.13,145.35,0,222,45
2022-03-03,Oeste,Ropa Casual,739.5885000000001,202.39,5,328,70
2022-03-03,Oeste,Ropa Formal,1009.0395000000001,193.17224350548943,5,490,86
2022-03-03,Oeste,Deportivo,684.93,161.33,0,338,67
2022-03-03,Oeste,Accesorios,589.218,106.91,5,290,53
2022-03-03,Centro,Ropa Casual,1259.32,328.65,0,602,116
2022-03-03,Centro,Ropa Formal,1620.192,431.7,5,757,158
2022-03-03,Centro,Deportivo,1186.857,243.83,5,576,117
2022-03-03,Centro,Accesorios,886.017,200.77,10,371,75
2022-03-04,Norte,Ropa Casual,979.29,230.73,0,507,100
2022-03-04,Norte,Ropa Formal,1256.6180000000002,326.55,10,563,111
2022-03-04,Norte,Deportivo,683.5185,174.21,5,358,61
2022-03-04,Norte,Accesorios,508.52,130.66,0,248,49
2022-03-04,Sur,Ropa Casual,673.27,98.14,0,327,66
2022-03-04,Sur,Ropa Formal,644.7945000000001,113.96,5,259,59
2022-03-04,Sur,Deportivo,571.12,151.69,0,232,54
2022-03-04,Sur,Accesorios,393.25,80.28,0,193,34
2022-03-04,Este,Ropa Casual,868.26,198.92,0,405,86
2022-03-04,Este,Ropa Formal,946.008,296.36,5,465,80
2022-03-04,Este,Deportivo,486.85,146.89,0,267,46
2022-03-04,Este,Accesorios,556.31,119.95,0,272,51
2022-03-04,Oeste,Ropa Casual,732.0973593414216,163.08,0,404,85
2022-03-04,Oeste,Ropa Formal,1189.72,238.59,0,593,124
2022-03-04,Oeste,Deportivo,693.3,152.85,0,364,70
2022-03-04,Oeste,Accesorios,596.91,110.41,0,288,64
2022-03-04,Centro,Ropa Casual,1496.5230000000001,338.67,5,709,144
2022-03-04,Centro,Ropa Formal,1798.671,409.02,5,863,175
2022-03-04,Centro,Deportivo,1150.622,277.06,10,559,105
2022-03-04,Centro,Accesorios,777.3149999999999,209.23697951748971,5,377,79
2022-03-05,Norte,Ropa Casual,1231.1899999999998,184.82,15,478,105
2022-03-05,Norte,Ropa Formal,1333.89,293.27,0,657,126
2022-03-05,Norte,Deportivo,857.21,149.7,0,444,96
2022-03-05,Norte,Accesorios,584.16,115.74,0,328,57
2022-03-05,Sur,Ropa Casual,796.44,150.54,0,385,71
2022-03-05,Sur,Ropa Formal,1095.0645,177.35,15,468,104
2022-03-05,Sur,Deportivo,467.47,74.04,0,256,48
2022-03-05,Sur,Accesorios,411.80400000000003,84.93,20,181,33
2022-03-05,Este,Ropa Casual,800.28,238.45,0,403,82
2022-03-05,Este,Ropa Formal,1032.913526517267,181.62,10,509,102
2022-03-05,Este,Deportivo,755.856,144.77,20,279,71
2022-03-05,Este,Accesorios,568.6405,120.56,15,198,57
2022-03-05,Oeste,Ropa Casual,849.34,202.69,0,425,87
2022-03-05,Oeste,Ropa Formal,882.2,262.65,0,438,84
2022-03-05,Oeste,Deportivo,813.2989223275441,162.5,10,414,75
2022-03-05,Oeste,Accesorios,439.92,122.62350012594379,0,248,35
2022-03-05,Centro,Ropa Casual,1366.65,324.83,0,691,137
2022-03-05,Centro,Ropa Formal,1642.0,432.0,0,836,170
2022-03-05,Centro,Deportivo,1101.48,281.9,0,524,114
2022-03-05,Centro,Accesorios,896.5110000000001,166.53,10,436,84
2022-03-06,Norte,Ropa Casual,1103.126,232.86,15,427,97
2022-03-06,Norte,Ropa Formal,1333.013,316.55,10,618,123
2022-03-06,Norte,Deportivo,841.7750000000001,148.68,10,369,81
2022-03-06,Norte,Accesorios,578.7776804707421,122.35,0,275,61
2022-03-06,Sur,Ropa Casual,671.6,154.57,0,311,68
2022-03-06,Sur,Ropa Formal,740.8720000000001,208.38,10,336,64
2022-03-06,Sur,Deportivo,628.82,89.29,0,340,65
2022-03-06,Sur,Accesorios,444.66400000000004,71.26,10,162,43
2022-03-06,Este,Ropa Casual,952.0964999999999,199.23,15,417,83
2022-03-06,Este,Ropa Formal,1095.768,247.22,20,457,86
2022-03-06,Este,Deportivo,661.98,188.26,0,314,59
2022-03-06,Este,Accesorios,504.16,104.16,0,265,48
2022-03-06,Oeste,Ropa Casual,917.9456727833127,183.6,10,422,90
2022-03-06,Oeste,Ropa Formal,1305.0085,179.06,15,578,110
2022-03-06,Oeste,Deportivo,664.98,151.4,0,308,67
2022-03-06,Oeste,Accesorios,356.7,105.98,0,188,38
2022-03-06,Centro,Ropa Casual,1284.7893366205692,297.91,0,718,145
2022-03-06,Centro,Ropa Formal,1778.636,395.76,15,769,153
2022-03-06,Centro,Deportivo,1141.9,262.75,0,545,109
2022-03-06,Centro,Accesorios,967.912,189.12,10,453,94
2022-03-07,Norte,Ropa Casual,868.4970000000001,172.11,5,435,83
2022-03-07,Norte,Ropa Formal,1238.0610000000001,287.95,10,553,113
2022-03-07,Norte,Deportivo,612.16,185.11,0,268,60
2022-03-07,Norte,Accesorios,458.84551114339786,108.85,0,261,47
2022-03-07,Sur,Ropa Casual,786.996,130.16,5,362,82
2022-03-07,Sur,Ropa Formal,705.0435000000001,186.6,5,370,61
2022-03-07,Sur,Deportivo,565.3515,138.1732818067065,5,277,47
2022-03-07,Sur,Accesorios,239.43,61.32,0,97,20
2022-03-07,Este,Ropa Casual,811.8513392183114,234.4605461350723,0,446,85
2022-03-07,Este,Ropa Formal,1147.49,242.05,0,581,113
2022-03-07,Este,Deportivo,685.07,143.0,0,377,68
2022-03-07,Este,Accesorios,535.23,103.99,0,295,47
2022-03-07,Oeste,Ropa Casual,826.23,158.86,0,367,78
2022-03-07,Oeste,Ropa Formal,1167.1695,284.77,5,517,115
2022-03-07,Oeste,Deportivo,636.92,169.03,0,325,63
2022-03-07,Oeste,Accesorios,604.5621841503271,93.28,0,341,69
2022-03-07,Centro,Ropa Casual,1282.7,354.37,0,620,128
2022-03-07,Centro,Ropa Formal,1664.8500000000001,403.21,10,769,158
2022-03-07,Centro,Deportivo,1017.89,248.2,0,535,102
2022-03-07,Centro,Accesorios,887.7330000000001,188.55,5,425,92
2022-03-08,Norte,Ropa Casual,950.05,218.23,0,448,89
2022-03-08,Norte,Ropa Formal,987.546,235.51,5,476,92
2022-03-08,Norte,Deportivo,736.12,212.31,0,393,75
2022-03-08,Norte,Accesorios,632.6145,129.37,5,296,53
2022-03-08,Sur,Ropa Casual,754.4350000000001,136.7755486219189,10,326,65
2022-03-08,Sur,Ropa Formal,596.88,179.37,0,306,61
2022-03-08,Sur,Deportivo,504.67,136.14,0,237,54
2022-03-08,Sur,Accesorios,418.37,96.75,0,191,45
2022-03-08,Este,Ropa Casual,1060.8675,220.82,5,526,100
2022-03-08,Este,Ropa Formal,1030.7777481593828,247.5,0,571,114
2022-03-08,Este,Deportivo,645.38,126.03,0,321,57
2022-03-08,Este,Accesorios,534.4185,129.63,5,244,46
2022-03-08,Oeste,Ropa Casual,753.1000925864103,204.82,5,413,68
2022-03-08,Oeste,Ropa Formal,906.57,313.5,0,412,94
2022-03-08,Oeste,Deportivo,682.6600000000001,141.22622534190066,10,291,66
2022-03-08,Oeste,Accesorios,540.57,139.21,0,239,42
2022-03-08,Centro,Ropa Casual,1423.01,299.64,0,690,148
2022-03-08,Centro,Ropa Formal,1649.41,389.7,0,809,167
2022-03-08,Centro,Deportivo,1148.85,253.59,0,564,115
2022-03-08,Centro,Accesorios,816.11,188.8,0,383,86
2022-03-09,Norte,Ropa Casual,815.85,192.99,0,419,74
2022-03-09,Norte,Ropa Formal,1118.82,290.69,0,553,113
2022-03-09,Norte,Deportivo,915.37,215.67,0,499,94
2022-03-09,Norte,Accesorios,481.47,108.7841024739344,0,217,50
2022-03-09,Sur,Ropa Casual,787.3215000000001,186.97,5,358,74
2022-03-09,Sur,Ropa Formal,1238.2335,158.95,5,582,118
2022-03-09,Sur,Deportivo,449.62,122.98,0,210,44
2022-03-09,Sur,Accesorios,372.85,107.71,0,193,37
2022-03-09,Este,Ropa Casual,736.85,191.34,0,338,72
2022-03-09,Este,Ropa Formal,1039.7625,209.56,5,521,101
2022-03-09,Este,Deportivo,513.21,140.01240441826923,0,215,53
2022-03-09,Este,Accesorios,519.1095,95.72633193183914,5,237,49
2022-03-09,Oeste,Ropa Casual,700.69,213.16,0,366,67
2022-03-09,Oeste,Ropa Formal,999.92,225.52,0,525,102
2022-03-09,Oeste,Deportivo,751.39,180.11,0,372,79
2022-03-09,Oeste,Accesorios,495.05500000000006,124.97,10,199,57
2022-03-09,Centro,Ropa Casual,1326.5780000000002,330.08,10,614,129
2022-03-09,Centro,Ropa Formal,1658.7139271674264,427.27,5,872,169
2022-03-09,Centro,Deportivo,1164.3345000000002,276.77,5,536,108
2022-03-09,Centro,Accesorios,842.5919439591405,202.79,0,482,94
2022-03-10,Norte,Ropa Casual,973.55,206.92,0,491,97
2022-03-10,Norte,Ropa Formal,1019.96,307.3,0,496,105
2022-03-10,Norte,Deportivo,692.1705000000001,153.82,5,311,60
2022-03-10,Norte,Accesorios,479.17100000000005,178.41,10,209,42
2022-03-10,Sur,Ropa Casual,502.83,146.57,0,255,49
2022-03-10,Sur,Ropa Formal,986.7770000000002,144.49,10,449,93
2022-03-10,Sur,Deportivo,433.96500000000003,110.51,5,224,42
2022-03-10,Sur,Accesorios,319.91039078564796,101.87,0,185,43
2022-03-10,Este,Ropa Casual,869.0,168.4,0,438,79
2022-03-10,Este,Ropa Formal,1058.365,221.77,10,459,101
2022-03-10,Este,Deportivo,644.43,174.01,0,348,60
2022-03-10,Este,Accesorios,444.58050000000003,108.62,5,216,50
2022-03-10,Oeste,Ropa Casual,755.246823653822,250.15,5,367,80
2022-03-10,Oeste,Ropa Formal,1077.6675,258.49,5,508,104
2022-03-10,Oeste,Deportivo,633.09,162.91,0,302,73
2022-03-10,Oeste,Accesorios,480.08,132.44,0,241,43
2022-03-10,Centro,Ropa Casual,1196.28,308.5,0,570,120
2022-03-10,Centro,Ropa Formal,1524.99,384.1,0,784,152
2022-03-10,Centro,Deportivo,1087.81,297.51,0,554,111
2022-03-10,Centro,Accesorios,882.2205000000001,214.55,5,436,87
2022-03-11,Norte,Ropa Casual,1115.4990000000003,232.32,5,521,106
2022-03-11,Norte,Ropa Formal,974.18,223.24,0,499,89
2022-03-11,Norte,Deportivo,718.9875000000001,204.85,5,348,78
2022-03-11,Norte,Accesorios,603.44,132.14,0,331,53
2022-03-11,Sur,Ropa Casual,670.2044999999999,166.47,5,289,62
2022-03-11,Sur,Ropa Formal,769.15,155.93,0,324,75
2022-03-11,Sur,Deportivo,641.424,79.67,5,279,54
2022-03-11,Sur,Accesorios,449.23199999999997,121.38,5,234,38
2022-03-11,Este,Ropa Casual,1039.8465,193.9,5,478,95
2022-03-11,Este,Ropa Formal,982.338,219.76595646868626,5,452,99
2022-03-11,Este,Deportivo,864.53,139.49,0,436,95
2022-03-11,Este,Accesorios,620.2245,135.46,5,297,58
2022-03-11,Oeste,Ropa Casual,1000.59,223.94,0,512,97
2022-03-11,Oeste,Ropa Formal,1174.88,172.44,0,573,118
2022-03-11,Oeste,Deportivo,646.94,156.1,0,318,68
2022-03-11,Oeste,Accesorios,490.05600000000004,137.28,5,196,41
2022-03-11,Centro,Ropa Casual,1353.98,402.62,0,682,129
2022-03-11,Centro,Ropa Formal,1810.03,400.93,0,892,184
2022-03-11,Centro,Deportivo,1124.93,308.05,0,543,116
2022-03-11,Centro,Accesorios,755.29,203.03,0,393,70
2022-03-12,Norte,Ropa Casual,827.02,247.3,0,417,84
2022-03-12,Norte,Ropa Formal,1273.019,333.24,10,612,116
2022-03-12,Norte,Deportivo,853.39,219.45,0,444,84
2022-03-12,Norte,Accesorios,533.83,120.46,0,290,56
2022-03-12,Sur,Ropa Casual,442.14500000000004,101.62,10,171,43
2022-03-12,Sur,Ropa Formal,967.84,120.9,0,523,106
2022-03-12,Sur,Deportivo,422.09200000000004,106.18,10,187,34
2022-03-12,Sur,Accesorios,428.05199999999996,79.32,20,161,38
2022-03-12,Este,Ropa Casual,909.5925,191.05,15,382,79
2022-03-12,Este,Ropa Formal,1116.0490000000002,226.63,10,505,108
2022-03-12,Este,Deportivo,844.0520000000001,182.91,10,365,74
2022-03-12,Este,Accesorios,579.04,133.43,0,239,57
2022-03-12,Oeste,Ropa Casual,784.04,178.09,0,355,71
2022-03-12,Oeste,Ropa Formal,1005.0920000000001,245.19,10,496,91
2022-03-12,Oeste,Deportivo,511.8082507899565,173.76,10,274,46
2022-03-12,Oeste,Accesorios,706.452,128.84,20,298,62
2022-03-12,Centro,Ropa Casual,1617.4199999999998,327.8,20,653,140
2022-03-12,Centro,Ropa Formal,1738.4180000000003,418.1,10,807,153
2022-03-12,Centro,Deportivo,1146.3760000000002,277.45,10,507,101
2022-03-12,Centro,Accesorios,913.29,188.13,0,457,91
2022-03-13,Norte,Ropa Casual,1106.2254877403334,181.76,10,572,111
2022-03-13,Norte,Ropa Formal,1187.62,222.43268425545216,0,636,115
2022-03-13,Norte,Deportivo,795.96,167.38,10,356,67
2022-03-13,Norte,Accesorios,709.7109999999999,142.21,15,262,60
2022-03-13,Sur,Ropa Casual,633.0,182.66165778040852,0,327,61
2022-03-13,Sur,Ropa Formal,1031.47,172.06,10,449,96
2022-03-13,Sur,Deportivo,577.41,130.02,0,285,51
2022-03-13,Sur,Accesorios,511.63200000000006,109.77,10,233,55
2022-03-13,Este,Ropa Casual,828.79,203.1,0,448,82
2022-03-13,Este,Ropa Formal,1193.907,272.56,10,533,99
2022-03-13,Este,Deportivo,950.9694999999999,186.21,15,398,87
2022-03-13,Este,Accesorios,504.9911018348124,122.59,10,246,45
2022-03-13,Oeste,Ropa Casual,964.2380000000002,228.71,10,421,88
2022-03-13,Oeste,Ropa Formal,940.808,206.42,10,398,83
2022-03-13,Oeste,Deportivo,661.5719999999999,198.01,20,281,39
2022-03-13,Oeste,Accesorios,512.4608497326434,134.77,10,283,46
2022-03-13,Centro,Ropa Casual,1637.7790000000002,293.55,10,770,149
2022-03-13,Centro,Ropa Formal,1586.6840000000002,398.69,10,724,146
2022-03-13,Centro,Deportivo,1256.7889999999998,267.03,15,568,112
2022-03-13,Centro,Accesorios,767.18,206.84,0,410,83
2022-03-14,Norte,Ropa Casual,866.62,209.2,0,447,88
2022-03-14,Norte,Ropa Formal,1430.48,262.589926478924,0,716,155
2022-03-14,Norte,Deportivo,698.54,164.5463000565158,0,331,73
2022-03-14,Norte,Accesorios,489.7047702374428,160.46,0,261,55
2022-03-14,Sur,Ropa Casual,502.12,147.19,0,256,55
2022-03-14,Sur,Ropa Formal,795.07,169.19,0,371,80
2022-03-14,Sur,Deportivo,408.84,107.77,0,185,35
2022-03-14,Sur,Accesorios,548.5830000000001,84.08,5,277,56
2022-03-14,Este,Ropa Casual,900.354,241.81,5,393,84
2022-03-14,Este,Ropa Formal,887.79,192.8,0,411,89
2022-03-14,Este,Deportivo,743.87,162.96,0,358,68
2022-03-14,Este,Accesorios,486.24,132.75,0,234,45
2022-03-14,Oeste,Ropa Casual,926.8710000000001,215.49,10,426,82
2022-03-14,Oeste,Ropa Formal,930.174,313.54,5,453,82
2022-03-14,Oeste,Deportivo,689.81,164.48,0,328,72
2022-03-14,Oeste,Accesorios,538.6605000000001,116.0,5,293,42
2022-03-14,Centro,Ropa Casual,1465.6215,266.34,5,693,139
2022-03-14,Centro,Ropa Formal,1759.0545,460.27,5,831,170
2022-03-14,Centro,Deportivo,1279.4,279.03,0,649,132
2022-03-14,Centro,Accesorios,857.11,218.95,0,445,89
2022-03-15,Norte,Ropa Casual,925.44,269.26,0,510,96
2022-03-15,Norte,Ropa Formal,1146.22,244.57,0,580,108
2022-03-15,Norte,Deportivo,887.0085,196.18,5,426,79
2022-03-15,Norte,Accesorios,510.77,156.8,0,267,54
2022-03-15,Sur,Ropa Casual,675.03,122.48556593007659,0,331,63
2022-03-15,Sur,Ropa Formal,807.53,194.68,0,413,76
2022-03-15,Sur,Deportivo,500.01583353189494,114.21,5,266,49
2022-03-15,Sur,Accesorios,333.46,85.13,0,106,32
2022-03-15,Este,Ropa Casual,949.15,199.68,0,492,88
2022-03-15,Este,Ropa Formal,994.994,196.63,10,411,92
2022-03-15,Este,Deportivo,603.99,152.44487327243317,0,302,57
2022-03-15,Este,Accesorios,473.7,97.95,0,269,45
2022-03-15,Oeste,Ropa Casual,826.17,217.44,0,383,71
2022-03-15,Oeste,Ropa Formal,1012.94,199.94,0,535,93
2022-03-15,Oeste,Deportivo,718.9820000000001,110.15,10,344,65
2022-03-15,Oeste,Accesorios,488.55,150.69,0,269,53
2022-03-15,Centro,Ropa Casual,1407.525,351.92,5,695,129
2022-03-15,Centro,Ropa Formal,1603.38,375.55,0,826,155
2022-03-15,Centro,Deportivo,1139.66,251.7,0,565,110
2022-03-15,Centro,Accesorios,778.32,205.45,0,401,83
2022-03-16,Norte,Ropa Casual,896.0385,171.83842121136198,5,456,82
2022-03-16,Norte,Ropa Formal,1241.69,244.96,0,665,129
2022-03-16,Norte,Deportivo,612.66,128.42,0,295,61
2022-03-16,Norte,Accesorios,630.9490000000001,135.28,10,296,53
2022-03-16,Sur,Ropa Casual,490.66,169.95,0,231,50
2022-03-16,Sur,Ropa Formal,717.9136005031647,185.9536872551058,0,389,77
2022-03-16,Sur,Deportivo,556.18,98.22753868356443,0,266,58
2022-03-16,Sur,Accesorios,318.48,84.9,0,166,23
2022-03-16,Este,Ropa Casual,991.6935000000001,177.02,5,476,89
2022-03-16,Este,Ropa Formal,838.31,269.95,0,429,76
2022-03-16,Este,Deportivo,658.3080000000001,141.01,5,300,61
2022-03-16,Este,Accesorios,454.66,105.64,0,237,37
2022-03-16,Oeste,Ropa Casual,862.77,214.31,0,425,85
2022-03-16,Oeste,Ropa Formal,960.74,241.53,0,504,93
2022-03-16,Oeste,Deportivo,834.855,153.61,5,386,75
2022-03-16,Oeste,Accesorios,480.86,130.21,0,247,52
2022-03-16,Centro,Ropa Casual,1523.676,281.9099095133903,5,754,135
2022-03-16,Centro,Ropa Formal,1586.739,417.83,5,773,145
2022-03-16,Centro,Deportivo,1187.1,256.55,0,577,106
2022-03-16,Centro,Accesorios,860.4330000000001,220.8,5,393,70
2022-03-17,Norte,Ropa Casual,1036.3210000000001,252.29083985417282,10,484,98
2022-03-17,Norte,Ropa Formal,918.93,339.8,0,457,93
2022-03-17,Norte,Deportivo,806.53,225.46,0,368,84
2022-03-17,Norte,Accesorios,613.99,146.28,0,309,56
2022-03-17,Sur,Ropa Casual,593.53,168.21,0,283,65
2022-03-17,Sur,Ropa Formal,684.19,168.57,0,328,63
2022-03-17,Sur,Deportivo,503.77,128.57,0,279,55
2022-03-17,Sur,Accesorios,405.069,91.35,5,170,36
2022-03-17,Este,Ropa Casual,659.76,154.75,0,314,74
2022-03-17,Este,Ropa Formal,1337.82,282.55,0,666,131
2022-03-17,Este,Deportivo,715.44,145.41,0,352,75
2022-03-17,Este,Accesorios,544.22,145.63,0,266,45
2022-03-17,Oeste,Ropa Casual,873.57,185.68,0,463,93
2022-03-17,Oeste,Ropa Formal,1121.085,237.11,5,550,106
2022-03-17,Oeste,Deportivo,718.06,180.9,0,381,71
2022-03-17,Oeste,Accesorios,624.668,161.0,10,295,55
2022-03-17,Centro,Ropa Casual,1531.0049999999999,388.51,5,735,135
2022-03-17,Centro,Ropa Formal,1523.0040000000001,452.62,5,715,144
2022-03-17,Centro,Deportivo,1155.825,246.99,10,508,104
2022-03-17,Centro,Accesorios,824.37,183.96,0,415,80
2022-03-18,Norte,Ropa Casual,1031.1000000000001,245.17,5,519,94
2022-03-18,Norte,Ropa Formal,1076.06,259.2703101650533,0,533,113
2022-03-18,Norte,Deportivo,733.98,184.37,0,392,75
2022-03-18,Norte,Accesorios,608.1240000000001,129.09,10,271,50
2022-03-18,Sur,Ropa Casual,602.5845,130.04,5,271,65
2022-03-18,Sur,Ropa Formal,899.87,154.98,0,460,93
2022-03-18,Sur,Deportivo,434.64300000000003,134.81,10,161,39
2022-03-18,Sur,Accesorios,338.74,74.68,0,162,31
2022-03-18,Este,Ropa Casual,1017.81,152.65,0,542,102
2022-03-18,Este,Ropa Formal,886.8,280.01,0,410,94
2022-03-18,Este,Deportivo,765.42,178.18,0,358,73
2022-03-18,Este,Accesorios,520.45,131.87,0,250,58
2022-03-18,Oeste,Ropa Casual,842.7320000000001,155.91,10,378,81
2022-03-18,Oeste,Ropa Formal,1079.595,268.51,10,516,105
2022-03-18,Oeste,Deportivo,603.7224764198769,193.84,0,313,60
2022-03-18,Oeste,Accesorios,527.8110721355906,128.02,0,315,55
2022-03-18,Centro,Ropa Casual,1329.5129005249823,314.92,0,734,141
2022-03-18,Centro,Ropa Formal,1505.99,491.31,0,754,151
2022-03-18,Centro,Deportivo,992.0610000000001,310.67,5,473,93
2022-03-18,Centro,Accesorios,927.15,221.99,0,462,79
2022-03-19,Norte,Ropa Casual,903.09,232.33,0,434,90
2022-03-19,Norte,Ropa Formal,1221.6150207911012,278.97,10,616,128
2022-03-19,Norte,Deportivo,1060.1505,159.45,15,455,86
2022-03-19,Norte,Accesorios,699.655,139.74,10,290,64
2022-03-19,Sur,Ropa Casual,450.06,168.5,0,237,46
2022-03-19,Sur,Ropa Formal,773.498,146.8,10,371,66
2022-03-19,Sur,Deportivo,552.66,90.83,0,280,62
2022-03-19,Sur,Accesorios,467.1102432077746,128.48,10,219,42
2022-03-19,Este,Ropa Casual,1052.15,199.66,0,536,107
2022-03-19,Este,Ropa Formal,1073.14,184.02,0,547,104
2022-03-19,Este,Deportivo,817.872,167.45,20,358,77
2022-03-19,Este,Accesorios,414.38,120.18,0,246,32
2022-03-19,Oeste,Ropa Casual,1048.94,205.02,0,503,95
2022-03-19,Oeste,Ropa Formal,1000.2703448589123,232.17083848367673,15,503,108
2022-03-19,Oeste,Deportivo,924.577,153.15,15,396,87
2022-03-19,Oeste,Accesorios,563.84,138.65,0,290,50
2022-03-19,Centro,Ropa Casual,1303.6553787818798,404.28,0,733,137
2022-03-19,Centro,Ropa Formal,1750.58,420.81,0,873,180
2022-03-19,Centro,Deportivo,1107.06,303.59,0,531,107
2022-03-19,Centro,Accesorios,776.1930000000001,194.94,10,343,69
2022-03-20,Norte,Ropa Casual,953.9824999999998,206.312774565105,15,462,83
2022-03-20,Norte,Ropa Formal,1410.6,236.70427572117885,20,598,117
2022-03-20,Norte,Deportivo,778.283,159.51,10,370,73
2022-03-20,Norte,Accesorios,577.1183449773091,128.71,10,291,70
2022-03-20,Sur,Ropa Casual,549.6370000000001,135.4,10,244,49
2022-03-20,Sur,Ropa Formal,681.5944157096056,160.91403289867947,10,368,62
2022-03-20,Sur,Deportivo,530.03,85.39,0,271,51
2022-03-20,Sur,Accesorios,323.23271267569004,63.41,0,157,30
2022-03-20,Este,Ropa Casual,1108.4965,162.37,15,530,97
2022-03-20,Este,Ropa Formal,1217.821,242.38,10,560,117
2022-03-20,Este,Deportivo,736.725,187.33,10,357,66
2022-03-20,Este,Accesorios,419.9999013521363,121.56,0,231,49
2022-03-20,Oeste,Ropa Casual,1121.153,172.53,10,490,98
2022-03-20,Oeste,Ropa Formal,876.08,256.06,0,454,85
2022-03-20,Oeste,Deportivo,715.2750000000001,164.68,10,348,63
2022-03-20,Oeste,Accesorios,572.332,130.68,15,226,44
2022-03-20,Centro,Ropa Casual,1418.46,319.35,0,736,141
2022-03-20,Centro,Ropa Formal,1538.2441623474353,397.976937529113,0,858,169
2022-03-20,Centro,Deportivo,1322.8449999999998,251.7,15,575,119
2022-03-20,Centro,Accesorios,795.9820000000001,173.44,10,372,72
2022-03-21,Norte,Ropa Casual,1008.469,223.91,10,499,83
2022-03-21,Norte,Ropa Formal,999.8637255176998,265.0,0,554,104
2022-03-21,Norte,Deportivo,788.43,195.64,0,409,69
2022-03-21,Norte,Accesorios,593.01,139.93,0,289,54
2022-03-21,Sur,Ropa Casual,778.272,113.23,10,349,69
2022-03-21,Sur,Ropa Formal,776.85,104.23227401031669,0,407,82
2022-03-21,Sur,Deportivo,636.6303485584822,150.27,5,329,66
2022-03-21,Sur,Accesorios,287.39,63.62,0,150,36
2022-03-21,Este,Ropa Casual,970.6620000000001,181.24,5,472,89
2022-03-21,Este,Ropa Formal,1104.0,255.38,0,569,103
2022-03-21,Este,Deportivo,773.8280000000001,185.21,10,363,67
2022-03-21,Este,Accesorios,553.6410000000001,136.04,10,303,59
2022-03-21,Oeste,Ropa Casual,858.16,196.92,0,425,88
2022-03-21,Oeste,Ropa Formal,1105.12,252.21,0,572,103
2022-03-21,Oeste,Deportivo,609.45,121.86,0,330,55
2022-03-21,Oeste,Accesorios,523.3,135.24,0,285,47
2022-03-21,Centro,Ropa Casual,1168.81,371.5,0,597,115
2022-03-21,Centro,Ropa Formal,1430.1317920519718,457.34,0,766,144
2022-03-21,Centro,Deportivo,1110.19,317.92,0,564,102
2022-03-21,Centro,Accesorios,863.121,245.2,5,415,89
2022-03-22,Norte,Ropa Casual,921.22,241.44,0,417,88
2022-03-22,Norte,Ropa Formal,1247.17,277.8914266071257,0,624,126
2022-03-22,Norte,Deportivo,807.2505,202.35,5,408,73
2022-03-22,Norte,Accesorios,564.95,132.07,0,270,55
2022-03-22,Sur,Ropa Casual,698.5020000000001,164.8,5,341,69
2022-03-22,Sur,Ropa Formal,886.391,137.7,10,413,74
2022-03-22,Sur,Deportivo,353.1162678959837,142.75,10,161,33
2022-03-22,Sur,Accesorios,339.81200000000007,69.17,10,160,22
2022-03-22,Este,Ropa Casual,934.4055,249.23,5,454,91
2022-03-22,Este,Ropa Formal,872.6235,191.12,5,422,84
2022-03-22,Este,Deportivo,749.931,145.15,5,346,76
2022-03-22,Este,Accesorios,568.97,150.43,0,307,52
2022-03-22,Oeste,Ropa Casual,944.89,188.84,0,502,93
2022-03-22,Oeste,Ropa Formal,902.253,242.35,10,440,88
2022-03-22,Oeste,Deportivo,752.86,169.87,0,373,72
2022-03-22,Oeste,Accesorios,432.50550000000004,131.04,5,187,44
2022-03-22,Centro,Ropa Casual,1529.577,332.42,5,717,150
2022-03-22,Centro,Ropa Formal,1713.684,394.1,5,811,163
2022-03-22,Centro,Deportivo,1076.46,299.54,0,550,113
2022-03-22,Centro,Accesorios,721.17,202.85,0,397,77
2022-03-23,Norte,Ropa Casual,1097.16,277.28,0,513,112
2022-03-23,Norte,Ropa Formal,1165.87,241.39,0,573,110
2022-03-23,Norte,Deportivo,679.66,180.35,0,326,72
2022-03-23,Norte,Accesorios,517.16,145.38,0,194,51
2022-03-23,Sur,Ropa Casual,581.84,116.4,0,278,62
2022-03-23,Sur,Ropa Formal,848.04,150.26,0,404,80
2022-03-23,Sur,Deportivo,370.1742002594443,63.18,0,233,39
2022-03-23,Sur,Accesorios,303.19,84.79,0,157,33
2022-03-23,Este,Ropa Casual,728.95,193.48,0,406,74
2022-03-23,Este,Ropa Formal,963.14,312.55,0,483,100
2022-03-23,Este,Deportivo,804.99,136.64681003910948,0,423,82
2022-03-23,Este,Accesorios,516.3165,110.92668031640495,5,252,50
2022-03-23,Oeste,Ropa Casual,1058.55,193.51248118862853,0,541,98
2022-03-23,Oeste,Ropa Formal,951.91,297.55,0,476,98
2022-03-23,Oeste,Deportivo,664.5554999999999,122.09,5,339,61
2022-03-23,Oeste,Accesorios,463.74300000000005,145.38,5,213,43
2022-03-23,Centro,Ropa Casual,1284.734573072931,383.92,0,728,147
2022-03-23,Centro,Ropa Formal,1780.66,429.61,0,901,181
2022-03-23,Centro,Deportivo,1129.3485,247.53,5,529,100
2022-03-23,Centro,Accesorios,770.21,198.21,0,373,80
2022-03-24,Norte,Ropa Casual,1137.7485,296.75,5,514,105
2022-03-24,Norte,Ropa Formal,1032.52,266.4153015109745,0,506,100
2022-03-24,Norte,Deportivo,717.58,172.55,0,375,76
2022-03-24,Norte,Accesorios,522.82,149.67,0,266,50
2022-03-24,Sur,Ropa Casual,811.72,114.0715799821772,0,378,80
2022-03-24,Sur,Ropa Formal,541.75,136.86,0,253,53
2022-03-24,Sur,Deportivo,495.15,104.42,0,224,46
2022-03-24,Sur,Accesorios,409.25500000000005,51.68,10,209,37
2022-03-24,Este,Ropa Casual,838.53,186.72611875196213,0,440,96
2022-03-24,Este,Ropa Formal,946.5015,216.27,5,472,81
2022-03-24,Este,Deportivo,639.01,205.04,0,326,65
2022-03-24,Este,Accesorios,628.99,142.18,0,304,66
2022-03-24,Oeste,Ropa Casual,798.37,253.74,0,428,79
2022-03-24,Oeste,Ropa Formal,1060.5713998889707,329.9,5,569,108
2022-03-24,Oeste,Deportivo,735.12,171.29,0,395,72
2022-03-24,Oeste,Accesorios,608.076,91.01,5,242,67
2022-03-24,Centro,Ropa Casual,1074.5612044960092,380.51,0,591,114
2022-03-24,Centro,Ropa Formal,1596.0927231691026,411.97,0,834,178
2022-03-24,Centro,Deportivo,1127.67,296.23,0,588,110
2022-03-24,Centro,Accesorios,861.59,191.06644811525013,0,414,76
2022-03-25,Norte,Ropa Casual,882.147,252.91,5,416,74
2022-03-25,Norte,Ropa Formal,1384.5370000000003,280.48,10,595,128
2022-03-25,Norte,Deportivo,930.9740000000002,187.67,10,405,74
2022-03-25,Norte,Accesorios,572.2310000000001,146.75,10,263,51
2022-03-25,Sur,Ropa Casual,911.664,185.68,20,359,79
2022-03-25,Sur,Ropa Formal,875.602,153.16,30,345,67
2022-03-25,Sur,Deportivo,810.036,68.35,20,324,70
2022-03-25,Sur,Accesorios,387.2111399296437,80.67,20,169,27
2022-03-25,Este,Ropa Casual,1301.82,286.38,30,492,101
2022-03-25,Este,Ropa Formal,1000.7800000000001,199.54,10,443,97
2022-03-25,Este,Deportivo,986.979,146.94,5,491,90
2022-03-25,Este,Accesorios,733.596,146.37,20,320,62
2022-03-25,Oeste,Ropa Casual,1010.064,181.97,20,411,87
2022-03-25,Oeste,Ropa Formal,1060.272,256.07,20,424,91
2022-03-25,Oeste,Deportivo,737.8455,219.24,5,400,65
2022-03-25,Oeste,Accesorios,596.4839999999999,127.42,20,264,45
2022-03-25,Centro,Ropa Casual,1380.3509999999999,356.05,5,668,129
2022-03-25,Centro,Ropa Formal,1835.6205000000002,421.3,5,892,178
2022-03-25,Centro,Deportivo,1139.4477939149608,270.42,10,588,114
2022-03-25,Centro,Accesorios,874.797,214.75,10,396,75
2022-03-26,Norte,Ropa Casual,1139.9489999999998,263.33,15,504,96
2022-03-26,Norte,Ropa Formal,1018.63,318.08,0,514,106
2022-03-26,Norte,Deportivo,719.2099999999999,189.62,15,312,61
2022-03-26,Norte,Accesorios,641.9270000000001,158.93,10,288,56
2022-03-26,Sur,Ropa Casual,609.46,147.24,0,304,49
2022-03-26,Sur,Ropa Formal,757.7130000000001,95.86,10,340,67
2022-03-26,Sur,Deportivo,503.35,133.07891217267783,0,226,49
2022-03-26,Sur,Accesorios,392.4,56.91,0,172,38
2022-03-26,Este,Ropa Casual,820.41,173.39,0,445,83
2022-03-26,Este,Ropa Formal,1038.587,234.81,10,487,93
2022-03-26,Este,Deportivo,810.975,140.83,10,385,72
2022-03-26,Este,Accesorios,519.024,108.5817989866625,20,188,41
2022-03-26,Oeste,Ropa Casual,1090.9250000000002,156.69,10,524,105
2022-03-26,Oeste,Ropa Formal,1137.9364999999998,217.31,15,481,100
2022-03-26,Oeste,Deportivo,835.1874999999999,158.14,15,352,73
2022-03-26,Oeste,Accesorios,564.212,122.44,10,256,60
2022-03-26,Centro,Ropa Casual,1616.187,390.03,15,707,138
2022-03-26,Centro,Ropa Formal,1603.9980000000003,461.56,10,752,154
2022-03-26,Centro,Deportivo,1261.992,260.79,20,512,104
2022-03-26,Centro,Accesorios,875.4119999999999,199.47,20,394,68
2022-03-27,Norte,Ropa Casual,890.08,219.28778458967994,0,452,90
2022-03-27,Norte,Ropa Formal,1094.5770000000002,238.42,10,525,103
2022-03-27,Norte,Deportivo,767.9,192.1,0,393,83
2022-03-27,Norte,Accesorios,803.4704999999999,151.17,15,324,70
2022-03-27,Sur,Ropa Casual,830.5759999999999,139.86,15,374,67
2022-03-27,Sur,Ropa Formal,747.461,126.41,10,330,67
2022-03-27,Sur,Deportivo,616.1320000000001,125.14,10,269,52
2022-03-27,Sur,Accesorios,402.1465284592328,84.69,15,171,38
2022-03-27,Este,Ropa Casual,1288.0670000000002,261.55,10,590,114
2022-03-27,Este,Ropa Formal,1171.8384999999998,222.84,15,495,107
2022-03-27,Este,Deportivo,704.952,155.61735977737885,20,276,66
2022-03-27,Este,Accesorios,515.7979999999999,109.69,15,186,41
2022-03-27,Oeste,Ropa Casual,779.4,165.96,0,424,85
2022-03-27,Oeste,Ropa Formal,993.68,226.8,0,484,102
2022-03-27,Oeste,Deportivo,720.698,167.07,10,336,71
2022-03-27,Oeste,Accesorios,553.265,103.11,15,208,45
2022-03-27,Centro,Ropa Casual,1601.8695,371.12,15,742,133
2022-03-27,Centro,Ropa Formal,1812.646,344.13662307561464,10,850,159
2022-03-27,Centro,Deportivo,1047.49,226.51,0,499,108
2022-03-27,Centro,Accesorios,920.4140000000001,234.65,10,372,86
2022-03-28,Norte,Ropa Casual,910.7595,254.84,5,435,85
2022-03-28,Norte,Ropa Formal,1145.772,246.39,20,473,96
2022-03-28,Norte,Deportivo,892.0120000000001,172.9326991652418,10,404,81
2022-03-28,Norte,Accesorios,904.212,128.76,20,374,82
2022-03-28,Sur,Ropa Casual,762.3960000000001,177.76,20,308,67
2022-03-28,Sur,Ropa Formal,1014.354,127.21,10,463,91
2022-03-28,Sur,Deportivo,657.965,122.84,10,263,53
2022-03-28,Sur,Accesorios,406.12950000000006,96.42519852423298,5,184,35
2022-03-28,Este,Ropa Casual,1036.14,232.91,20,480,87
2022-03-28,Este,Ropa Formal,1083.544,250.53,10,491,104
2022-03-28,Este,Deportivo,849.4530000000001,102.6,10,363,77
2022-03-28,Este,Accesorios,448.31850000000003,122.13,5,196,46
2022-03-28,Oeste,Ropa Casual,878.3610000000001,203.75,10,401,79
2022-03-28,Oeste,Ropa Formal,1208.616,228.74,20,516,101
2022-03-28,Oeste,Deportivo,833.256,154.82,20,362,65
2022-03-28,Oeste,Accesorios,593.626,118.40271373240738,10,287,64
2022-03-28,Centro,Ropa Casual,1463.076,374.94,20,591,125
2022-03-28,Centro,Ropa Formal,1682.124,370.45,20,694,150
2022-03-28,Centro,Deportivo,1049.055,302.76,5,508,98
2022-03-28,Centro,Accesorios,781.6514999999999,203.9311107831313,5,391,79
2022-03-29,Norte,Ropa Casual,1046.3999999999999,201.36,20,441,85
2022-03-29,Norte,Ropa Formal,1234.9700000000003,236.67,10,524,111
2022-03-29,Norte,Deportivo,863.667,166.82,5,432,83
2022-03-29,Norte,Accesorios,598.0069874980517,147.35,20,242,58
2022-03-29,Sur,Ropa Casual,495.2924775481126,120.41,10,252,50
2022-03-29,Sur,Ropa Formal,986.9209999999999,236.69,30,361,89
2022-03-29,Sur,Deportivo,518.007,122.78,5,255,50
2022-03-29,Sur,Accesorios,469.86576237976277,74.7,5,263,47
2022-03-29,Este,Ropa Casual,1105.52,235.06,30,421,82
2022-03-29,Este,Ropa Formal,969.3810000000001,246.73,5,491,87
2022-03-29,Este,Deportivo,740.3235000000001,133.45,5,364,71
2022-03-29,Este,Accesorios,619.512,104.75,20,275,51
2022-03-29,Oeste,Ropa Casual,923.6981270997936,141.22,5,490,94
2022-03-29,Oeste,Ropa Formal,1195.5138012610091,197.23,30,502,112
2022-03-29,Oeste,Deportivo,860.6999999999999,109.99,20,368,77
2022-03-29,Oeste,Accesorios,607.8380000000001,116.09,10,307,54
2022-03-29,Centro,Ropa Casual,1758.9959999999999,385.42,20,748,146
2022-03-29,Centro,Ropa Formal,1938.648,451.64,20,812,165
2022-03-29,Centro,Deportivo,1319.0205,274.42468048433005,5,607,126
2022-03-29,Centro,Accesorios,871.296,200.09,20,417,73
2022-03-30,Norte,Ropa Casual,1318.967,217.05,30,506,108
2022-03-30,Norte,Ropa Formal,1137.99,298.71,5,516,107
2022-03-30,Norte,Deportivo,878.4270000000001,151.63,10,392,82
2022-03-30,Norte,Accesorios,549.758,142.37,10,242,42
2022-03-30,Sur,Ropa Casual,669.924,138.75,20,276,43
2022-03-30,Sur,Ropa Formal,886.0279999999999,155.42,30,338,65
2022-03-30,Sur,Deportivo,488.5210000000001,141.38,10,223,44
2022-03-30,Sur,Accesorios,338.4255,102.64,5,155,38
2022-03-30,Este,Ropa Casual,959.2590000000001,201.98,5,487,92
2022-03-30,Este,Ropa Formal,1035.155,297.1,10,470,93
2022-03-30,Este,Deportivo,806.3580000000001,171.02,5,394,80
2022-03-30,Este,Accesorios,456.1064210357011,153.29,10,242,44
2022-03-30,Oeste,Ropa Casual,1016.2320000000001,211.7,5,496,99
2022-03-30,Oeste,Ropa Formal,1204.544,243.96881003685152,10,509,110
2022-03-30,Oeste,Deportivo,617.8725000000001,139.02,5,314,65
2022-03-30,Oeste,Accesorios,585.4485000000001,104.79,5,291,51
2022-03-30,Centro,Ropa Casual,1552.278,296.78,5,713,150
2022-03-30,Centro,Ropa Formal,1932.6239999999998,385.54,20,803,158
2022-03-30,Centro,Deportivo,1333.3450000000003,259.22,30,509,95
2022-03-30,Centro,Accesorios,1002.365,239.11,30,381,80
2022-03-31,Norte,Ropa Casual,1179.529,192.95,30,442,94
2022-03-31,Norte,Ropa Formal,972.686,308.55,10,448,71
2022-03-31,Norte,Deportivo,1117.3500000000001,213.68,30,445,91
2022-03-31,Norte,Accesorios,536.823,137.0,5,296,49
2022-03-31,Sur,Ropa Casual,756.8770000000001,147.86,10,361,70
2022-03-31,Sur,Ropa Formal,919.3860000000001,83.12,30,381,71
2022-03-31,Sur,Deportivo,553.0035,121.15220203669364,5,272,54
2022-03-31,Sur,Accesorios,435.24800000000005,68.27,10,188,43
2022-03-31,Este,Ropa Casual,1157.9920000000002,166.56,10,521,102
2022-03-31,Este,Ropa Formal,1239.252,245.5,20,501,103
2022-03-31,Este,Deportivo,715.0000000000001,154.45,10,301,70
2022-03-31,Este,Accesorios,640.992,117.78,20,255,45
2022-03-31,Oeste,Ropa Casual,1032.936,186.04564338568392,20,455,77
2022-03-31,Oeste,Ropa Formal,1147.938,248.32,10,498,101
2022-03-31,Oeste,Deportivo,689.3040000000001,170.9,5,322,63
2022-03-31,Oeste,Accesorios,751.309,128.96,30,275,60
2022-03-31,Centro,Ropa Casual,1381.6740000000002,343.42,5,675,132
2022-03-31,Centro,Ropa Formal,1957.736,448.8,10,904,177
2022-03-31,Centro,Deportivo,1188.2200000000003,326.49,10,541,101
2022-03-31,Centro,Accesorios,954.5235000000001,226.72,5,428,89
2022-04-01,Norte,Ropa Casual,1115.9,256.23,0,584,117
2022-04-01,Norte,Ropa Formal,1255.66,328.44,0,592,127
2022-04-01,Norte,Deportivo,591.62,147.98,0,287,65
2022-04-01,Norte,Accesorios,495.79,145.05,0,241,57
2022-04-01,Sur,Ropa Casual,826.67,159.27,0,399,81
2022-04-01,Sur,Ropa Formal,977.55,196.58,0,469,93
2022-04-01,Sur,Deportivo,444.738,109.01,5,217,46
2022-04-01,Sur,Accesorios,386.0574545260688,87.58,10,191,38
2022-04-01,Este,Ropa Casual,871.44,205.36,0,427,86
2022-04-01,Este,Ropa Formal,1269.9060000000002,294.9492888293699,10,577,120
2022-04-01,Este,Deportivo,577.94,208.14,0,291,63
2022-04-01,Este,Accesorios,454.91531387457337,122.02,5,207,44
2022-04-01,Oeste,Ropa Casual,850.33,210.7,0,434,86
2022-04-01,Oeste,Ropa Formal,827.48,219.57,0,420,77
2022-04-01,Oeste,Deportivo,737.5725000000001,138.66064929877064,5,374,72
2022-04-01,Oeste,Accesorios,480.0148168457857,119.72,5,250,56
2022-04-01,Centro,Ropa Casual,1367.28,395.28,0,653,136
2022-04-01,Centro,Ropa Formal,1520.51,423.85,0,796,160
2022-04-01,Centro,Deportivo,1114.4,313.88,0,587,109
2022-04-01,Centro,Accesorios,807.59,224.98,0,422,72
2022-04-02,Norte,Ropa Casual,1202.7,227.17,20,518,97
2022-04-02,Norte,Ropa Formal,997.17,289.89170164757246,0,527,99
2022-04-02,Norte,Deportivo,900.8755,211.15,15,409,73
2022-04-02,Norte,Accesorios,584.028,151.19,20,272,48
2022-04-02,Sur,Ropa Casual,723.31,145.34,0,353,72
2022-04-02,Sur,Ropa Formal,771.793,129.9340125069056,10,348,76
2022-04-02,Sur,Deportivo,667.7359999999999,108.41627795162186,15,315,53
2022-04-02,Sur,Accesorios,353.04,60.94,0,194,36
2022-04-02,Este,Ropa Casual,955.24,213.55,10,456,92
2022-04-02,Este,Ropa Formal,1366.574,234.52491542647698,10,579,118
2022-04-02,Este,Deportivo,701.4700000000001,179.89,10,335,71
2022-04-02,Este,Accesorios,442.1635,152.26,15,209,40
2022-04-02,Oeste,Ropa Casual,881.782,217.88,10,398,77
2022-04-02,Oeste,Ropa Formal,1171.39,236.37,0,563,119
2022-04-02,Oeste,Deportivo,802.0905,179.65,15,321,74
2022-04-02,Oeste,Accesorios,589.1600000000001,137.28,10,287,53
2022-04-02,Centro,Ropa Casual,1577.2134999999998,338.59,15,687,135
2022-04-02,Centro,Ropa Formal,1657.271,412.4,10,750,157
2022-04-02,Centro,Deportivo,1288.176,265.68,20,521,109
2022-04-02,Centro,Accesorios,794.0422335264154,203.93,10,384,78
2022-04-03,Norte,Ropa Casual,1174.472,224.02,15,496,103
2022-04-03,Norte,Ropa Formal,1152.4997727686978,320.99,10,602,116
2022-04-03,Norte,Deportivo,892.032,176.15,20,374,66
2022-04-03,Norte,Accesorios,583.022,167.97,10,267,53
2022-04-03,Sur,Ropa Casual,612.5130000000001,98.68,10,304,49
2022-04-03,Sur,Ropa Formal,951.6540000000001,158.98,10,444,89
2022-04-03,Sur,Deportivo,599.547668638269,82.01,10,248,49
2022-04-03,Sur,Accesorios,356.147,66.35,10,146,42
2022-04-03,Este,Ropa Casual,805.0241502794337,190.36,0,430,89
2022-04-03,Este,Ropa Formal,1004.8170000000001,311.05,10,446,83
2022-04-03,Este,Deportivo,668.33,161.88,0,347,75
2022-04-03,Este,Accesorios,514.73,133.76,0,242,59
2022-04-03,Oeste,Ropa Casual,1015.311,209.61,10,492,92
2022-04-03,Oeste,Ropa Formal,1054.52,280.47539387637136,0,526,106
2022-04-03,Oeste,Deportivo,664.99,183.78,0,314,72
2022-04-03,Oeste,Accesorios,642.6598151534321,130.01,15,313,62
2022-04-03,Centro,Ropa Casual,1786.5365,357.22,15,778,156
2022-04-03,Centro,Ropa Formal,1892.8999999999999,365.13,15,815,160
2022-04-03,Centro,Deportivo,1316.405,273.37,15,539,110
2022-04-03,Centro,Accesorios,880.94,191.48,0,483,85
2022-04-04,Norte,Ropa Casual,1000.8900000000001,219.54,10,467,96
2022-04-04,Norte,Ropa Formal,1473.58,277.67,0,741,147
2022-04-04,Norte,Deportivo,852.4530000000001,160.32,5,398,84
2022-04-04,Norte,Accesorios,560.343,130.38,5,316,56
2022-04-04,Sur,Ropa Casual,643.31,136.67,0,328,66
2022-04-04,Sur,Ropa Formal,1011.7,124.49940518973776,0,490,102
2022-04-04,Sur,Deportivo,565.68,155.78,0,267,55
2022-04-04,Sur,Accesorios,393.49,79.15583720165911,0,242,37
2022-04-04,Este,Ropa Casual,644.95,200.7,0,349,68
2022-04-04,Este,Ropa Formal,1090.01,253.77,0,509,104
2022-04-04,Este,Deportivo,665.47,142.15,0,356,66
2022-04-04,Este,Accesorios,529.551,119.65,10,242,42
2022-04-04,Oeste,Ropa Casual,849.4185000000001,228.07,5,365,84
2022-04-04,Oeste,Ropa Formal,1135.9845000000003,281.4,5,505,108
2022-04-04,Oeste,Deportivo,651.45,145.4102292832058,0,321,64
2022-04-04,Oeste,Accesorios,527.4150000000001,104.34262136701045,5,253,43
2022-04-04,Centro,Ropa Casual,1593.5220000000002,358.51,5,763,155
2022-04-04,Centro,Ropa Formal,1743.21,418.74,5,779,162
2022-04-04,Centro,Deportivo,1117.4240000000002,309.32,10,543,95
2022-04-04,Centro,Accesorios,902.71,216.37,0,472,89
2022-04-05,Norte,Ropa Casual,941.88,225.99,0,446,100
2022-04-05,Norte,Ropa Formal,972.9383145956552,242.92,0,555,109
2022-04-05,Norte,Deportivo,725.76,192.29866026499715,0,386,79
2022-04-05,Norte,Accesorios,626.49,156.07,0,323,58
2022-04-05,Sur,Ropa Casual,354.72175256757265,119.33,0,219,30
2022-04-05,Sur,Ropa Formal,911.35,122.13,0,471,94
2022-04-05,Sur,Deportivo,370.18,142.42,0,168,45
2022-04-05,Sur,Accesorios,410.319,81.57428343586407,5,171,42
2022-04-05,Este,Ropa Casual,716.67,206.2,0,356,69
2022-04-05,Este,Ropa Formal,867.36,217.86,0,425,93
2022-04-05,Este,Deportivo,727.52,175.98,0,396,69
2022-04-05,Este,Accesorios,538.9006905322971,124.82,0,320,61
2022-04-05,Oeste,Ropa Casual,892.2,161.87957226974987,0,429,85
2022-04-05,Oeste,Ropa Formal,1184.67,255.03,0,581,120
2022-04-05,Oeste,Deportivo,639.97,142.57,0,318,59
2022-04-05,Oeste,Accesorios,652.8165,99.33,5,319,53
2022-04-05,Centro,Ropa Casual,1418.9385,354.67,5,659,129
2022-04-05,Centro,Ropa Formal,1741.54,454.94,0,863,168
2022-04-05,Centro,Deportivo,1097.66,318.9,0,546,108
2022-04-05,Centro,Accesorios,787.3263971344018,203.29,0,437,90
2022-04-06,Norte,Ropa Casual,1106.73,192.19,0,550,110
2022-04-06,Norte,Ropa Formal,1035.63,267.58,0,536,106
2022-04-06,Norte,Deportivo,785.45,138.55,0,394,74
2022-04-06,Norte,Accesorios,625.3275,141.21,5,285,55
2022-04-06,Sur,Ropa Casual,450.33,119.94,0,239,39
2022-04-06,Sur,Ropa Formal,844.83,112.9864976413552,0,439,79
2022-04-06,Sur,Deportivo,538.1565,95.07,5,289,53
2022-04-06,Sur,Accesorios,393.225,89.79,5,189,45
2022-04-06,Este,Ropa Casual,920.5,238.64,0,428,91
2022-04-06,Este,Ropa Formal,1137.83,200.11,0,566,114
2022-04-06,Este,Deportivo,784.98,156.7,5,356,76
2022-04-06,Este,Accesorios,483.85693607549234,147.61,10,259,50
2022-04-06,Oeste,Ropa Casual,979.566,251.94,5,455,93
2022-04-06,Oeste,Ropa Formal,932.2845,190.66184114070631,5,481,95
2022-04-06,Oeste,Deportivo,642.4129228261639,193.54,0,331,72
2022-04-06,Oeste,Accesorios,443.16,126.47,0,210,48
2022-04-06,Centro,Ropa Casual,1273.251,316.34,5,597,120
2022-04-06,Centro,Ropa Formal,1754.621,406.72,10,793,161
2022-04-06,Centro,Deportivo,1172.1045,283.57,5,549,103
2022-04-06,Centro,Accesorios,846.5100000000001,197.73,5,371,70
2022-04-07,Norte,Ropa Casual,1017.8,259.8,0,531,100
2022-04-07,Norte,Ropa Formal,1383.91,265.9,0,658,132
2022-04-07,Norte,Deportivo,808.164,212.98,5,391,86
2022-04-07,Norte,Accesorios,613.8,154.99,0,334,66
2022-04-07,Sur,Ropa Casual,711.86,186.34,0,351,77
2022-04-07,Sur,Ropa Formal,852.7155,189.91,5,410,77
2022-04-07,Sur,Deportivo,619.73,86.63,0,311,57
2022-04-07,Sur,Accesorios,480.15,75.40402707407118,0,276,47
2022-04-07,Este,Ropa Casual,1003.99,176.78,0,513,103
2022-04-07,Este,Ropa Formal,1068.111,263.1,10,482,99
2022-04-07,Este,Deportivo,770.87,171.38,0,417,84
2022-04-07,Este,Accesorios,578.15,145.99874851890587,0,310,58
2022-04-07,Oeste,Ropa Casual,829.4852015577657,203.10350560792807,0,444,97
2022-04-07,Oeste,Ropa Formal,1139.16,315.1,0,594,113
2022-04-07,Oeste,Deportivo,516.39,129.09,0,258,53
2022-04-07,Oeste,Accesorios,552.63,141.46,0,296,62
2022-04-07,Centro,Ropa Casual,1385.87,361.24,0,680,145
2022-04-07,Centro,Ropa Formal,1680.93,462.87,0,843,177
2022-04-07,Centro,Deportivo,1080.06,277.36,0,525,111
2022-04-07,Centro,Accesorios,918.2565,203.15867928627495,5,423,90
2022-04-08,Norte,Ropa Casual,978.2745000000001,218.67,5,470,93
2022-04-08,Norte,Ropa Formal,1046.9340000000002,349.58,5,505,97
2022-04-08,Norte,Deportivo,680.23,180.95,0,340,68
2022-04-08,Norte,Accesorios,491.38418569834323,128.92,0,284,57
2022-04-08,Sur,Ropa Casual,564.1558132513809,165.79,0,290,63
2022-04-08,Sur,Ropa Formal,930.888,133.89,5,446,94
2022-04-08,Sur,Deportivo,648.4852875334306,124.54,5,348,64
2022-04-08,Sur,Accesorios,322.02,58.77,0,144,33
2022-04-08,Este,Ropa Casual,981.09,231.12,10,461,83
2022-04-08,Este,Ropa Formal,1074.59,223.12,0,535,115
2022-04-08,Este,Deportivo,686.44,121.42,0,335,68
2022-04-08,Este,Accesorios,521.6295,128.87,5,230,47
2022-04-08,Oeste,Ropa Casual,1026.564,232.05,10,486,90
2022-04-08,Oeste,Ropa Formal,982.6845000000001,209.06226286939125,5,472,95
2022-04-08,Oeste,Deportivo,559.5648025077238,132.43,0,310,65
2022-04-08,Oeste,Accesorios,622.8285,129.26,5,276,52
2022-04-08,Centro,Ropa Casual,1384.93,321.16,0,672,140
2022-04-08,Centro,Ropa Formal,1815.1455,458.85,5,856,166
2022-04-08,Centro,Deportivo,1188.8625,226.20288560915574,5,552,117
2022-04-08,Centro,Accesorios,768.6351419626359,222.23,5,403,75
2022-04-09,Norte,Ropa Casual,862.2885665929616,196.91,0,515,81
2022-04-09,Norte,Ropa Formal,876.79,287.99,0,449,88
2022-04-09,Norte,Deportivo,810.6234999999999,206.17,15,340,72
2022-04-09,Norte,Accesorios,562.54,148.30684739641708,10,245,49
2022-04-09,Sur,Ropa Casual,714.32,160.17,0,348,63
2022-04-09,Sur,Ropa Formal,699.97,162.95545899751409,0,343,67
2022-04-09,Sur,Deportivo,612.6624999999999,72.11,15,282,49
2022-04-09,Sur,Accesorios,570.5955,101.84,15,248,47
2022-04-09,Este,Ropa Casual,921.53,201.19081809190286,0,448,91
2022-04-09,Este,Ropa Formal,1177.66,257.98,10,537,107
2022-04-09,Este,Deportivo,803.9020000000002,178.82,10,389,69
2022-04-09,Este,Accesorios,763.62,111.12,20,333,60
2022-04-09,Oeste,Ropa Casual,931.04,209.96,0,449,87
2022-04-09,Oeste,Ropa Formal,1107.25,245.23,0,544,108
2022-04-09,Oeste,Deportivo,774.6479999999999,162.43,20,349,65
2022-04-09,Oeste,Accesorios,678.5400000000001,144.87,20,283,61
2022-04-09,Centro,Ropa Casual,1470.49,315.84,0,762,146
2022-04-09,Centro,Ropa Formal,1673.11,453.04,0,833,165
2022-04-09,Centro,Deportivo,1125.6775,306.84,15,495,92
2022-04-09,Centro,Accesorios,936.2149999999999,206.89,15,410,82
2022-04-10,Norte,Ropa Casual,811.32,252.84,0,426,77
2022-04-10,Norte,Ropa Formal,1423.31,248.03,0,718,142
2022-04-10,Norte,Deportivo,782.96,169.05215045484445,0,390,84
2022-04-10,Norte,Accesorios,713.9544999999999,125.26,15,346,60
2022-04-10,Sur,Ropa Casual,636.09,137.93,0,312,58
2022-04-10,Sur,Ropa Formal,931.74,72.19,0,478,90
2022-04-10,Sur,Deportivo,524.2710000000001,140.68,10,247,45
2022-04-10,Sur,Accesorios,353.89,108.39,0,146,43
2022-04-10,Este,Ropa Casual,1142.616,234.25,20,460,81
2022-04-10,Este,Ropa Formal,940.258,222.97,10,420,87
2022-04-10,Este,Deportivo,730.3189999999998,167.65,15,328,62
2022-04-10,Este,Accesorios,542.38,132.12,0,276,54
2022-04-10,Oeste,Ropa Casual,999.394,233.02,10,428,80
2022-04-10,Oeste,Ropa Formal,1096.1170000000002,219.24,10,505,98
2022-04-10,Oeste,Deportivo,807.4954999999999,161.07,15,367,76
2022-04-10,Oeste,Accesorios,570.99,121.05,0,289,57
2022-04-10,Centro,Ropa Casual,1458.95,400.39,0,760,143
2022-04-10,Centro,Ropa Formal,1478.4332410687377,453.11,0,803,168
2022-04-10,Centro,Deportivo,1389.7979999999998,332.44,15,601,125
2022-04-10,Centro,Accesorios,936.155,203.63,10,425,91
2022-04-11,Norte,Ropa Casual,1164.306,236.23,10,490,116
2022-04-11,Norte,Ropa Formal,1189.46,299.54,0,571,120
2022-04-11,Norte,Deportivo,848.8,201.32,0,413,75
2022-04-11,Norte,Accesorios,601.75,156.12,0,316,54
2022-04-11,Sur,Ropa Casual,949.326,128.83,5,493,95
2022-04-11,Sur,Ropa Formal,815.94,134.23,0,425,74
2022-04-11,Sur,Deportivo,645.72,117.5,0,329,65
2022-04-11,Sur,Accesorios,498.28,110.93,0,316,52
2022-04-11,Este,Ropa Casual,969.89,180.84,0,498,90
2022-04-11,Este,Ropa Formal,1224.68,203.88,0,610,128
2022-04-11,Este,Deportivo,496.2763959540096,180.66,10,234,54
2022-04-11,Este,Accesorios,529.9665,151.69,5,250,49
2022-04-11,Oeste,Ropa Casual,1033.54,193.28,0,536,98
2022-04-11,Oeste,Ropa Formal,1066.647415499413,260.95,5,537,111
2022-04-11,Oeste,Deportivo,693.54,167.3,0,348,68
2022-04-11,Oeste,Accesorios,579.48,124.29,0,290,64
2022-04-11,Centro,Ropa Casual,1624.1190000000001,321.81,5,743,152
2022-04-11,Centro,Ropa Formal,1663.1634654130187,453.61,10,843,170
2022-04-11,Centro,Deportivo,1121.95,282.43,0,540,110
2022-04-11,Centro,Accesorios,804.2,213.18,0,405,79
2022-04-12,Norte,Ropa Casual,1000.64,244.2,0,508,106
2022-04-12,Norte,Ropa Formal,1289.064,361.17,5,608,120
2022-04-12,Norte,Deportivo,867.2601839927033,200.0137796205027,5,470,83
2022-04-12,Norte,Accesorios,671.1600000000001,161.17,5,324,63
2022-04-12,Sur,Ropa Casual,723.3820000000001,177.16,10,327,56
2022-04-12,Sur,Ropa Formal,775.61,202.13,0,392,71
2022-04-12,Sur,Deportivo,480.26,110.68,0,264,52
2022-04-12,Sur,Accesorios,354.06458999591604,109.59,0,169,47
2022-04-12,Este,Ropa Casual,692.41,197.22,0,313,65
2022-04-12,Este,Ropa Formal,1090.577716728553,261.3,5,591,105
2022-04-12,Este,Deportivo,755.47,142.78,0,383,81
2022-04-12,Este,Accesorios,567.17,145.59,0,275,53
2022-04-12,Oeste,Ropa Casual,749.09,166.01,0,362,72
2022-04-12,Oeste,Ropa Formal,1026.06,207.37,0,514,103
2022-04-12,Oeste,Deportivo,623.88,148.67467191872962,0,316,62
2022-04-12,Oeste,Accesorios,641.26,119.35,0,293,67
2022-04-12,Centro,Ropa Casual,1411.82,319.34,0,710,141
2022-04-12,Centro,Ropa Formal,1495.64,399.55,0,770,139
2022-04-12,Centro,Deportivo,1187.8706354623246,254.4,5,625,120
2022-04-12,Centro,Accesorios,1023.288,236.45,5,510,95
2022-04-13,Norte,Ropa Casual,760.2840000000001,269.83,5,359,73
2022-04-13,Norte,Ropa Formal,1159.39,250.05,0,556,119
2022-04-13,Norte,Deportivo,928.45,177.04,0,473,91
2022-04-13,Norte,Accesorios,636.7515,168.89,5,266,54
2022-04-13,Sur,Ropa Casual,694.3,131.65,0,325,74
2022-04-13,Sur,Ropa Formal,800.4570000000001,179.31,5,392,81
2022-04-13,Sur,Deportivo,543.23,162.04,0,274,54
2022-04-13,Sur,Accesorios,475.7117710901254,85.47322337237703,5,230,51
2022-04-13,Este,Ropa Casual,781.095,188.36,5,403,62
2022-04-13,Este,Ropa Formal,996.93,265.12,0,505,96
2022-04-13,Este,Deportivo,654.969,149.63101567674224,5,319,55
2022-04-13,Este,Accesorios,620.7630000000001,152.27,10,245,53
2022-04-13,Oeste,Ropa Casual,922.9185000000001,164.28,5,486,91
2022-04-13,Oeste,Ropa Formal,930.9,336.27,0,463,89
2022-04-13,Oeste,Deportivo,745.101,150.75288046979549,5,344,71
2022-04-13,Oeste,Accesorios,613.51,150.82,0,324,63
2022-04-13,Centro,Ropa Casual,1392.99,410.82,0,709,139
2022-04-13,Centro,Ropa Formal,1623.17,452.57,0,816,169
2022-04-13,Centro,Deportivo,993.87,268.38,0,504,101
2022-04-13,Centro,Accesorios,778.5062714243958,232.41,5,355,83
2022-04-14,Norte,Ropa Casual,800.95,267.52,0,364,76
2022-04-14,Norte,Ropa Formal,1236.44,292.01,0,623,121
2022-04-14,Norte,Deportivo,727.98,228.61,0,378,75
2022-04-14,Norte,Accesorios,607.9,162.69,0,322,62
2022-04-14,Sur,Ropa Casual,712.551,142.65,5,356,76
2022-04-14,Sur,Ropa Formal,1019.046,217.71,5,499,87
2022-04-14,Sur,Deportivo,560.24,108.60938582583594,0,288,63
2022-04-14,Sur,Accesorios,409.76,92.61,0,189,38
2022-04-14,Este,Ropa Casual,882.3502795443698,207.79,0,503,96
2022-04-14,Este,Ropa Formal,1032.5872270459236,273.32,5,514,102
2022-04-14,Este,Deportivo,640.2953989841591,152.84,0,333,68
2022-04-14,Este,Accesorios,485.93521270835663,114.8,10,256,37
2022-04-14,Oeste,Ropa Casual,800.8,231.41,0,420,82
2022-04-14,Oeste,Ropa Formal,911.28,226.3,0,442,93
2022-04-14,Oeste,Deportivo,682.15,148.63,0,347,70
2022-04-14,Oeste,Accesorios,530.35,141.42,0,239,58
2022-04-14,Centro,Ropa Casual,1534.83,354.38,0,747,152
2022-04-14,Centro,Ropa Formal,1684.992215501548,433.6,0,882,194
2022-04-14,Centro,Deportivo,1156.365,288.54,5,565,113
2022-04-14,Centro,Accesorios,757.13,238.98,0,375,80
2022-04-15,Norte,Ropa Casual,832.76,252.23,0,441,90
2022-04-15,Norte,Ropa Formal,1098.84,271.16,0,584,114
2022-04-15,Norte,Deportivo,787.41,211.32,0,413,82
2022-04-15,Norte,Accesorios,492.92,158.59,0,223,48
2022-04-15,Sur,Ropa Casual,532.8,140.35,0,262,45
2022-04-15,Sur,Ropa Formal,739.893,186.72,5,352,70
2022-04-15,Sur,Deportivo,552.27,120.84,0,284,57
2022-04-15,Sur,Accesorios,456.54,80.45,5,215,36
2022-04-15,Este,Ropa Casual,1156.9845000000003,177.03394258902665,5,537,104
2022-04-15,Este,Ropa Formal,1118.08,278.03,0,556,107
2022-04-15,Este,Deportivo,780.15,151.14,0,434,72
2022-04-15,Este,Accesorios,647.4615,106.56795972700134,5,287,58
2022-04-15,Oeste,Ropa Casual,1019.9175,184.26,5,475,106
2022-04-15,Oeste,Ropa Formal,1093.95,191.94,10,489,103
2022-04-15,Oeste,Deportivo,791.44,149.91,0,359,87
2022-04-15,Oeste,Accesorios,442.3708105622825,114.04,0,231,44
2022-04-15,Centro,Ropa Casual,1391.79,345.86,0,692,141
2022-04-15,Centro,Ropa Formal,1770.7200000000003,425.85,5,817,163
2022-04-15,Centro,Deportivo,1223.6620000000003,302.4,10,566,115
2022-04-15,Centro,Accesorios,803.7645,227.01,5,378,65
2022-04-16,Norte,Ropa Casual,1021.4820000000001,221.79,10,422,90
2022-04-16,Norte,Ropa Formal,1487.4530000000002,281.04,10,714,135
2022-04-16,Norte,Deportivo,849.4154819948425,221.37,20,362,73
2022-04-16,Norte,Accesorios,599.3569999999999,153.74,15,291,47
2022-04-16,Sur,Ropa Casual,680.7079999999999,148.62,15,297,45
2022-04-16,Sur,Ropa Formal,741.46,196.63,0,388,70
2022-04-16,Sur,Deportivo,478.572,109.2,20,247,33
2022-04-16,Sur,Accesorios,404.294,62.226713562224354,15,177,24
2022-04-16,Este,Ropa Casual,965.86,234.72,0,473,96
2022-04-16,Este,Ropa Formal,1108.152,205.28,20,406,96
2022-04-16,Este,Deportivo,915.3194999999998,200.82,15,394,82
2022-04-16,Este,Accesorios,605.6490000000001,125.42,10,267,57
2022-04-16,Oeste,Ropa Casual,785.51,160.22,0,393,83
2022-04-16,Oeste,Ropa Formal,1041.79,260.17,0,513,101
2022-04-16,Oeste,Deportivo,561.9926531196777,177.96,0,301,62
2022-04-16,Oeste,Accesorios,585.8380000000001,109.95,10,271,56
2022-04-16,Centro,Ropa Casual,1740.4789999999998,350.46,15,758,161
2022-04-16,Centro,Ropa Formal,1644.09,449.28,0,820,166
2022-04-16,Centro,Deportivo,1342.0384999999999,271.88,15,600,113
2022-04-16,Centro,Accesorios,905.08,198.75,0,467,77
2022-04-17,Norte,Ropa Casual,1204.7169999999999,256.8334727047327,15,534,99
2022-04-17,Norte,Ropa Formal,1259.7640000000001,249.29,10,562,118
2022-04-17,Norte,Deportivo,869.51,158.97,0,428,80
2022-04-17,Norte,Accesorios,571.57,156.53,0,267,56
2022-04-17,Sur,Ropa Casual,673.1064999999999,140.67,15,295,49
2022-04-17,Sur,Ropa Formal,788.96,163.25,0,394,82
2022-04-17,Sur,Deportivo,501.78,99.32,0,229,50
2022-04-17,Sur,Accesorios,320.35549999999995,82.68,15,163,27
2022-04-17,Este,Ropa Casual,1061.7420000000002,188.09,10,503,95
2022-04-17,Este,Ropa Formal,1151.4140000000002,211.28,10,545,98
2022-04-17,Este,Deportivo,825.6885,177.25,15,358,67
2022-04-17,Este,Accesorios,636.46,126.76152600195991,0,299,65
2022-04-17,Oeste,Ropa Casual,962.8520000000001,185.54,10,438,87
2022-04-17,Oeste,Ropa Formal,893.29,265.5,0,419,91
2022-04-17,Oeste,Deportivo,595.9734344290919,174.82,0,338,67
2022-04-17,Oeste,Accesorios,552.468,114.13,20,244,49
2022-04-17,Centro,Ropa Casual,1378.93,295.6941334870528,0,684,136
2022-04-17,Centro,Ropa Formal,2289.792,413.19,20,942,188
2022-04-17,Centro,Deportivo,1289.7610000000002,284.05,10,612,116
2022-04-17,Centro,Accesorios,885.0820000000001,204.79,10,388,84
2022-04-18,Norte,Ropa Casual,948.54,196.47,0,483,102
2022-04-18,Norte,Ropa Formal,1348.3995000000002,289.82,5,637,122
2022-04-18,Norte,Deportivo,815.8248909623495,177.8,5,451,84
2022-04-18,Norte,Accesorios,654.79,126.29254973601142,0,335,62
2022-04-18,Sur,Ropa Casual,725.0145,124.36,5,365,71
2022-04-18,Sur,Ropa Formal,902.71,176.04,0,510,102
2022-04-18,Sur,Deportivo,536.004,113.77732036432717,5,248,50
2022-04-18,Sur,Accesorios,368.31899999999996,119.37,5,164,37
2022-04-18,Este,Ropa Casual,834.15,210.41,0,396,87
2022-04-18,Este,Ropa Formal,935.3979026897673,189.54,0,566,106
2022-04-18,Este,Deportivo,676.7770489690446,156.5,0,393,61
2022-04-18,Este,Accesorios,483.44,135.18,0,245,49
2022-04-18,Oeste,Ropa Casual,1045.1609375836215,217.35,5,511,108
2022-04-18,Oeste,Ropa Formal,1191.4560000000001,249.09,5,536,112
2022-04-18,Oeste,Deportivo,728.57,186.42,0,370,70
2022-04-18,Oeste,Accesorios,584.81,96.16,0,299,67
2022-04-18,Centro,Ropa Casual,1418.4555000000003,371.67,5,666,128
2022-04-18,Centro,Ropa Formal,2038.596,443.01,5,959,195
2022-04-18,Centro,Deportivo,1016.66,251.65634255318366,0,485,104
2022-04-18,Centro,Accesorios,959.1750000000001,219.22,5,471,93
2022-04-19,Norte,Ropa Casual,1105.34,224.04,0,549,108
2022-04-19,Norte,Ropa Formal,1165.53,218.91076445430957,0,579,118
2022-04-19,Norte,Deportivo,672.8610000000001,192.22,5,320,71
2022-04-19,Norte,Accesorios,581.87,110.31,0,283,66
2022-04-19,Sur,Ropa Casual,698.7225000000001,155.48,5,350,66
2022-04-19,Sur,Ropa Formal,942.27,144.14123468122753,0,481,93
2022-04-19,Sur,Deportivo,541.127741469578,128.61,0,300,60
2022-04-19,Sur,Accesorios,475.5765,57.4,5,254,50
2022-04-19,Este,Ropa Casual,854.89,236.69,0,424,78
2022-04-19,Este,Ropa Formal,1104.05,217.79,0,544,114
2022-04-19,Este,Deportivo,699.33,125.03,0,361,66
2022-04-19,Este,Accesorios,441.49,126.72,0,254,42
2022-04-19,Oeste,Ropa Casual,756.4,186.25,0,376,78
2022-04-19,Oeste,Ropa Formal,1169.9205000000002,192.71,5,558,109
2022-04-19,Oeste,Deportivo,736.065,179.91,10,345,80
2022-04-19,Oeste,Accesorios,574.99,135.44,0,287,56
2022-04-19,Centro,Ropa Casual,1515.5384999999999,330.77,5,766,146
2022-04-19,Centro,Ropa Formal,1588.5079718212319,433.92,0,848,177
2022-04-19,Centro,Deportivo,1200.5595,250.29,5,573,116
2022-04-19,Centro,Accesorios,838.3,205.7,0,419,75
2022-04-20,Norte,Ropa Casual,851.8725398322033,210.85,10,393,87
2022-04-20,Norte,Ropa Formal,1319.5245000000002,267.39,5,614,134
2022-04-20,Norte,Deportivo,824.922,188.64,5,364,74
2022-04-20,Norte,Accesorios,478.47,140.80322714124122,0,238,50
2022-04-20,Sur,Ropa Casual,550.39,143.71,0,257,59
2022-04-20,Sur,Ropa Formal,654.5,158.85,0,319,68
2022-04-20,Sur,Deportivo,528.88,105.35,0,287,45
2022-04-20,Sur,Accesorios,388.56,75.90059017919312,0,182,32
2022-04-20,Este,Ropa Casual,791.98,211.42,0,377,87
2022-04-20,Este,Ropa Formal,1044.792,230.7,5,497,96
2022-04-20,Este,Deportivo,836.325,157.33,5,379,87
2022-04-20,Este,Accesorios,615.32,151.23,0,327,58
2022-04-20,Oeste,Ropa Casual,559.62,211.21,0,288,54
2022-04-20,Oeste,Ropa Formal,1062.5265,309.08,5,486,105
2022-04-20,Oeste,Deportivo,773.6610000000001,158.31,5,405,75
2022-04-20,Oeste,Accesorios,629.52,136.98,0,284,57
2022-04-20,Centro,Ropa Casual,1480.72,334.88583633945416,0,732,144
2022-04-20,Centro,Ropa Formal,1803.2490000000003,456.38,5,870,171
2022-04-20,Centro,Deportivo,1343.307,316.13,5,620,123
2022-04-20,Centro,Accesorios,788.4,196.02,0,423,80
2022-04-21,Norte,Ropa Casual,1030.73,276.23,0,525,111
2022-04-21,Norte,Ropa Formal,1202.7498913555844,323.65799279586383,10,621,129
2022-04-21,Norte,Deportivo,741.64,218.49,0,424,74
2022-04-21,Norte,Accesorios,651.4515,125.51,5,325,74
2022-04-21,Sur,Ropa Casual,746.3085,138.26,5,397,69
2022-04-21,Sur,Ropa Formal,732.99,169.16,0,366,69
2022-04-21,Sur,Deportivo,410.33,152.5,0,207,40
2022-04-21,Sur,Accesorios,400.31,81.93,0,202,33
2022-04-21,Este,Ropa Casual,840.95,253.91,0,426,78
2022-04-21,Este,Ropa Formal,1088.65,275.4545891468052,0,541,109
2022-04-21,Este,Deportivo,782.79,175.47,0,376,72
2022-04-21,Este,Accesorios,524.93,155.18,0,270,50
2022-04-21,Oeste,Ropa Casual,831.66,198.06,0,360,82
2022-04-21,Oeste,Ropa Formal,1336.4505,235.33412937556457,5,646,117
2022-04-21,Oeste,Deportivo,730.78,154.17,0,350,79
2022-04-21,Oeste,Accesorios,606.01,118.11,0,326,61
2022-04-21,Centro,Ropa Casual,1506.33,356.88,5,677,143
2022-04-21,Centro,Ropa Formal,1748.71,431.91,0,863,179
2022-04-21,Centro,Deportivo,1187.57,291.31702167153355,0,567,119
2022-04-21,Centro,Accesorios,920.682,209.01,5,447,88
2022-04-22,Norte,Ropa Casual,1039.0065,251.48,5,505,95
2022-04-22,Norte,Ropa Formal,1191.2230000000002,306.32,10,540,107
2022-04-22,Norte,Deportivo,774.05,183.2,0,413,80
2022-04-22,Norte,Accesorios,625.27,161.49,0,337,60
2022-04-22,Sur,Ropa Casual,789.65,179.87,0,400,78
2022-04-22,Sur,Ropa Formal,758.51,185.41,0,321,73
2022-04-22,Sur,Deportivo,770.7700000000001,106.33,10,361,55
2022-04-22,Sur,Accesorios,260.1907420863471,79.78,0,110,31
2022-04-22,Este,Ropa Casual,955.383,237.16,10,433,86
2022-04-22,Este,Ropa Formal,1194.39,256.1,0,591,125
2022-04-22,Este,Deportivo,671.63,187.16,0,317,63
2022-04-22,Este,Accesorios,443.5095,111.89,5,196,48
2022-04-22,Oeste,Ropa Casual,901.23,232.6,0,467,100
2022-04-22,Oeste,Ropa Formal,1090.5977966960202,319.15,0,577,126
2022-04-22,Oeste,Deportivo,526.49,173.97,0,282,53
2022-04-22,Oeste,Accesorios,460.5340538622379,100.36,0,249,46
2022-04-22,Centro,Ropa Casual,1382.42,366.79,0,681,139
2022-04-22,Centro,Ropa Formal,1514.9148910536233,479.65,0,841,158
2022-04-22,Centro,Deportivo,1151.48,294.59,0,587,114
2022-04-22,Centro,Accesorios,890.923,206.27,10,395,81
2022-04-23,Norte,Ropa Casual,1065.4,257.76,0,508,104
2022-04-23,Norte,Ropa Formal,1332.61,332.05,0,689,139
2022-04-23,Norte,Deportivo,855.866,181.07,10,406,77
2022-04-23,Norte,Accesorios,605.143,141.43,10,264,48
2022-04-23,Sur,Ropa Casual,848.3420000000001,142.82,10,374,79
2022-04-23,Sur,Ropa Formal,786.9599999999999,165.14,20,321,59
2022-04-23,Sur,Deportivo,559.4,119.74,0,271,50
2022-04-23,Sur,Accesorios,349.7724999999999,107.35,15,158,24
2022-04-23,Este,Ropa Casual,996.8530000000001,137.31,10,447,97
2022-04-23,Este,Ropa Formal,1103.9820000000002,256.97,10,463,94
2022-04-23,Este,Deportivo,671.07,181.31,0,374,68
2022-04-23,Este,Accesorios,487.304301399308,120.29,0,263,61
2022-04-23,Oeste,Ropa Casual,978.3165,243.71,15,441,87
2022-04-23,Oeste,Ropa Formal,1055.99,300.57,0,514,111
2022-04-23,Oeste,Deportivo,691.504,160.8,10,297,63
2022-04-23,Oeste,Accesorios,583.55,153.81,0,276,57
2022-04-23,Centro,Ropa Casual,1538.71,361.3,0,740,144
2022-04-23,Centro,Ropa Formal,1843.335,470.03,15,812,161
2022-04-23,Centro,Deportivo,1146.71,298.55,0,544,109
2022-04-23,Centro,Accesorios,858.7700000000001,200.43,10,356,87
2022-04-24,Norte,Ropa Casual,1122.42,224.75,0,562,113
2022-04-24,Norte,Ropa Formal,1301.5800000000002,351.05,20,554,112
2022-04-24,Norte,Deportivo,907.8850000000001,156.31,10,461,86
2022-04-24,Norte,Accesorios,582.65,151.55,0,332,63
2022-04-24,Sur,Ropa Casual,836.88,103.4,10,376,77
2022-04-24,Sur,Ropa Formal,736.42,242.08,0,360,72
2022-04-24,Sur,Deportivo,587.088,112.42,20,243,53
2022-04-24,Sur,Accesorios,403.33,77.28,0,206,34
2022-04-24,Este,Ropa Casual,1121.615,188.08,10,517,94
2022-04-24,Este,Ropa Formal,1190.9150000000002,262.1,10,579,113
2022-04-24,Este,Deportivo,820.017,137.94,10,390,73
2022-04-24,Este,Accesorios,613.77,123.31,0,307,61
2022-04-24,Oeste,Ropa Casual,1289.2199999999998,214.96,20,529,92
2022-04-24,Oeste,Ropa Formal,1168.2,304.94,20,484,94
2022-04-24,Oeste,Deportivo,664.68,208.4,0,351,65
2022-04-24,Oeste,Accesorios,453.9920000000001,135.98,10,228,51
2022-04-24,Centro,Ropa Casual,1501.071,363.27,10,649,127
2022-04-24,Centro,Ropa Formal,1871.5674999999999,412.84,15,793,162
2022-04-24,Centro,Deportivo,1337.63,288.65,0,653,133
2022-04-24,Centro,Accesorios,847.9405171117908,232.79,0,452,83
2022-04-25,Norte,Ropa Casual,1115.598,304.34,10,505,95
2022-04-25,Norte,Ropa Formal,1225.0875,337.95,5,613,114
2022-04-25,Norte,Deportivo,1031.3290000000002,168.4,30,387,78
2022-04-25,Norte,Accesorios,581.1225000000001,147.7,5,285,58
2022-04-25,Sur,Ropa Casual,880.32,137.89,20,351,72
2022-04-25,Sur,Ropa Formal,770.5280000000001,226.93,10,337,72
2022-04-25,Sur,Deportivo,599.4359999999999,117.7,20,278,42
2022-04-25,Sur,Accesorios,400.848,80.5,5,174,39
2022-04-25,Este,Ropa Casual,1027.065,222.57,30,374,77
2022-04-25,Este,Ropa Formal,1263.7920000000001,245.66,20,533,103
2022-04-25,Este,Deportivo,978.9,161.9,20,429,74
2022-04-25,Este,Accesorios,854.8410000000001,97.66,30,319,71
2022-04-25,Oeste,Ropa Casual,916.498,213.45,10,447,87
2022-04-25,Oeste,Ropa Formal,1340.066,270.93,30,503,104
2022-04-25,Oeste,Deportivo,741.0810000000001,111.9,10,339,62
2022-04-25,Oeste,Accesorios,554.5155000000001,145.95,5,307,58
2022-04-25,Centro,Ropa Casual,1432.099628863766,423.32,5,754,145
2022-04-25,Centro,Ropa Formal,2089.104,476.51,20,898,160
2022-04-25,Centro,Deportivo,1402.086,292.73,5,668,129
2022-04-25,Centro,Accesorios,891.744,231.34,20,374,64
2022-04-26,Norte,Ropa Casual,1274.988,165.7,20,496,104
2022-04-26,Norte,Ropa Formal,1018.164,341.78,5,486,101
2022-04-26,Norte,Deportivo,988.632,168.47,20,422,89
2022-04-26,Norte,Accesorios,808.02,147.36,20,374,71
2022-04-26,Sur,Ropa Casual,635.7330000000001,184.07,5,329,56
2022-04-26,Sur,Ropa Formal,1108.2359999999999,154.29,20,474,93
2022-04-26,Sur,Deportivo,581.5845,121.03265906694206,5,299,53
2022-04-26,Sur,Accesorios,473.50600000000003,66.56,10,224,43
2022-04-26,Este,Ropa Casual,869.9355,240.87,5,415,85
2022-04-26,Este,Ropa Formal,1174.7085,216.12,5,569,106
2022-04-26,Este,Deportivo,693.168,148.36,20,296,61
2022-04-26,Este,Accesorios,788.7479999999999,119.49,20,314,70
2022-04-26,Oeste,Ropa Casual,968.835,188.37,5,430,91
2022-04-26,Oeste,Ropa Formal,1228.152,178.48,20,492,104
2022-04-26,Oeste,Deportivo,746.571,177.6960267291892,5,327,71
2022-04-26,Oeste,Accesorios,723.996,116.88,20,270,59
2022-04-26,Centro,Ropa Casual,1558.8078744855256,322.83,10,781,151
2022-04-26,Centro,Ropa Formal,2155.548,470.34,20,890,187
2022-04-26,Centro,Deportivo,1205.8090000000002,229.0,10,536,107
2022-04-26,Centro,Accesorios,994.455,213.11,10,461,93
2022-04-27,Norte,Ropa Casual,865.8481971894354,227.01,10,446,90
2022-04-27,Norte,Ropa Formal,1061.7810000000002,294.98,5,470,104
2022-04-27,Norte,Deportivo,767.2350000000001,206.40473069568316,5,379,78
2022-04-27,Norte,Accesorios,809.3888050261868,129.48,30,324,70
2022-04-27,Sur,Ropa Casual,891.732,157.72,20,358,76
2022-04-27,Sur,Ropa Formal,900.1850000000001,127.6,10,408,85
2022-04-27,Sur,Deportivo,476.55300000000005,103.15,5,229,41
2022-04-27,Sur,Accesorios,456.94,82.97,10,203,46
2022-04-27,Este,Ropa Casual,1242.163,287.43,30,486,102
2022-04-27,Este,Ropa Formal,1075.596,278.27,20,454,100
2022-04-27,Este,Deportivo,790.3665000000001,151.2,5,395,76
2022-04-27,Este,Accesorios,661.037,113.9,30,269,46
2022-04-27,Oeste,Ropa Casual,1000.2719999999999,167.46,20,463,82
2022-04-27,Oeste,Ropa Formal,1164.2730000000001,238.06,10,528,104
2022-04-27,Oeste,Deportivo,769.5380000000001,161.02438025537325,10,337,68
2022-04-27,Oeste,Accesorios,544.3305,93.15,5,269,52
2022-04-27,Centro,Ropa Casual,1529.388,359.98,5,715,145
2022-04-27,Centro,Ropa Formal,2071.0515,442.28,5,954,199
2022-04-27,Centro,Deportivo,1318.416,283.47,10,588,122
2022-04-27,Centro,Accesorios,899.1950000000002,217.06,10,392,81
2022-04-28,Norte,Ropa Casual,1162.8,280.52,20,430,90
2022-04-28,Norte,Ropa Formal,1218.4725,288.54,5,599,109
2022-04-28,Norte,Deportivo,832.68,206.74496837882225,20,360,56
2022-04-28,Norte,Accesorios,669.456,124.8580340989925,20,312,53
2022-04-28,Sur,Ropa Casual,783.783,126.69,10,362,78
2022-04-28,Sur,Ropa Formal,679.3199030310383,197.7,20,311,60
2022-04-28,Sur,Deportivo,557.97,121.17,5,258,56
2022-04-28,Sur,Accesorios,411.348,77.98,5,193,34
2022-04-28,Este,Ropa Casual,1165.584,220.58,20,479,102
2022-04-28,Este,Ropa Formal,1284.8952128126696,195.97,20,554,119
2022-04-28,Este,Deportivo,678.7935000000001,120.81,5,323,69
2022-04-28,Este,Accesorios,542.443,137.9,10,223,41
2022-04-28,Oeste,Ropa Casual,1135.31,161.16,10,512,113
2022-04-28,Oeste,Ropa Formal,1168.335,197.24,5,538,109
2022-04-28,Oeste,Deportivo,781.9799999999999,189.04,20,329,69
2022-04-28,Oeste,Accesorios,665.21,135.15,30,241,47
2022-04-28,Centro,Ropa Casual,1747.62,401.25,20,739,151
2022-04-28,Centro,Ropa Formal,1725.6171842281494,410.56,5,911,174
2022-04-28,Centro,Deportivo,1282.5010000000002,302.24,10,562,113
2022-04-28,Centro,Accesorios,804.7941433793538,199.46,5,454,83
2022-04-29,Norte,Ropa Casual,1123.188,244.03,10,510,100
2022-04-29,Norte,Ropa Formal,1317.1725000000001,257.9,5,618,132
2022-04-29,Norte,Deportivo,764.2362599986092,228.21,5,367,74
2022-04-29,Norte,Accesorios,734.208,167.04,20,335,56
2022-04-29,Sur,Ropa Casual,833.58,124.86,10,396,74
2022-04-29,Sur,Ropa Formal,1412.866,174.53,30,573,109
2022-04-29,Sur,Deportivo,590.016,115.59,20,243,52
2022-04-29,Sur,Accesorios,302.562,90.65,30,126,30
2022-04-29,Este,Ropa Casual,931.8225000000001,185.32838556717445,5,447,86
2022-04-29,Este,Ropa Formal,1370.964,238.45144220216338,20,580,115
2022-04-29,Este,Deportivo,819.168,145.66,20,333,76
2022-04-29,Este,Accesorios,460.3396432681228,120.94,5,263,46
2022-04-29,Oeste,Ropa Casual,710.2810000000001,258.71,10,325,72
2022-04-29,Oeste,Ropa Formal,1068.3719999999998,284.09,20,442,83
2022-04-29,Oeste,Deportivo,696.74,147.88384919575765,10,319,65
2022-04-29,Oeste,Accesorios,525.5519999999999,141.96,20,213,48
2022-04-29,Centro,Ropa Casual,1575.035,322.68,10,697,142
2022-04-29,Centro,Ropa Formal,1860.1479462671086,427.43,10,899,181
2022-04-29,Centro,Deportivo,1382.8100000000002,322.72,30,542,99
2022-04-29,Centro,Accesorios,929.9180000000001,229.13,10,426,78
2022-04-30,Norte,Ropa Casual,1075.151,233.02,10,490,96
2022-04-30,Norte,Ropa Formal,1539.67,332.8,10,703,148
2022-04-30,Norte,Deportivo,976.1759999999999,200.41,20,415,81
2022-04-30,Norte,Accesorios,767.3834999999999,156.35,15,362,62
2022-04-30,Sur,Ropa Casual,563.97,180.48,0,295,54
2022-04-30,Sur,Ropa Formal,811.704,118.95,20,341,70
2022-04-30,Sur,Deportivo,573.61,115.94,0,275,60
2022-04-30,Sur,Accesorios,494.55955873555655,89.2,10,259,52
2022-04-30,Este,Ropa Casual,913.5139999999999,171.96,15,397,76
2022-04-30,Este,Ropa Formal,1013.397,294.14,10,474,95
2022-04-30,Este,Deportivo,641.5052170240631,143.55,15,308,71
2022-04-30,Este,Accesorios,645.33,112.02,0,325,60
2022-04-30,Oeste,Ropa Casual,1101.0674999999999,190.24,15,489,97
2022-04-30,Oeste,Ropa Formal,1019.69,230.26,0,512,109
2022-04-30,Oeste,Deportivo,766.2795,146.23783445840903,15,338,76
2022-04-30,Oeste,Accesorios,591.0520000000001,102.65,10,264,54
2022-04-30,Centro,Ropa Casual,1987.092,349.58,20,829,170
2022-04-30,Centro,Ropa Formal,2141.553,457.73,15,914,177
2022-04-30,Centro,Deportivo,1062.34,323.55,0,541,105
2022-04-30,Centro,Accesorios,801.21,219.61,0,401,83
2022-05-01,Norte,Ropa Casual,1089.77,260.71,0,574,102
2022-05-01,Norte,Ropa Formal,1204.17,310.74,0,607,123
2022-05-01,Norte,Deportivo,748.05,221.99,0,375,72
2022-05-01,Norte,Accesorios,544.984,111.64,10,252,46
2022-05-01,Sur,Ropa Casual,693.418,131.45,10,326,62
2022-05-01,Sur,Ropa Formal,647.955,209.56,10,242,50
2022-05-01,Sur,Deportivo,553.399,127.3,10,286,46
2022-05-01,Sur,Accesorios,440.495,76.87,10,200,33
2022-05-01,Este,Ropa Casual,907.44,259.52,0,424,83
2022-05-01,Este,Ropa Formal,986.2490000000001,283.04,10,426,85
2022-05-01,Este,Deportivo,855.591,186.3,10,377,83
2022-05-01,Este,Accesorios,546.83,116.4,0,260,60
2022-05-01,Oeste,Ropa Casual,1096.0765,269.23,15,490,93
2022-05-01,Oeste,Ropa Formal,1118.71,162.24,0,526,113
2022-05-01,Oeste,Deportivo,677.78,180.96,0,342,63
2022-05-01,Oeste,Accesorios,612.5819999999999,120.77,15,254,59
2022-05-01,Centro,Ropa Casual,1693.704,359.98,20,693,145
2022-05-01,Centro,Ropa Formal,2249.016,399.36,20,964,186
2022-05-01,Centro,Deportivo,1280.571,290.78,15,539,112
2022-05-01,Centro,Accesorios,986.7330000000001,175.51,10,446,90
2022-05-02,Norte,Ropa Casual,893.2350000000001,242.45,5,450,89
2022-05-02,Norte,Ropa Formal,1231.2720000000002,263.58,5,600,119
2022-05-02,Norte,Deportivo,727.05,173.06,0,330,73
2022-05-02,Norte,Accesorios,710.367,128.88,5,323,81
2022-05-02,Sur,Ropa Casual,801.46,153.41,0,410,81
2022-05-02,Sur,Ropa Formal,631.4237042667938,148.04,0,327,68
2022-05-02,Sur,Deportivo,568.54,109.89,0,271,63
2022-05-02,Sur,Accesorios,450.576,114.09,5,193,39
2022-05-02,Este,Ropa Casual,864.27,209.38,0,440,90
2022-05-02,Este,Ropa Formal,1247.3450000000003,255.9,10,571,109
2022-05-02,Este,Deportivo,681.37,182.15,0,323,63
2022-05-02,Este,Accesorios,510.05,110.01,0,236,45
2022-05-02,Oeste,Ropa Casual,852.1905,238.21,5,409,77
2022-05-02,Oeste,Ropa Formal,1096.31,335.56,0,554,106
2022-05-02,Oeste,Deportivo,660.5445000000001,138.48,5,311,65
2022-05-02,Oeste,Accesorios,540.41,110.13,0,259,58
2022-05-02,Centro,Ropa Casual,1652.8365000000001,339.77,5,820,152
2022-05-02,Centro,Ropa Formal,1702.3673200784124,452.42,5,895,178
2022-05-02,Centro,Deportivo,1161.02,330.71,0,587,124
2022-05-02,Centro,Accesorios,859.4145000000001,221.97,5,414,77
2022-05-03,Norte,Ropa Casual,1158.9,251.22,0,571,113
2022-05-03,Norte,Ropa Formal,1043.428127663774,364.17,0,590,111
2022-05-03,Norte,Deportivo,752.0835,208.15,5,397,65
2022-05-03,Norte,Accesorios,620.48,127.497175046585,0,320,53
2022-05-03,Sur,Ropa Casual,687.67,180.29,0,349,74
2022-05-03,Sur,Ropa Formal,880.8870000000001,122.85,5,442,88
2022-05-03,Sur,Deportivo,524.9685000000001,120.26,5,277,52
2022-05-03,Sur,Accesorios,399.3449166346492,92.42,0,207,43
2022-05-03,Este,Ropa Casual,956.2630000000001,228.99,10,421,83
2022-05-03,Este,Ropa Formal,1330.13,250.93,0,676,122
2022-05-03,Este,Deportivo,854.6370000000001,132.8674130723481,5,391,82
2022-05-03,Este,Accesorios,632.21,122.63269573900163,0,293,60
2022-05-03,Oeste,Ropa Casual,946.16,191.98,0,471,104
2022-05-03,Oeste,Ropa Formal,1257.732,251.08,5,590,118
2022-05-03,Oeste,Deportivo,713.42,211.02,0,361,72
2022-05-03,Oeste,Accesorios,563.976,148.42,5,227,46
2022-05-03,Centro,Ropa Casual,1508.31,320.18,0,762,159
2022-05-03,Centro,Ropa Formal,1614.3016027587564,478.68,0,911,170
2022-05-03,Centro,Deportivo,1102.1592943282078,310.85,10,553,105
2022-05-03,Centro,Accesorios,1017.34,239.02,0,509,103
2022-05-04,Norte,Ropa Casual,920.38,210.2301057277336,0,450,103
2022-05-04,Norte,Ropa Formal,1327.263,202.12,5,633,122
2022-05-04,Norte,Deportivo,848.8095000000001,235.25,5,407,76
2022-05-04,Norte,Accesorios,625.52,166.18,0,333,55
2022-05-04,Sur,Ropa Casual,513.576,104.97,5,266,42
2022-05-04,Sur,Ropa Formal,834.32,210.91,0,417,82
2022-05-04,Sur,Deportivo,491.24,171.28,0,227,51
2022-05-04,Sur,Accesorios,380.44,103.3,0,188,30
2022-05-04,Este,Ropa Casual,820.008,247.5,5,360,85
2022-05-04,Este,Ropa Formal,1173.97,243.51,0,574,125
2022-05-04,Este,Deportivo,723.21,216.09,0,356,66
2022-05-04,Este,Accesorios,485.19590481524284,123.04649832660323,0,224,54
2022-05-04,Oeste,Ropa Casual,897.2,269.73,0,455,86
2022-05-04,Oeste,Ropa Formal,1127.5425,253.17,5,553,110
2022-05-04,Oeste,Deportivo,809.88,157.11,0,391,75
2022-05-04,Oeste,Accesorios,519.6,112.73821608879422,0,259,46
2022-05-04,Centro,Ropa Casual,1592.085,359.2,10,704,142
2022-05-04,Centro,Ropa Formal,1864.55,390.81355495707624,0,957,183
2022-05-04,Centro,Deportivo,1151.37,258.34,0,565,112
2022-05-04,Centro,Accesorios,951.61,221.75,0,445,90
2022-05-05,Norte,Ropa Casual,932.883,194.48,5,445,87
2022-05-05,Norte,Ropa Formal,1207.0695,327.36,5,539,119
2022-05-05,Norte,Deportivo,753.67,184.44,0,380,83
2022-05-05,Norte,Accesorios,572.4915000000001,163.75,5,258,52
2022-05-05,Sur,Ropa Casual,732.37,149.38,0,308,77
2022-05-05,Sur,Ropa Formal,622.54,169.56,0,345,62
2022-05-05,Sur,Deportivo,577.08,92.13,5,292,44
2022-05-05,Sur,Accesorios,381.12,121.46,0,196,36
2022-05-05,Este,Ropa Casual,721.119,271.2,5,338,70
2022-05-05,Este,Ropa Formal,1195.55,244.73,0,608,112
2022-05-05,Este,Deportivo,600.59,119.97,0,286,57
2022-05-05,Este,Accesorios,618.7860000000001,148.38,5,280,60
2022-05-05,Oeste,Ropa Casual,1029.55,183.12,0,539,96
2022-05-05,Oeste,Ropa Formal,1085.0175,244.5,5,523,96
2022-05-05,Oeste,Deportivo,961.3905000000001,201.96,5,448,95
2022-05-05,Oeste,Accesorios,420.7,139.07,0,211,40
2022-05-05,Centro,Ropa Casual,1537.98,345.65,0,781,155
2022-05-05,Centro,Ropa Formal,1711.6470000000002,426.06,5,836,163
2022-05-05,Centro,Deportivo,994.1,279.47,0,465,94
2022-05-05,Centro,Accesorios,902.013,244.29,5,438,86
2022-05-06,Norte,Ropa Casual,1102.2060000000001,294.98,5,560,113
2022-05-06,Norte,Ropa Formal,1164.01,276.14,0,572,115
2022-05-06,Norte,Deportivo,818.36,195.22,0,399,84
2022-05-06,Norte,Accesorios,474.44,156.26105269142582,0,268,41
2022-05-06,Sur,Ropa Casual,587.01,151.13,0,282,65
2022-05-06,Sur,Ropa Formal,811.0725000000001,163.24,5,419,68
2022-05-06,Sur,Deportivo,505.05,107.87,0,279,50
2022-05-06,Sur,Accesorios,328.17968647899454,80.97,0,221,36
2022-05-06,Este,Ropa Casual,877.3211604196083,238.89,0,464,95
2022-05-06,Este,Ropa Formal,997.01,266.21,0,505,98
2022-05-06,Este,Deportivo,842.3625000000001,145.38,5,420,78
2022-05-06,Este,Accesorios,612.9090000000001,147.87465358269984,10,266,52
2022-05-06,Oeste,Ropa Casual,839.6114378789395,237.44,5,459,91
2022-05-06,Oeste,Ropa Formal,1123.2585000000001,239.78,5,574,106
2022-05-06,Oeste,Deportivo,678.53,177.72,0,337,68
2022-05-06,Oeste,Accesorios,576.11,123.03,0,282,60
2022-05-06,Centro,Ropa Casual,1320.15,401.87,0,668,130
2022-05-06,Centro,Ropa Formal,2012.46,406.34,0,1016,197
2022-05-06,Centro,Deportivo,1227.622,306.45,10,567,110
2022-05-06,Centro,Accesorios,874.27,239.82,0,454,84
2022-05-07,Norte,Ropa Casual,1131.6580000000001,208.77,10,477,97
2022-05-07,Norte,Ropa Formal,1362.12,314.06,20,554,109
2022-05-07,Norte,Deportivo,814.1079999999998,207.23,15,361,57
2022-05-07,Norte,Accesorios,605.59,134.7617093622577,0,309,60
2022-05-07,Sur,Ropa Casual,590.986,98.29,10,263,56
2022-05-07,Sur,Ropa Formal,911.306,182.18,15,389,78
2022-05-07,Sur,Deportivo,516.03,150.55,0,297,45
2022-05-07,Sur,Accesorios,382.272,74.68,10,175,33
2022-05-07,Este,Ropa Casual,1052.5900000000001,240.06,10,470,95
2022-05-07,Este,Ropa Formal,1095.46,266.64519183741976,0,567,103
2022-05-07,Este,Deportivo,680.669,181.25,10,285,67
2022-05-07,Este,Accesorios,439.38,130.89,0,249,40
2022-05-07,Oeste,Ropa Casual,1063.7990000000002,189.21,10,493,96
2022-05-07,Oeste,Ropa Formal,1207.5030000000002,290.5,10,556,108
2022-05-07,Oeste,Deportivo,741.56,181.07,0,350,78
2022-05-07,Oeste,Accesorios,689.196,114.72,20,308,63
2022-05-07,Centro,Ropa Casual,1779.57,388.51,0,898,175
2022-05-07,Centro,Ropa Formal,1707.9040000000002,443.65,10,775,147
2022-05-07,Centro,Deportivo,1216.38,283.63,0,639,119
2022-05-07,Centro,Accesorios,813.67,255.55,0,397,80
2022-05-08,Norte,Ropa Casual,989.0540000000001,212.27,10,484,90
2022-05-08,Norte,Ropa Formal,1342.6825,327.75,15,576,112
2022-05-08,Norte,Deportivo,975.996,179.22,20,400,84
2022-05-08,Norte,Accesorios,542.03,130.71,0,272,53
2022-05-08,Sur,Ropa Casual,794.0790000000001,152.62,10,346,71
2022-05-08,Sur,Ropa Formal,855.93,147.57,0,442,90
2022-05-08,Sur,Deportivo,690.667,144.66,15,338,62
2022-05-08,Sur,Accesorios,313.36,91.24,0,152,31
2022-05-08,Este,Ropa Casual,869.91,232.68,0,460,85
2022-05-08,Este,Ropa Formal,993.916,236.57,10,481,92
2022-05-08,Este,Deportivo,772.76,195.49,0,368,72
2022-05-08,Este,Accesorios,632.1700000000001,158.49,10,273,59
2022-05-08,Oeste,Ropa Casual,1275.0,199.27,20,543,105
2022-05-08,Oeste,Ropa Formal,1063.1064957817157,267.28,0,580,113
2022-05-08,Oeste,Deportivo,796.766,198.71,15,359,75
2022-05-08,Oeste,Accesorios,701.615,123.87,15,323,58
2022-05-08,Centro,Ropa Casual,1582.79,330.82,0,784,149
2022-05-08,Centro,Ropa Formal,1829.5310000000002,437.64,10,806,166
2022-05-08,Centro,Deportivo,1164.33,294.67,0,579,113
2022-05-08,Centro,Accesorios,820.9877244159272,254.26,0,438,89
2022-05-09,Norte,Ropa Casual,893.5605,203.62,5,435,86
2022-05-09,Norte,Ropa Formal,1191.31,253.73,0,586,124
2022-05-09,Norte,Deportivo,769.42,184.45,0,375,78
2022-05-09,Norte,Accesorios,707.4375,152.12,5,311,60
2022-05-09,Sur,Ropa Casual,696.32,206.55,0,342,72
2022-05-09,Sur,Ropa Formal,844.21,173.25,0,436,89
2022-05-09,Sur,Deportivo,483.48,112.74,0,221,48
2022-05-09,Sur,Accesorios,281.03,94.18,0,165,30
2022-05-09,Este,Ropa Casual,911.9985,128.99,5,435,86
2022-05-09,Este,Ropa Formal,1101.8,304.58,0,531,110
2022-05-09,Este,Deportivo,661.07,199.09,0,328,69
2022-05-09,Este,Accesorios,576.14,139.54342815232076,0,293,56
2022-05-09,Oeste,Ropa Casual,835.87,228.11,0,427,87
2022-05-09,Oeste,Ropa Formal,1051.8,250.01032781583504,0,509,105
2022-05-09,Oeste,Deportivo,744.1170000000001,200.0,10,307,64
2022-05-09,Oeste,Accesorios,405.21,176.34,0,229,46
2022-05-09,Centro,Ropa Casual,1556.352,354.76,5,745,145
2022-05-09,Centro,Ropa Formal,1816.12,468.01,0,927,184
2022-05-09,Centro,Deportivo,1247.6,227.3431416283246,0,624,114
2022-05-09,Centro,Accesorios,781.904805918234,207.78,0,426,77
2022-05-10,Norte,Ropa Casual,981.1830000000001,264.93,5,454,91
2022-05-10,Norte,Ropa Formal,1198.86,314.06,0,577,122
2022-05-10,Norte,Deportivo,800.2785,207.8,5,386,69
2022-05-10,Norte,Accesorios,574.48,156.77,0,261,58
2022-05-10,Sur,Ropa Casual,730.3,195.43,0,345,76
2022-05-10,Sur,Ropa Formal,811.818,201.37,5,404,72
2022-05-10,Sur,Deportivo,525.92,97.53,0,278,49
2022-05-10,Sur,Accesorios,283.11,77.83,0,112,34
2022-05-10,Este,Ropa Casual,858.16,206.86,0,391,84
2022-05-10,Este,Ropa Formal,1073.35,273.31,0,548,94
2022-05-10,Este,Deportivo,766.67,181.84,0,363,70
2022-05-10,Este,Accesorios,578.96,162.08,0,295,56
2022-05-10,Oeste,Ropa Casual,853.44,224.19,0,384,95
2022-05-10,Oeste,Ropa Formal,1266.87,211.14047142045715,0,599,125
2022-05-10,Oeste,Deportivo,715.17,137.93419586720339,0,358,62
2022-05-10,Oeste,Accesorios,493.63,101.34,0,241,48
2022-05-10,Centro,Ropa Casual,1548.8445,342.0,5,744,147
2022-05-10,Centro,Ropa Formal,1739.9250000000002,446.54,10,748,156
2022-05-10,Centro,Deportivo,1230.4270000000001,281.35,10,536,108
2022-05-10,Centro,Accesorios,859.84,204.0,0,409,89
2022-05-11,Norte,Ropa Casual,1017.09,255.96,0,520,103
2022-05-11,Norte,Ropa Formal,884.5864577395904,338.04,0,470,101
2022-05-11,Norte,Deportivo,711.0,185.65,0,350,68
2022-05-11,Norte,Accesorios,463.7651031728833,134.83,0,276,51
2022-05-11,Sur,Ropa Casual,551.36,126.61,0,277,60
2022-05-11,Sur,Ropa Formal,850.16,152.91,0,432,79
2022-05-11,Sur,Deportivo,677.63,115.9,0,355,55
2022-05-11,Sur,Accesorios,388.8465,87.83,5,183,39
2022-05-11,Este,Ropa Casual,891.2085000000001,214.42,5,423,82
2022-05-11,Este,Ropa Formal,1300.7295,260.81,5,626,125
2022-05-11,Este,Deportivo,845.15,170.72,0,413,84
2022-05-11,Este,Accesorios,547.16,105.84150629543406,0,260,44
2022-05-11,Oeste,Ropa Casual,886.03,207.57,0,444,87
2022-05-11,Oeste,Ropa Formal,1253.4060000000002,237.66,5,584,121
2022-05-11,Oeste,Deportivo,593.6175000000001,148.53,5,283,53
2022-05-11,Oeste,Accesorios,507.83,105.91,0,252,48
2022-05-11,Centro,Ropa Casual,1396.3845000000001,424.84,5,618,133
2022-05-11,Centro,Ropa Formal,1823.91,434.13,0,943,179
2022-05-11,Centro,Deportivo,1013.8923209709819,300.23,0,517,117
2022-05-11,Centro,Accesorios,986.244,241.12,5,445,105
2022-05-12,Norte,Ropa Casual,1091.08,241.45,0,551,110
2022-05-12,Norte,Ropa Formal,1185.03,265.05,5,581,110
2022-05-12,Norte,Deportivo,846.51,196.58,0,401,77
2022-05-12,Norte,Accesorios,599.3505,161.52,5,299,56
2022-05-12,Sur,Ropa Casual,644.39,104.21388278420106,0,285,71
2022-05-12,Sur,Ropa Formal,788.43,93.67,0,386,78
2022-05-12,Sur,Deportivo,516.2955,143.52,5,246,45
2022-05-12,Sur,Accesorios,389.44,103.67,0,192,30
2022-05-12,Este,Ropa Casual,835.19,215.48,0,441,87
2022-05-12,Este,Ropa Formal,1199.150557187073,264.58,5,617,118
2022-05-12,Este,Deportivo,783.3315,200.24366994694805,5,354,79
2022-05-12,Este,Accesorios,641.8,103.37,0,311,69
2022-05-12,Oeste,Ropa Casual,688.2226304253984,209.56,0,359,72
2022-05-12,Oeste,Ropa Formal,1012.4625000000001,296.18,5,446,91
2022-05-12,Oeste,Deportivo,591.9165,168.04,5,258,54
2022-05-12,Oeste,Accesorios,495.32,151.23,0,223,46
2022-05-12,Centro,Ropa Casual,1608.411,325.88,5,736,147
2022-05-12,Centro,Ropa Formal,1798.881,387.95,5,852,165
2022-05-12,Centro,Deportivo,1212.42,370.08,0,583,128
2022-05-12,Centro,Accesorios,953.8515,242.37,5,455,91
2022-05-13,Norte,Ropa Casual,1091.59,285.61,0,546,112
2022-05-13,Norte,Ropa Formal,1056.2875213749837,272.52,5,576,108
2022-05-13,Norte,Deportivo,938.028,188.36,5,452,94
2022-05-13,Norte,Accesorios,528.15,163.85,0,258,52
2022-05-13,Sur,Ropa Casual,575.15,146.36,0,294,62
2022-05-13,Sur,Ropa Formal,667.97,240.39,0,322,57
2022-05-13,Sur,Deportivo,434.61,127.47,0,168,42
2022-05-13,Sur,Accesorios,391.0117301357249,97.22,0,222,42
2022-05-13,Este,Ropa Casual,858.0,234.88,0,433,82
2022-05-13,Este,Ropa Formal,1192.4115000000002,191.28,5,558,118
2022-05-13,Este,Deportivo,773.06,163.58,0,379,78
2022-05-13,Este,Accesorios,542.32,146.48,0,292,54
2022-05-13,Oeste,Ropa Casual,786.59,185.32838556717445,0,428,75
2022-05-13,Oeste,Ropa Formal,1193.17,306.5,0,606,127
2022-05-13,Oeste,Deportivo,717.55,182.2202683536335,0,338,73
2022-05-13,Oeste,Accesorios,589.42,148.39,0,336,56
2022-05-13,Centro,Ropa Casual,1624.392,346.29,5,756,151
2022-05-13,Centro,Ropa Formal,1785.3885,400.8,5,847,172
2022-05-13,Centro,Deportivo,1109.82,315.53,0,547,114
2022-05-13,Centro,Accesorios,887.99,210.07,0,449,87
2022-05-14,Norte,Ropa Casual,984.396,280.02,20,395,78
2022-05-14,Norte,Ropa Formal,1583.142,295.24,10,734,145
2022-05-14,Norte,Deportivo,763.191,218.26,10,328,71
2022-05-14,Norte,Accesorios,453.0040660620051,193.64,0,277,56
2022-05-14,Sur,Ropa Casual,729.96,161.82,10,335,60
2022-05-14,Sur,Ropa Formal,860.255926249796,139.55,10,425,92
2022-05-14,Sur,Deportivo,502.3085,116.92,15,229,40
2022-05-14,Sur,Accesorios,474.3,107.52,0,261,52
2022-05-14,Este,Ropa Casual,934.45,184.26169445246808,0,460,92
2022-05-14,Este,Ropa Formal,1182.0044999999998,261.01,15,527,103
2022-05-14,Este,Deportivo,741.48,130.27,0,319,81
2022-05-14,Este,Accesorios,590.91,133.72,0,276,68
2022-05-14,Oeste,Ropa Casual,1319.568,172.96948161747304,20,557,114
2022-05-14,Oeste,Ropa Formal,920.9544999999999,213.38,15,409,73
2022-05-14,Oeste,Deportivo,899.55,172.83,0,468,97
2022-05-14,Oeste,Accesorios,583.605,104.87,10,245,54
2022-05-14,Centro,Ropa Casual,1886.4024999999997,360.55,15,813,158
2022-05-14,Centro,Ropa Formal,1902.998140479403,447.348184036514,15,906,185
2022-05-14,Centro,Deportivo,1366.728,278.64,10,622,132
2022-05-14,Centro,Accesorios,1029.9080000000001,243.28,10,477,93
2022-05-15,Norte,Ropa Casual,1197.8450000000003,259.91,10,583,112
2022-05-15,Norte,Ropa Formal,1139.54,357.54,0,560,106
2022-05-15,Norte,Deportivo,872.5969999999999,164.69,15,380,77
2022-05-15,Norte,Accesorios,636.9990000000001,117.79580327059168,10,265,55
2022-05-15,Sur,Ropa Casual,655.96,102.78,0,338,63
2022-05-15,Sur,Ropa Formal,846.92,107.7,0,403,92
2022-05-15,Sur,Deportivo,416.71,103.48,0,215,43
2022-05-15,Sur,Accesorios,453.9920000000001,96.2,10,223,35
2022-05-15,Este,Ropa Casual,913.353,212.69,15,415,80
2022-05-15,Este,Ropa Formal,1071.39,249.64,0,530,105
2022-05-15,Este,Deportivo,889.4184280928549,172.15,15,400,85
2022-05-15,Este,Accesorios,626.8534999999999,116.05,15,297,63
2022-05-15,Oeste,Ropa Casual,984.0930000000001,197.16,10,485,89
2022-05-15,Oeste,Ropa Formal,1074.9171675556565,195.61,0,574,109
2022-05-15,Oeste,Deportivo,515.1606926311995,146.97348350303412,0,253,63
2022-05-15,Oeste,Accesorios,610.5200017704506,115.2,15,293,63
2022-05-15,Centro,Ropa Casual,1547.61,338.18706142720924,0,752,157
2022-05-15,Centro,Ropa Formal,2090.869,470.67,10,954,190
2022-05-15,Centro,Deportivo,1321.2760000000003,320.14,10,572,125
2022-05-15,Centro,Accesorios,877.33,222.45,0,390,85
2022-05-16,Norte,Ropa Casual,848.54,250.16,0,416,74
2022-05-16,Norte,Ropa Formal,1180.7294688503218,230.43,0,651,128
2022-05-16,Norte,Deportivo,952.6125000000001,198.03,5,442,92
2022-05-16,Norte,Accesorios,564.08,139.72,0,317,57
2022-05-16,Sur,Ropa Casual,683.676,211.72,5,353,61
2022-05-16,Sur,Ropa Formal,937.44,227.08,0,461,98
2022-05-16,Sur,Deportivo,568.31,105.92,0,315,54
2022-05-16,Sur,Accesorios,398.685,93.91,5,203,27
2022-05-16,Este,Ropa Casual,974.547,194.21,5,456,87
2022-05-16,Este,Ropa Formal,1194.919,251.88,10,541,101
2022-05-16,Este,Deportivo,627.35,181.75,0,308,65
2022-05-16,Este,Accesorios,514.143,137.5,5,226,45
2022-05-16,Oeste,Ropa Casual,943.4145000000001,227.45,5,457,93
2022-05-16,Oeste,Ropa Formal,1244.02,268.95,0,609,122
2022-05-16,Oeste,Deportivo,907.6320000000001,201.63,10,389,76
2022-05-16,Oeste,Accesorios,548.9,123.4,0,292,58
2022-05-16,Centro,Ropa Casual,1443.65,426.54,0,749,146
2022-05-16,Centro,Ropa Formal,1765.45,487.91,0,887,175
2022-05-16,Centro,Deportivo,1344.34,314.37,0,664,140
2022-05-16,Centro,Accesorios,934.58,227.13,0,471,98
2022-05-17,Norte,Ropa Casual,1176.35,241.42,0,580,111
2022-05-17,Norte,Ropa Formal,1065.49,309.18,0,548,100
2022-05-17,Norte,Deportivo,824.12,168.19,0,392,87
2022-05-17,Norte,Accesorios,421.1042995628371,164.25,0,247,49
2022-05-17,Sur,Ropa Casual,780.29,103.99,0,376,82
2022-05-17,Sur,Ropa Formal,1081.08,142.91,5,527,112
2022-05-17,Sur,Deportivo,593.17,114.29,0,303,62
2022-05-17,Sur,Accesorios,293.51,102.96,0,175,27
2022-05-17,Este,Ropa Casual,1087.075,257.51,10,492,100
2022-05-17,Este,Ropa Formal,1128.519,213.1,5,497,104
2022-05-17,Este,Deportivo,872.322,205.71,10,406,79
2022-05-17,Este,Accesorios,590.43,113.88766772102092,0,323,62
2022-05-17,Oeste,Ropa Casual,895.66,227.52,0,453,93
2022-05-17,Oeste,Ropa Formal,1180.9665,291.28,5,552,119
2022-05-17,Oeste,Deportivo,762.79,168.24,0,378,69
2022-05-17,Oeste,Accesorios,590.415,128.9,5,227,60
2022-05-17,Centro,Ropa Casual,1506.91,401.59,0,718,149
2022-05-17,Centro,Ropa Formal,1493.1555081254353,443.01,0,765,154
2022-05-17,Centro,Deportivo,1402.9840000000002,298.91,10,610,122
2022-05-17,Centro,Accesorios,796.8096181337252,256.24,0,425,83
2022-05-18,Norte,Ropa Casual,910.26,243.69,0,466,81
2022-05-18,Norte,Ropa Formal,1170.1580000000001,310.0484854702998,10,545,109
2022-05-18,Norte,Deportivo,710.03,161.42,0,321,69
2022-05-18,Norte,Accesorios,618.61,143.83,0,308,55
2022-05-18,Sur,Ropa Casual,518.9576319341048,138.87,0,268,48
2022-05-18,Sur,Ropa Formal,853.06,137.78,0,443,84
2022-05-18,Sur,Deportivo,417.64,70.36,0,221,42
2022-05-18,Sur,Accesorios,355.72,61.73,0,157,35
2022-05-18,Este,Ropa Casual,798.9,174.43,0,378,86
2022-05-18,Este,Ropa Formal,1001.343,220.79,5,449,91
2022-05-18,Este,Deportivo,726.48,196.68,0,377,78
2022-05-18,Este,Accesorios,427.45500000000004,114.53,5,157,38
2022-05-18,Oeste,Ropa Casual,775.72,188.83,0,345,87
2022-05-18,Oeste,Ropa Formal,1038.43,227.74,0,531,100
2022-05-18,Oeste,Deportivo,707.9694529778877,166.49,10,327,69
2022-05-18,Oeste,Accesorios,583.572,135.21,10,239,54
2022-05-18,Centro,Ropa Casual,1523.655,414.52,5,752,149
2022-05-18,Centro,Ropa Formal,1842.77,451.96,0,934,186
2022-05-18,Centro,Deportivo,1101.35,328.51,0,523,111
2022-05-18,Centro,Accesorios,980.54,204.05,0,460,91
2022-05-19,Norte,Ropa Casual,1249.269,234.55,5,598,123
2022-05-19,Norte,Ropa Formal,1291.89,295.23,0,640,128
2022-05-19,Norte,Deportivo,947.8849042770385,186.86,10,506,95
2022-05-19,Norte,Accesorios,601.37,165.84,0,305,65
2022-05-19,Sur,Ropa Casual,746.75,185.69,0,362,70
2022-05-19,Sur,Ropa Formal,823.4338295437603,161.37,0,447,86
2022-05-19,Sur,Deportivo,410.14,128.33,0,190,29
2022-05-19,Sur,Accesorios,192.2666012250714,90.57,5,82,20
2022-05-19,Este,Ropa Casual,877.7683960586523,186.65,0,486,91
2022-05-19,Este,Ropa Formal,1088.1885,269.49,5,487,111
2022-05-19,Este,Deportivo,633.92,179.34,0,324,59
2022-05-19,Este,Accesorios,535.4656470067,130.99,5,276,57
2022-05-19,Oeste,Ropa Casual,768.6638928251459,172.47,5,428,67
2022-05-19,Oeste,Ropa Formal,1224.1790000000003,288.71,10,575,114
2022-05-19,Oeste,Deportivo,840.3255,189.13,5,390,88
2022-05-19,Oeste,Accesorios,507.738,146.2,5,260,48
2022-05-19,Centro,Ropa Casual,1581.42,432.95,0,796,161
2022-05-19,Centro,Ropa Formal,1670.94,441.12,0,830,169
2022-05-19,Centro,Deportivo,1199.97,286.54,0,606,128
2022-05-19,Centro,Accesorios,913.253,227.95,10,411,82
2022-05-20,Norte,Ropa Casual,1275.835,262.17,10,585,121
2022-05-20,Norte,Ropa Formal,1370.5335,356.39,5,672,132
2022-05-20,Norte,Deportivo,697.9157783573344,190.7721884974001,0,407,82
2022-05-20,Norte,Accesorios,575.267,169.78,10,272,60
2022-05-20,Sur,Ropa Casual,456.07,86.94452146162719,0,249,50
2022-05-20,Sur,Ropa Formal,924.1622481660261,183.32,0,498,104
2022-05-20,Sur,Deportivo,543.34,155.48,0,257,53
2022-05-20,Sur,Accesorios,366.96,100.27,0,170,33
2022-05-20,Este,Ropa Casual,1027.28,261.86,0,496,109
2022-05-20,Este,Ropa Formal,1020.327,259.25,5,515,90
2022-05-20,Este,Deportivo,718.9350000000001,173.41,5,300,76
2022-05-20,Este,Accesorios,579.54,109.83,0,276,57
2022-05-20,Oeste,Ropa Casual,855.798173472058,218.63,5,430,88
2022-05-20,Oeste,Ropa Formal,1417.5260000000003,319.8877914421603,10,623,140
2022-05-20,Oeste,Deportivo,946.9570000000001,230.75,10,455,82
2022-05-20,Oeste,Accesorios,669.0310000000001,155.21,10,308,50
2022-05-20,Centro,Ropa Casual,1391.86,395.81,0,683,127
2022-05-20,Centro,Ropa Formal,1899.97,459.53,0,937,187
2022-05-20,Centro,Deportivo,1216.81,319.65,0,626,119
2022-05-20,Centro,Accesorios,825.12,240.77,0,413,78
2022-05-21,Norte,Ropa Casual,1029.8999999999999,265.86,20,432,82
2022-05-21,Norte,Ropa Formal,1255.99,286.09,0,602,124
2022-05-21,Norte,Deportivo,750.03,226.07,0,391,77
2022-05-21,Norte,Accesorios,463.9878082666114,136.59,10,257,52
2022-05-21,Sur,Ropa Casual,691.76,147.03,0,317,64
2022-05-21,Sur,Ropa Formal,816.2159999999999,206.28,20,390,74
2022-05-21,Sur,Deportivo,670.3119999999999,68.52,15,331,62
2022-05-21,Sur,Accesorios,538.2106698320575,85.72,15,236,58
2022-05-21,Este,Ropa Casual,916.465,202.96,10,418,72
2022-05-21,Este,Ropa Formal,967.2885419309957,273.24,0,495,105
2022-05-21,Este,Deportivo,628.32,179.82,0,290,57
2022-05-21,Este,Accesorios,537.0,164.47,0,253,54
2022-05-21,Oeste,Ropa Casual,819.75,227.97,0,404,73
2022-05-21,Oeste,Ropa Formal,1078.69,269.78,0,531,102
2022-05-21,Oeste,Deportivo,811.7275,166.22,15,354,69
2022-05-21,Oeste,Accesorios,585.91,146.39,0,288,55
2022-05-21,Centro,Ropa Casual,1546.15,384.74,0,746,155
2022-05-21,Centro,Ropa Formal,1854.9740000000002,516.95,10,875,172
2022-05-21,Centro,Deportivo,1326.534,272.56,10,602,111
2022-05-21,Centro,Accesorios,1071.11,224.0,15,477,85
2022-05-22,Norte,Ropa Casual,999.37,281.6,0,478,102
2022-05-22,Norte,Ropa Formal,1232.48,286.72,0,603,127
2022-05-22,Norte,Deportivo,1179.5205,172.26,15,516,103
2022-05-22,Norte,Accesorios,532.301,165.38,10,213,43
2022-05-22,Sur,Ropa Casual,599.59,145.69,0,270,59
2022-05-22,Sur,Ropa Formal,873.4110000000001,151.38,10,365,84
2022-05-22,Sur,Deportivo,569.712,97.04,10,284,48
2022-05-22,Sur,Accesorios,391.39,93.77,0,160,35
2022-05-22,Este,Ropa Casual,1070.1570000000002,199.91,10,460,101
2022-05-22,Este,Ropa Formal,1223.7830000000001,231.35,10,557,112
2022-05-22,Este,Deportivo,745.76,175.72,0,380,69
2022-05-22,Este,Accesorios,627.1650000000001,128.81,10,259,64
2022-05-22,Oeste,Ropa Casual,1041.79,168.34,0,529,99
2022-05-22,Oeste,Ropa Formal,1068.52,211.44,0,545,104
2022-05-22,Oeste,Deportivo,592.59,191.0,0,301,52
2022-05-22,Oeste,Accesorios,492.33,144.76,0,265,53
2022-05-22,Centro,Ropa Casual,1515.4310374901117,346.52,15,707,146
2022-05-22,Centro,Ropa Formal,2014.5840000000003,458.39,10,905,184
2022-05-22,Centro,Deportivo,1224.44,334.92,0,597,121
2022-05-22,Centro,Accesorios,1034.363,225.6511488256869,10,434,82
2022-05-23,Norte,Ropa Casual,985.13,237.6,0,490,89
2022-05-23,Norte,Ropa Formal,1170.06,332.47,0,574,112
2022-05-23,Norte,Deportivo,613.97,201.67,0,331,59
2022-05-23,Norte,Accesorios,649.845,136.32,5,316,73
2022-05-23,Sur,Ropa Casual,664.587,109.2,10,306,64
2022-05-23,Sur,Ropa Formal,708.9390000000001,193.53,10,309,71
2022-05-23,Sur,Deportivo,497.31,134.03,0,254,56
2022-05-23,Sur,Accesorios,529.24,108.73812440864533,0,282,43
2022-05-23,Este,Ropa Casual,921.03,170.82,0,467,91
2022-05-23,Este,Ropa Formal,1168.82,242.11,0,583,122
2022-05-23,Este,Deportivo,866.1975000000001,202.38,5,406,79
2022-05-23,Este,Accesorios,455.45199664142626,111.29,5,211,48
2022-05-23,Oeste,Ropa Casual,885.87,210.26,0,473,97
2022-05-23,Oeste,Ropa Formal,1190.59,268.9257038757575,0,566,110
2022-05-23,Oeste,Deportivo,765.114,204.73,5,362,68
2022-05-23,Oeste,Accesorios,512.0391704158303,149.63,0,268,55
2022-05-23,Centro,Ropa Casual,1542.45274098342,395.0527325767283,10,728,146
2022-05-23,Centro,Ropa Formal,1786.43,401.6,0,864,179
2022-05-23,Centro,Deportivo,1213.61,318.12,0,620,119
2022-05-23,Centro,Accesorios,956.99,177.806374085883,0,468,88
2022-05-24,Norte,Ropa Casual,872.2537068115,254.29548350077616,10,448,83
2022-05-24,Norte,Ropa Formal,1456.224,283.54,10,661,125
2022-05-24,Norte,Deportivo,800.9223605613433,180.15,5,388,75
2022-05-24,Norte,Accesorios,559.55,131.81,0,270,51
2022-05-24,Sur,Ropa Casual,648.13,169.28,0,332,64
2022-05-24,Sur,Ropa Formal,761.46,202.87,5,399,70
2022-05-24,Sur,Deportivo,529.54,64.79,0,221,49
2022-05-24,Sur,Accesorios,388.85699999999997,117.87,5,186,39
2022-05-24,Este,Ropa Casual,840.04,192.54,0,422,84
2022-05-24,Este,Ropa Formal,1079.0677881037243,254.02,5,540,109
2022-05-24,Este,Deportivo,777.766,181.75,10,350,64
2022-05-24,Este,Accesorios,644.3580000000001,140.73,10,296,61
2022-05-24,Oeste,Ropa Casual,975.17,240.95264895388866,0,494,100
2022-05-24,Oeste,Ropa Formal,802.6236814412989,265.2382630395743,0,461,89
2022-05-24,Oeste,Deportivo,718.34,162.7,0,374,77
2022-05-24,Oeste,Accesorios,656.44,140.57,0,343,61
2022-05-24,Centro,Ropa Casual,1702.4810000000002,397.14,10,770,152
2022-05-24,Centro,Ropa Formal,1930.885,457.16,10,869,176
2022-05-24,Centro,Deportivo,1235.577,314.8,5,564,119
2022-05-24,Centro,Accesorios,926.0895,260.2,5,433,91
2022-05-25,Norte,Ropa Casual,1351.8225000000002,261.53,5,644,115
2022-05-25,Norte,Ropa Formal,1313.76,270.95,20,551,102
2022-05-25,Norte,Deportivo,869.2679999999999,214.75,20,372,71
2022-05-25,Norte,Accesorios,718.56,138.82,20,286,58
2022-05-25,Sur,Ropa Casual,762.864,176.8224434886969,20,330,73
2022-05-25,Sur,Ropa Formal,947.6940000000001,138.52,10,421,88
2022-05-25,Sur,Deportivo,600.8399999999999,78.05,20,231,56
2022-05-25,Sur,Accesorios,339.95019831800084,91.3,20,165,28
2022-05-25,Este,Ropa Casual,970.0020000000002,235.88,10,443,85
2022-05-25,Este,Ropa Formal,1326.347,267.55,10,579,129
2022-05-25,Este,Deportivo,705.4425000000001,173.59,5,317,73
2022-05-25,Este,Accesorios,712.704,146.81,20,308,62
2022-05-25,Oeste,Ropa Casual,1518.205,228.71,30,602,126
2022-05-25,Oeste,Ropa Formal,1082.642,241.8446234204966,10,515,91
2022-05-25,Oeste,Deportivo,721.1003826128027,180.28,5,373,72
2022-05-25,Oeste,Accesorios,536.5250000000001,103.36,10,242,47
2022-05-25,Centro,Ropa Casual,1562.328,436.79,20,643,128
2022-05-25,Centro,Ropa Formal,1653.7975296782201,452.26,5,859,168
2022-05-25,Centro,Deportivo,1175.8215,306.140349920729,5,596,114
2022-05-25,Centro,Accesorios,810.7788864103995,216.65,10,409,76
2022-05-26,Norte,Ropa Casual,1199.0,280.88,10,524,104
2022-05-26,Norte,Ropa Formal,1457.027,336.68,10,651,132
2022-05-26,Norte,Deportivo,1058.631,193.99,5,500,112
2022-05-26,Norte,Accesorios,677.7098547304794,129.88,20,289,63
2022-05-26,Sur,Ropa Casual,790.824,174.72,20,327,59
2022-05-26,Sur,Ropa Formal,1198.848,184.9,20,468,96
2022-05-26,Sur,Deportivo,560.7690000000001,102.74,10,262,47
2022-05-26,Sur,Accesorios,408.798,108.05,30,183,36
2022-05-26,Este,Ropa Casual,1160.1765,282.15,5,556,111
2022-05-26,Este,Ropa Formal,1249.8200000000002,253.9,10,576,112
2022-05-26,Este,Deportivo,806.729,201.27,10,354,75
2022-05-26,Este,Accesorios,595.4865,104.4,5,289,51
2022-05-26,Oeste,Ropa Casual,1059.289,230.12,10,470,89
2022-05-26,Oeste,Ropa Formal,982.023,268.46,5,467,96
2022-05-26,Oeste,Deportivo,968.832,203.5,20,395,72
2022-05-26,Oeste,Accesorios,587.3595,144.34,5,267,52
2022-05-26,Centro,Ropa Casual,1830.54,380.95,20,752,149
2022-05-26,Centro,Ropa Formal,2242.578,465.54,30,859,161
2022-05-26,Centro,Deportivo,1342.9319999999998,307.14,20,583,114
2022-05-26,Centro,Accesorios,981.4665000000001,230.67,5,445,89
2022-05-27,Norte,Ropa Casual,1438.567,220.38206254355975,30,555,114
2022-05-27,Norte,Ropa Formal,1263.9599999999998,347.6,20,547,101
2022-05-27,Norte,Deportivo,821.5079781184888,191.25,5,443,98
2022-05-27,Norte,Accesorios,618.805,109.73,10,291,54
2022-05-27,Sur,Ropa Casual,619.2260367562108,156.86,10,315,66
2022-05-27,Sur,Ropa Formal,1059.192,179.14,20,428,81
2022-05-27,Sur,Deportivo,604.6700000000001,114.25,10,281,56
2022-05-27,Sur,Accesorios,662.272,58.0,30,249,50
2022-05-27,Este,Ropa Casual,1104.828,178.36,20,450,93
2022-05-27,Este,Ropa Formal,1199.8784560077622,308.7,10,627,121
2022-05-27,Este,Deportivo,844.053,206.71,5,397,82
2022-05-27,Este,Accesorios,613.4205000000001,138.73,5,296,62
2022-05-27,Oeste,Ropa Casual,1079.067,224.06,10,531,93
2022-05-27,Oeste,Ropa Formal,1066.9575,241.90899271190128,5,498,92
2022-05-27,Oeste,Deportivo,787.3245716828138,184.28,20,342,70
2022-05-27,Oeste,Accesorios,567.945,104.710445889323,5,265,67
2022-05-27,Centro,Ropa Casual,1556.588,404.69,10,718,137
2022-05-27,Centro,Ropa Formal,2299.788,409.16,20,930,191
2022-05-27,Centro,Deportivo,1416.264,329.67,20,566,112
2022-05-27,Centro,Accesorios,1011.684,239.79,20,417,84
2022-05-28,Norte,Ropa Casual,1266.7365,229.63,15,516,113
2022-05-28,Norte,Ropa Formal,1351.04,304.0,0,691,123
2022-05-28,Norte,Deportivo,816.79,222.89,0,407,89
2022-05-28,Norte,Accesorios,607.464,156.85,10,263,53
2022-05-28,Sur,Ropa Casual,696.0994540273389,128.17,0,402,79
2022-05-28,Sur,Ropa Formal,923.791,187.48,10,405,81
2022-05-28,Sur,Deportivo,509.3886147101483,120.69,20,253,45
2022-05-28,Sur,Accesorios,519.3285,98.26,15,221,47
2022-05-28,Este,Ropa Casual,1326.252,166.79002964262233,20,554,114
2022-05-28,Este,Ropa Formal,971.11,231.83,0,496,92
2022-05-28,Este,Deportivo,862.27,181.15,0,402,83
2022-05-28,Este,Accesorios,474.045,174.07,10,238,38
2022-05-28,Oeste,Ropa Casual,851.466,214.2,10,380,77
2022-05-28,Oeste,Ropa Formal,1023.55,233.52,0,495,97
2022-05-28,Oeste,Deportivo,777.51,165.43,0,362,73
2022-05-28,Oeste,Accesorios,608.091,128.01212937782256,10,259,61
2022-05-28,Centro,Ropa Casual,1601.6164999999999,383.64,15,698,134
2022-05-28,Centro,Ropa Formal,1795.9,431.17,0,924,184
2022-05-28,Centro,Deportivo,1265.7480000000003,273.58,10,602,111
2022-05-28,Centro,Accesorios,1083.5185,238.99,15,504,94
2022-05-29,Norte,Ropa Casual,1024.73,208.56,0,511,104
2022-05-29,Norte,Ropa Formal,1160.6860104147931,352.09,0,675,137
2022-05-29,Norte,Deportivo,832.4849999999999,210.20251888856015,15,353,72
2022-05-29,Norte,Accesorios,696.7620000000001,155.21,10,343,54
2022-05-29,Sur,Ropa Casual,785.697,115.63,10,348,65
2022-05-29,Sur,Ropa Formal,981.101,162.78,10,430,95
2022-05-29,Sur,Deportivo,647.647,154.98,10,286,57
2022-05-29,Sur,Accesorios,438.32800000000003,84.97,10,247,36
2022-05-29,Este,Ropa Casual,1126.3445,229.71560979724052,15,436,102
2022-05-29,Este,Ropa Formal,1328.1290000000001,275.06,10,571,126
2022-05-29,Este,Deportivo,920.0677602542872,208.42,15,411,89
2022-05-29,Este,Accesorios,453.73,145.52,0,225,44
2022-05-29,Oeste,Ropa Casual,1017.29,205.65988603800025,15,444,93
2022-05-29,Oeste,Ropa Formal,1167.3860000000002,226.29,10,533,111
2022-05-29,Oeste,Deportivo,959.6634999999999,201.15,15,428,86
2022-05-29,Oeste,Accesorios,710.1,110.14,20,315,61
2022-05-29,Centro,Ropa Casual,1538.47,373.41,0,771,150
2022-05-29,Centro,Ropa Formal,2218.044,481.9420803600086,20,910,186
2022-05-29,Centro,Deportivo,1392.6119999999999,321.18,20,579,105
2022-05-29,Centro,Accesorios,934.4170000000001,231.59,10,432,82
2022-05-30,Norte,Ropa Casual,1202.796,234.18,20,508,106
2022-05-30,Norte,Ropa Formal,1443.4199999999998,316.02,20,587,114
2022-05-30,Norte,Deportivo,962.2470000000001,239.73,10,431,83
2022-05-30,Norte,Accesorios,668.316,140.6,10,327,51
2022-05-30,Sur,Ropa Casual,940.016,199.36,10,453,85
2022-05-30,Sur,Ropa Formal,1413.035,98.77007985397543,30,554,104
2022-05-30,Sur,Deportivo,709.7310000000001,118.18,10,302,61
2022-05-30,Sur,Accesorios,452.088,102.42,5,222,36
2022-05-30,Este,Ropa Casual,1258.2,218.34,20,544,102
2022-05-30,Este,Ropa Formal,1121.8778223810843,239.05,10,555,115
2022-05-30,Este,Deportivo,916.1460000000001,197.58,5,446,99
2022-05-30,Este,Accesorios,537.4005000000001,136.28,5,260,50
2022-05-30,Oeste,Ropa Casual,912.6590000000001,158.78,10,395,87
2022-05-30,Oeste,Ropa Formal,1298.052,237.91,20,546,110
2022-05-30,Oeste,Deportivo,749.664,138.36,20,304,64
2022-05-30,Oeste,Accesorios,476.9288909363812,143.76,5,232,61
2022-05-30,Centro,Ropa Casual,1555.7160000000001,426.14,20,662,132
2022-05-30,Centro,Ropa Formal,2084.0085,470.58,5,993,197
2022-05-30,Centro,Deportivo,1463.676,288.37,20,599,121
2022-05-30,Centro,Accesorios,1203.0720000000001,236.33,30,520,95
2022-05-31,Norte,Ropa Casual,1304.7359999999999,258.54,20,557,114
2022-05-31,Norte,Ropa Formal,1352.673,308.2,5,626,142
2022-05-31,Norte,Deportivo,854.9100000000001,204.11,5,416,78
2022-05-31,Norte,Accesorios,615.8270458994754,163.09,20,227,47
2022-05-31,Sur,Ropa Casual,714.672,161.04,5,321,61
2022-05-31,Sur,Ropa Formal,1052.7195000000002,165.48,5,482,103
2022-05-31,Sur,Deportivo,785.232,93.5929497024264,20,301,58
2022-05-31,Sur,Accesorios,483.516,115.06,10,231,45
2022-05-31,Este,Ropa Casual,1324.4660000000001,186.99,30,502,104
2022-05-31,Este,Ropa Formal,1358.892,274.29,20,585,116
2022-05-31,Este,Deportivo,799.9635000000001,184.85,5,396,78
2022-05-31,Este,Accesorios,628.5719999999999,122.8,20,240,44
2022-05-31,Oeste,Ropa Casual,1032.3690000000001,201.33,30,384,83
2022-05-31,Oeste,Ropa Formal,1076.5171758724819,231.26,10,538,107
2022-05-31,Oeste,Deportivo,860.7953471940306,193.57,20,417,81
2022-05-31,Oeste,Accesorios,656.532,138.26,20,254,52
2022-05-31,Centro,Ropa Casual,1703.328,357.28,20,697,144
2022-05-31,Centro,Ropa Formal,1897.707,462.81,5,885,177
2022-05-31,Centro,Deportivo,1369.2105000000001,308.96,5,651,136
2022-05-31,Centro,Accesorios,1068.903,243.3,10,452,98
2022-06-01,Norte,Ropa Casual,972.0810000000001,170.82690377500248,10,477,85
2022-06-01,Norte,Ropa Formal,1204.99,324.4,0,599,123
2022-06-01,Norte,Deportivo,755.2545,220.9,5,357,73
2022-06-01,Norte,Accesorios,625.968,148.05,5,314,52
2022-06-01,Sur,Ropa Casual,745.37,144.02,0,329,74
2022-06-01,Sur,Ropa Formal,855.1305,152.7,5,394,85
2022-06-01,Sur,Deportivo,503.47,145.64,0,268,51
2022-06-01,Sur,Accesorios,411.0989994093641,102.9,5,232,41
2022-06-01,Este,Ropa Casual,988.49,280.42,0,511,107
2022-06-01,Este,Ropa Formal,1227.54,302.92,0,589,125
2022-06-01,Este,Deportivo,834.42,203.97,0,429,82
2022-06-01,Este,Accesorios,614.18,103.66,0,277,66
2022-06-01,Oeste,Ropa Casual,907.263,212.81,5,444,88
2022-06-01,Oeste,Ropa Formal,1249.26,285.23,0,590,124
2022-06-01,Oeste,Deportivo,765.219,168.93,5,361,74
2022-06-01,Oeste,Accesorios,563.7764999999999,167.6,5,274,52
2022-06-01,Centro,Ropa Casual,1677.632,374.04,10,758,163
2022-06-01,Centro,Ropa Formal,2004.76,417.34,0,1019,207
2022-06-01,Centro,Deportivo,1321.173,314.05,5,645,137
2022-06-01,Centro,Accesorios,961.42,245.37,0,463,98
2022-06-02,Norte,Ropa Casual,1074.06,228.2718985471638,0,534,106
2022-06-02,Norte,Ropa Formal,1044.34,282.9,0,533,106
2022-06-02,Norte,Deportivo,826.0,176.49140141861562,0,420,81
2022-06-02,Norte,Accesorios,519.81,160.63,0,261,48
2022-06-02,Sur,Ropa Casual,856.13,167.0,0,478,85
2022-06-02,Sur,Ropa Formal,889.4025,127.67,5,427,85
2022-06-02,Sur,Deportivo,552.56,125.84,0,295,51
2022-06-02,Sur,Accesorios,323.988,93.22,5,149,34
2022-06-02,Este,Ropa Casual,986.8208739219027,276.82,0,509,104
2022-06-02,Este,Ropa Formal,1104.747,304.29,5,535,112
2022-06-02,Este,Deportivo,901.047,192.12,5,417,78
2022-06-02,Este,Accesorios,566.3460000000001,148.99,10,245,49
2022-06-02,Oeste,Ropa Casual,934.96,190.41,0,450,89
2022-06-02,Oeste,Ropa Formal,1306.46,338.99,0,632,129
2022-06-02,Oeste,Deportivo,892.6170000000001,139.84,10,423,77
2022-06-02,Oeste,Accesorios,540.97,144.76,0,289,53
2022-06-02,Centro,Ropa Casual,1594.404,381.81,5,757,164
2022-06-02,Centro,Ropa Formal,2180.5035000000003,503.01,5,1043,196
2022-06-02,Centro,Deportivo,1185.2,304.42,0,597,121
2022-06-02,Centro,Accesorios,962.5934804468263,232.94,10,505,85
2022-06-03,Norte,Ropa Casual,978.83,270.66,0,502,102
2022-06-03,Norte,Ropa Formal,1183.99,315.52,0,551,124
2022-06-03,Norte,Deportivo,726.35,252.33,0,357,69
2022-06-03,Norte,Accesorios,555.23,151.96,0,334,53
2022-06-03,Sur,Ropa Casual,626.9445000000001,116.33,5,290,63
2022-06-03,Sur,Ropa Formal,1037.2340000000002,165.1,10,492,91
2022-06-03,Sur,Deportivo,427.4235,108.05764904236713,5,169,39
2022-06-03,Sur,Accesorios,368.14050000000003,99.21,5,170,37
2022-06-03,Este,Ropa Casual,1096.5884999999998,205.76,5,544,102
2022-06-03,Este,Ropa Formal,1105.76,297.22,0,587,110
2022-06-03,Este,Deportivo,724.66,160.48183908496225,0,371,68
2022-06-03,Este,Accesorios,549.8745000000001,134.73,5,296,45
2022-06-03,Oeste,Ropa Casual,971.7435,237.31,5,484,87
2022-06-03,Oeste,Ropa Formal,1134.969,227.31,10,506,99
2022-06-03,Oeste,Deportivo,801.8850000000001,175.8,5,388,73
2022-06-03,Oeste,Accesorios,538.2640642910046,130.55,5,330,63
2022-06-03,Centro,Ropa Casual,1654.9,415.69,0,819,161
2022-06-03,Centro,Ropa Formal,1452.6304828732734,461.31,0,819,160
2022-06-03,Centro,Deportivo,1164.49,268.72,0,582,114
2022-06-03,Centro,Accesorios,862.9425000000001,251.59,5,408,80
2022-06-04,Norte,Ropa Casual,1115.818,307.36,10,498,96
2022-06-04,Norte,Ropa Formal,1315.7870000000003,313.93,10,635,112
2022-06-04,Norte,Deportivo,823.3425,175.45229714308272,15,366,67
2022-06-04,Norte,Accesorios,602.47,161.88,0,301,66
2022-06-04,Sur,Ropa Casual,771.573,162.92,10,328,72
2022-06-04,Sur,Ropa Formal,991.7495932093277,120.46,10,524,101
2022-06-04,Sur,Deportivo,575.63,110.16,0,273,53
2022-06-04,Sur,Accesorios,340.98,121.36,0,208,31
2022-06-04,Este,Ropa Casual,1027.962,232.25,15,438,99
2022-06-04,Este,Ropa Formal,1164.29,249.3,0,586,118
2022-06-04,Este,Deportivo,814.64,198.57,0,443,81
2022-06-04,Este,Accesorios,602.98,143.73,0,325,57
2022-06-04,Oeste,Ropa Casual,937.11,265.33,0,466,95
2022-06-04,Oeste,Ropa Formal,1050.99,314.43,0,548,107
2022-06-04,Oeste,Deportivo,744.61,200.18,0,359,79
2022-06-04,Oeste,Accesorios,493.63,150.34,0,246,46
2022-06-04,Centro,Ropa Casual,1334.2864564274328,356.09092005077224,0,758,145
2022-06-04,Centro,Ropa Formal,1839.284860068597,498.22,10,918,176
2022-06-04,Centro,Deportivo,1379.3780000000002,323.91,10,578,121
2022-06-04,Centro,Accesorios,966.823,227.10405568882146,10,463,89
2022-06-05,Norte,Ropa Casual,1091.26,188.22,0,554,111
2022-06-05,Norte,Ropa Formal,1080.141610000327,301.23,10,558,103
2022-06-05,Norte,Deportivo,808.98,183.89,0,446,86
2022-06-05,Norte,Accesorios,455.6966071542096,145.87,0,266,51
2022-06-05,Sur,Ropa Casual,880.14,147.8010886782373,20,403,71
2022-06-05,Sur,Ropa Formal,998.4040000000001,175.33,10,485,93
2022-06-05,Sur,Deportivo,528.869,150.52,10,221,48
2022-06-05,Sur,Accesorios,335.92,76.45,0,162,27
2022-06-05,Este,Ropa Casual,971.2094999999999,154.86331950663813,15,420,95
2022-06-05,Este,Ropa Formal,1275.0650000000003,279.16,10,574,111
2022-06-05,Este,Deportivo,700.61,168.57397857583814,0,346,64
2022-06-05,Este,Accesorios,788.028,113.09,20,313,69
2022-06-05,Oeste,Ropa Casual,951.12,155.94,0,468,96
2022-06-05,Oeste,Ropa Formal,1184.4,201.79,0,603,119
2022-06-05,Oeste,Deportivo,897.4460000000001,188.84,10,379,75
2022-06-05,Oeste,Accesorios,626.516,169.18,10,290,53
2022-06-05,Centro,Ropa Casual,1657.495,411.32,15,720,144
2022-06-05,Centro,Ropa Formal,2152.194,466.14,10,967,198
2022-06-05,Centro,Deportivo,1188.54,333.18,0,594,110
2022-06-05,Centro,Accesorios,1078.668,265.86,20,448,86
2022-06-06,Norte,Ropa Casual,1109.7,224.14,0,565,111
2022-06-06,Norte,Ropa Formal,970.46,229.99,0,458,86
2022-06-06,Norte,Deportivo,813.4,201.87,0,388,77
2022-06-06,Norte,Accesorios,661.155,151.63,10,319,60
2022-06-06,Sur,Ropa Casual,588.1,139.13,0,282,58
2022-06-06,Sur,Ropa Formal,943.1835,205.05,5,451,94
2022-06-06,Sur,Deportivo,758.07,76.27,0,438,80
2022-06-06,Sur,Accesorios,367.53,112.94,0,210,39
2022-06-06,Este,Ropa Casual,991.85,268.79,0,509,103
2022-06-06,Este,Ropa Formal,1136.685,281.95,10,514,92
2022-06-06,Este,Deportivo,755.45,163.37,0,413,83
2022-06-06,Este,Accesorios,610.63,144.84,0,304,59
2022-06-06,Oeste,Ropa Casual,1039.3,236.62,0,516,99
2022-06-06,Oeste,Ropa Formal,928.53,232.36,0,462,88
2022-06-06,Oeste,Deportivo,734.56,179.14,0,349,66
2022-06-06,Oeste,Accesorios,643.27,129.17,0,313,61
2022-06-06,Centro,Ropa Casual,1543.81,378.65,0,808,151
2022-06-06,Centro,Ropa Formal,2037.7350000000001,467.61,5,957,192
2022-06-06,Centro,Deportivo,1204.46,335.4,0,637,118
2022-06-06,Centro,Accesorios,902.2750836266827,233.7,0,504,94
2022-06-07,Norte,Ropa Casual,1011.79,247.45,0,513,97
2022-06-07,Norte,Ropa Formal,1411.9455,336.96,5,676,131
2022-06-07,Norte,Deportivo,896.5740000000001,162.68,5,445,82
2022-06-07,Norte,Accesorios,636.82,145.37,0,287,70
2022-06-07,Sur,Ropa Casual,571.53,110.95,0,294,60
2022-06-07,Sur,Ropa Formal,640.5840000000001,167.54,5,302,66
2022-06-07,Sur,Deportivo,469.42,156.09,0,258,41
2022-06-07,Sur,Accesorios,443.02,98.7,0,185,43
2022-06-07,Este,Ropa Casual,824.56,248.37,0,431,86
2022-06-07,Este,Ropa Formal,1072.05,239.9227402914136,0,526,107
2022-06-07,Este,Deportivo,742.39,121.83,0,337,78
2022-06-07,Este,Accesorios,688.6023243556889,177.94,10,352,60
2022-06-07,Oeste,Ropa Casual,803.25,162.79,0,381,83
2022-06-07,Oeste,Ropa Formal,811.76,219.66,0,378,77
2022-06-07,Oeste,Deportivo,693.51,173.61,0,357,71
2022-06-07,Oeste,Accesorios,638.3895,156.74,5,305,55
2022-06-07,Centro,Ropa Casual,1557.97,382.33,0,789,158
2022-06-07,Centro,Ropa Formal,1800.6,354.74,0,940,181
2022-06-07,Centro,Deportivo,1380.3195,350.98,5,671,129
2022-06-07,Centro,Accesorios,860.9103506440706,231.6099060871501,0,500,98
2022-06-08,Norte,Ropa Casual,1116.44,232.13,0,541,113
2022-06-08,Norte,Ropa Formal,1334.13,346.76,0,676,134
2022-06-08,Norte,Deportivo,840.5250000000001,188.3353510370795,5,360,77
2022-06-08,Norte,Accesorios,616.74,170.04,0,313,68
2022-06-08,Sur,Ropa Casual,626.02,152.77591534251445,0,302,59
2022-06-08,Sur,Ropa Formal,922.43,227.99,0,451,90
2022-06-08,Sur,Deportivo,402.85,91.08,0,206,41
2022-06-08,Sur,Accesorios,410.96999999999997,81.72,5,192,39
2022-06-08,Este,Ropa Casual,961.5795,242.61,5,446,86
2022-06-08,Este,Ropa Formal,1236.015,245.6,10,590,122
2022-06-08,Este,Deportivo,798.97,187.28,0,353,80
2022-06-08,Este,Accesorios,520.044,123.13,5,278,37
2022-06-08,Oeste,Ropa Casual,931.73,232.26,0,471,95
2022-06-08,Oeste,Ropa Formal,1219.6580000000001,267.0957768772526,10,596,113
2022-06-08,Oeste,Deportivo,795.8055,157.7,5,381,61
2022-06-08,Oeste,Accesorios,529.0249974415675,129.99,0,295,65
2022-06-08,Centro,Ropa Casual,1619.982,392.28,5,797,156
2022-06-08,Centro,Ropa Formal,1968.85,503.52,0,1014,199
2022-06-08,Centro,Deportivo,1207.05,316.14,0,625,127
2022-06-08,Centro,Accesorios,849.639,201.15,5,393,76
2022-06-09,Norte,Ropa Casual,995.54,231.19,0,479,95
2022-06-09,Norte,Ropa Formal,1127.29,264.43,0,549,112
2022-06-09,Norte,Deportivo,902.29,180.87770884719268,0,448,91
2022-06-09,Norte,Accesorios,614.6,127.56154433798969,0,319,65
2022-06-09,Sur,Ropa Casual,895.8864594318064,113.09,5,454,91
2022-06-09,Sur,Ropa Formal,727.54,173.91,0,398,84
2022-06-09,Sur,Deportivo,416.53,86.2,0,198,34
2022-06-09,Sur,Accesorios,378.43050000000005,87.73,5,159,43
2022-06-09,Este,Ropa Casual,901.58,212.7,0,445,84
2022-06-09,Este,Ropa Formal,1299.958,258.64,10,610,121
2022-06-09,Este,Deportivo,814.75,151.08,0,409,82
2022-06-09,Este,Accesorios,626.92,112.1772836922676,0,329,61
2022-06-09,Oeste,Ropa Casual,925.3944279878823,168.63834786724283,0,535,98
2022-06-09,Oeste,Ropa Formal,1157.646,198.86,5,579,109
2022-06-09,Oeste,Deportivo,702.81,209.59,0,350,63
2022-06-09,Oeste,Accesorios,564.26,145.2,0,267,58
2022-06-09,Centro,Ropa Casual,1643.8290000000002,366.76,10,754,153
2022-06-09,Centro,Ropa Formal,1970.4,397.3,0,968,205
2022-06-09,Centro,Deportivo,1266.7305000000001,307.1,5,591,122
2022-06-09,Centro,Accesorios,910.5877337952428,245.14,5,453,98
2022-06-10,Norte,Ropa Casual,994.1,264.33,0,469,106
2022-06-10,Norte,Ropa Formal,1208.61,330.99,0,604,123
2022-06-10,Norte,Deportivo,651.147,212.12,5,326,61
2022-06-10,Norte,Accesorios,579.6,135.68,5,269,62
2022-06-10,Sur,Ropa Casual,648.66,163.19,0,291,60
2022-06-10,Sur,Ropa Formal,743.47,141.66,0,392,80
2022-06-10,Sur,Deportivo,393.79,108.75,0,199,42
2022-06-10,Sur,Accesorios,357.7,104.94,0,177,31
2022-06-10,Este,Ropa Casual,989.3842643142606,247.5,5,524,107
2022-06-10,Este,Ropa Formal,1190.02,236.18,0,569,115
2022-06-10,Este,Deportivo,623.83,174.95,0,317,67
2022-06-10,Este,Accesorios,540.3615,97.98,5,237,43
2022-06-10,Oeste,Ropa Casual,902.076,238.46,5,429,71
2022-06-10,Oeste,Ropa Formal,1076.11,253.0264888987979,0,570,104
2022-06-10,Oeste,Deportivo,818.36,176.28,0,392,78
2022-06-10,Oeste,Accesorios,543.3,161.77,0,259,60
2022-06-10,Centro,Ropa Casual,1607.3090000000002,378.08,10,744,139
2022-06-10,Centro,Ropa Formal,1742.25,538.36,0,875,174
2022-06-10,Centro,Deportivo,1244.4180000000001,324.1,5,592,114
2022-06-10,Centro,Accesorios,1013.65,239.87,0,514,105
2022-06-11,Norte,Ropa Casual,1136.3990000000001,220.81,10,507,107
2022-06-11,Norte,Ropa Formal,1655.4364999999998,204.08,15,748,132
2022-06-11,Norte,Deportivo,1021.5700000000002,191.36,10,458,94
2022-06-11,Norte,Accesorios,538.82,148.15,0,239,56
2022-06-11,Sur,Ropa Casual,686.09,159.67,0,347,72
2022-06-11,Sur,Ropa Formal,903.782,143.76,10,426,87
2022-06-11,Sur,Deportivo,556.49,68.04,10,234,49
2022-06-11,Sur,Accesorios,470.69,103.15,10,185,44
2022-06-11,Este,Ropa Casual,1216.391,231.69,10,496,103
2022-06-11,Este,Ropa Formal,1404.7134999999998,299.72,15,623,115
2022-06-11,Este,Deportivo,894.2284999999999,215.46,15,383,79
2022-06-11,Este,Accesorios,614.35,106.28,0,302,54
2022-06-11,Oeste,Ropa Casual,1028.08,202.31,0,536,98
2022-06-11,Oeste,Ropa Formal,1164.9844999999998,243.67,15,503,99
2022-06-11,Oeste,Deportivo,824.5820000000001,212.41,10,383,72
2022-06-11,Oeste,Accesorios,655.42,139.77,0,352,63
2022-06-11,Centro,Ropa Casual,1603.0335464693292,401.7,15,760,148
2022-06-11,Centro,Ropa Formal,1737.26,453.2,0,850,173
2022-06-11,Centro,Deportivo,1394.536,310.33,10,638,123
2022-06-11,Centro,Accesorios,1013.1880000000001,248.34,10,457,96
2022-06-12,Norte,Ropa Casual,1135.884,311.86,20,493,94
2022-06-12,Norte,Ropa Formal,1469.29,308.02,0,739,150
2022-06-12,Norte,Deportivo,866.824,211.3,15,385,65
2022-06-12,Norte,Accesorios,579.6383808944536,139.98,10,269,59
2022-06-12,Sur,Ropa Casual,685.6415,132.34,15,289,70
2022-06-12,Sur,Ropa Formal,841.41,207.31,0,399,87
2022-06-12,Sur,Deportivo,559.5,64.3600957916371,0,281,55
2022-06-12,Sur,Accesorios,434.08,81.33519749636093,0,203,47
2022-06-12,Este,Ropa Casual,1104.483,237.92,15,428,88
2022-06-12,Este,Ropa Formal,1014.0350000000001,281.8,10,471,83
2022-06-12,Este,Deportivo,784.82,160.55,0,386,76
2022-06-12,Este,Accesorios,523.16,115.52,0,268,61
2022-06-12,Oeste,Ropa Casual,836.68,223.94,0,414,91
2022-06-12,Oeste,Ropa Formal,1507.088,193.35,10,697,140
2022-06-12,Oeste,Deportivo,905.9710000000001,162.3,10,430,84
2022-06-12,Oeste,Accesorios,721.798,129.35,10,355,63
2022-06-12,Centro,Ropa Casual,1560.94,369.3,0,786,150
2022-06-12,Centro,Ropa Formal,2063.8199999999997,444.1,20,879,162
2022-06-12,Centro,Deportivo,1294.0510000000002,318.61,10,540,118
2022-06-12,Centro,Accesorios,1052.388,212.89683351449952,15,447,88
2022-06-13,Norte,Ropa Casual,1092.3675,248.99,5,519,107
2022-06-13,Norte,Ropa Formal,1374.89,301.77,0,674,139
2022-06-13,Norte,Deportivo,861.52,216.38,0,440,75
2022-06-13,Norte,Accesorios,680.84,151.69,0,349,77
2022-06-13,Sur,Ropa Casual,603.1,189.99,0,294,48
2022-06-13,Sur,Ropa Formal,839.02,204.31,0,402,87
2022-06-13,Sur,Deportivo,512.33,161.32,0,245,42
2022-06-13,Sur,Accesorios,374.64,90.76989649367763,0,191,33
2022-06-13,Este,Ropa Casual,1070.4750000000001,224.64,5,498,104
2022-06-13,Este,Ropa Formal,1141.96,208.56,0,577,116
2022-06-13,Este,Deportivo,788.4555,164.48,5,386,71
2022-06-13,Este,Accesorios,591.92,147.62,0,286,57
2022-06-13,Oeste,Ropa Casual,671.8405715123707,192.07,5,355,63
2022-06-13,Oeste,Ropa Formal,1035.9405000000002,302.56,5,469,97
2022-06-13,Oeste,Deportivo,695.94,155.62,0,360,70
2022-06-13,Oeste,Accesorios,567.9975000000001,144.64,5,269,54
2022-06-13,Centro,Ropa Casual,1435.5113978816169,435.14,5,757,149
2022-06-13,Centro,Ropa Formal,2009.49,480.36,5,954,192
2022-06-13,Centro,Deportivo,1207.9652065423154,320.04,0,649,137
2022-06-13,Centro,Accesorios,950.8065,227.63,5,468,88
2022-06-14,Norte,Ropa Casual,889.1,260.74,0,451,82
2022-06-14,Norte,Ropa Formal,1292.74,323.5,0,666,131
2022-06-14,Norte,Deportivo,958.88,232.51107616681583,0,457,94
2022-06-14,Norte,Accesorios,639.3345,141.31,5,310,57
2022-06-14,Sur,Ropa Casual,684.9045,116.23,5,299,57
2022-06-14,Sur,Ropa Formal,805.5600000000001,214.08,5,380,77
2022-06-14,Sur,Deportivo,650.85,126.87,0,365,71
2022-06-14,Sur,Accesorios,344.92,81.17,0,167,40
2022-06-14,Este,Ropa Casual,894.73,235.29,0,432,88
2022-06-14,Este,Ropa Formal,1153.7,257.08,0,575,120
2022-06-14,Este,Deportivo,847.02,162.85,0,441,89
2022-06-14,Este,Accesorios,638.3370000000001,143.69,5,310,61
2022-06-14,Oeste,Ropa Casual,938.931,206.31,5,418,79
2022-06-14,Oeste,Ropa Formal,1017.96,238.2,0,514,95
2022-06-14,Oeste,Deportivo,828.61,197.75,0,409,85
2022-06-14,Oeste,Accesorios,588.04,133.08,0,285,60
2022-06-14,Centro,Ropa Casual,1521.95,405.8,0,763,147
2022-06-14,Centro,Ropa Formal,1993.2045,491.99,5,929,186
2022-06-14,Centro,Deportivo,1168.01,326.13,0,597,122
2022-06-14,Centro,Accesorios,1001.469,241.24,5,443,92
2022-06-15,Norte,Ropa Casual,893.85,227.47,0,461,86
2022-06-15,Norte,Ropa Formal,1319.9064615434734,328.5408633295628,10,667,123
2022-06-15,Norte,Deportivo,712.11,198.8,0,352,74
2022-06-15,Norte,Accesorios,563.51,131.57,0,326,62
2022-06-15,Sur,Ropa Casual,489.95,95.12,0,231,37
2022-06-15,Sur,Ropa Formal,739.8405,192.88,5,328,75
2022-06-15,Sur,Deportivo,602.4,111.07381012532998,0,302,67
2022-06-15,Sur,Accesorios,504.06,109.35,0,260,58
2022-06-15,Este,Ropa Casual,901.0424474419295,136.15,5,472,91
2022-06-15,Este,Ropa Formal,1281.24,230.24,0,663,129
2022-06-15,Este,Deportivo,686.52,166.44059634642542,0,330,69
2022-06-15,Este,Accesorios,558.79,122.73,0,277,48
2022-06-15,Oeste,Ropa Casual,842.36,199.3,0,412,83
2022-06-15,Oeste,Ropa Formal,1217.98,327.07,0,619,122
2022-06-15,Oeste,Deportivo,750.66,190.9,0,366,74
2022-06-15,Oeste,Accesorios,610.2,129.39,0,281,61
2022-06-15,Centro,Ropa Casual,1423.93,340.9917234098424,0,694,146
2022-06-15,Centro,Ropa Formal,1471.0219076217209,488.73,0,806,154
2022-06-15,Centro,Deportivo,1283.98,296.61369479283417,0,640,121
2022-06-15,Centro,Accesorios,861.16,265.87,0,439,83
2022-06-16,Norte,Ropa Casual,1042.8705,272.88,5,492,97
2022-06-16,Norte,Ropa Formal,999.789,278.65,5,459,95
2022-06-16,Norte,Deportivo,868.4340000000001,197.05279221588674,5,386,83
2022-06-16,Norte,Accesorios,617.99,195.16,0,338,55
2022-06-16,Sur,Ropa Casual,612.2235000000001,163.55,5,302,69
2022-06-16,Sur,Ropa Formal,822.767,200.24,10,355,70
2022-06-16,Sur,Deportivo,532.308,135.239881241264,5,264,40
2022-06-16,Sur,Accesorios,458.63,75.77,0,224,49
2022-06-16,Este,Ropa Casual,991.9140000000001,226.08,10,446,96
2022-06-16,Este,Ropa Formal,946.3,279.23,0,461,85
2022-06-16,Este,Deportivo,772.9995000000001,192.8,5,419,79
2022-06-16,Este,Accesorios,579.7,166.93,0,274,62
2022-06-16,Oeste,Ropa Casual,1014.6780000000001,240.71,5,453,97
2022-06-16,Oeste,Ropa Formal,1297.61,292.6,0,670,127
2022-06-16,Oeste,Deportivo,855.7,196.64818524134296,0,452,88
2022-06-16,Oeste,Accesorios,487.9,125.83,0,283,49
2022-06-16,Centro,Ropa Casual,1524.03,363.56,0,752,148
2022-06-16,Centro,Ropa Formal,2144.0370000000003,464.1853515453706,5,1033,212
2022-06-16,Centro,Deportivo,1333.1325000000002,327.94,5,635,126
2022-06-16,Centro,Accesorios,1007.37,247.47,5,475,101
2022-06-17,Norte,Ropa Casual,1030.28,276.44,0,497,108
2022-06-17,Norte,Ropa Formal,1154.92,288.33,0,575,123
2022-06-17,Norte,Deportivo,853.7655000000001,213.2,5,400,77
2022-06-17,Norte,Accesorios,568.6379999999999,132.13176402772302,5,262,54
2022-06-17,Sur,Ropa Casual,793.7270000000001,190.34,10,383,78
2022-06-17,Sur,Ropa Formal,592.72,214.98423767862317,0,303,51
2022-06-17,Sur,Deportivo,621.35,116.06,0,304,66
2022-06-17,Sur,Accesorios,300.12067012084225,102.79,5,164,33
2022-06-17,Este,Ropa Casual,847.476,257.05,5,405,82
2022-06-17,Este,Ropa Formal,1184.064,278.12,5,580,115
2022-06-17,Este,Deportivo,780.4965000000001,226.01,5,368,77
2022-06-17,Este,Accesorios,595.938,119.7084907866169,5,300,51
2022-06-17,Oeste,Ropa Casual,756.45,233.32,0,379,71
2022-06-17,Oeste,Ropa Formal,1000.4720000000001,250.31,10,456,97
2022-06-17,Oeste,Deportivo,669.2909999999999,179.36,5,303,64
2022-06-17,Oeste,Accesorios,531.37,135.69,0,253,53
2022-06-17,Centro,Ropa Casual,1518.65,390.73,0,758,154
2022-06-17,Centro,Ropa Formal,1819.74,513.55,0,887,182
2022-06-17,Centro,Deportivo,1430.902,327.18,10,698,140
2022-06-17,Centro,Accesorios,974.064,249.99,5,475,95
2022-06-18,Norte,Ropa Casual,1088.337,276.18,15,482,90
2022-06-18,Norte,Ropa Formal,1289.36,340.35,0,647,129
2022-06-18,Norte,Deportivo,923.4280000000001,191.69,10,427,79
2022-06-18,Norte,Accesorios,613.102103041585,161.14,15,295,54
2022-06-18,Sur,Ropa Casual,711.48,150.67931556533298,10,361,58
2022-06-18,Sur,Ropa Formal,641.52,153.42880386961923,0,312,61
2022-06-18,Sur,Deportivo,502.93,113.62,0,286,51
2022-06-18,Sur,Accesorios,513.986,128.92,10,249,48
2022-06-18,Este,Ropa Casual,979.0770000000001,232.4,10,391,95
2022-06-18,Este,Ropa Formal,1358.81,299.4,0,706,135
2022-06-18,Este,Deportivo,802.217,183.21,15,359,58
2022-06-18,Este,Accesorios,731.1810000000002,148.65,10,341,64
2022-06-18,Oeste,Ropa Casual,906.95,254.35,0,421,96
2022-06-18,Oeste,Ropa Formal,932.3676530537949,306.16,0,516,107
2022-06-18,Oeste,Deportivo,885.4425,163.81,15,396,76
2022-06-18,Oeste,Accesorios,672.265,105.11,10,313,59
2022-06-18,Centro,Ropa Casual,1809.7894999999999,371.67,15,805,155
2022-06-18,Centro,Ropa Formal,1665.85,534.23,0,838,162
2022-06-18,Centro,Deportivo,1357.224,294.23,20,577,111
2022-06-18,Centro,Accesorios,1076.904,218.83,20,483,84
2022-06-19,Norte,Ropa Casual,1015.3880000000001,212.26,10,460,92
2022-06-19,Norte,Ropa Formal,1149.8,255.27941409796222,0,554,115
2022-06-19,Norte,Deportivo,775.933753774098,205.81,20,342,69
2022-06-19,Norte,Accesorios,682.939,174.11,15,296,49
2022-06-19,Sur,Ropa Casual,975.5790000000001,97.45,10,483,88
2022-06-19,Sur,Ropa Formal,1189.5024999999998,155.23,15,513,111
2022-06-19,Sur,Deportivo,629.5960000000001,139.17,10,326,61
2022-06-19,Sur,Accesorios,618.5964999999999,72.24,15,284,60
2022-06-19,Este,Ropa Casual,1381.8975,199.63,15,586,112
2022-06-19,Este,Ropa Formal,1014.38,332.21,0,471,97
2022-06-19,Este,Deportivo,674.7,184.2,0,354,71
2022-06-19,Este,Accesorios,558.1,164.34,0,271,57
2022-06-19,Oeste,Ropa Casual,994.91,231.61,0,498,92
2022-06-19,Oeste,Ropa Formal,1175.46,254.56,0,601,115
2022-06-19,Oeste,Deportivo,772.89,172.17,0,381,80
2022-06-19,Oeste,Accesorios,553.92,103.57,0,265,49
2022-06-19,Centro,Ropa Casual,1886.483,416.55,15,795,162
2022-06-19,Centro,Ropa Formal,2172.0625,470.85,15,964,188
2022-06-19,Centro,Deportivo,1167.89,326.3,0,595,113
2022-06-19,Centro,Accesorios,1106.784,250.3,20,449,95
2022-06-20,Norte,Ropa Casual,1105.6290000000001,257.59,5,498,100
2022-06-20,Norte,Ropa Formal,1253.18,325.7913750252766,0,650,119
2022-06-20,Norte,Deportivo,821.3067220809189,185.14,5,414,78
2022-06-20,Norte,Accesorios,619.54,180.3,0,338,64
2022-06-20,Sur,Ropa Casual,471.559,121.27,10,208,39
2022-06-20,Sur,Ropa Formal,879.44,227.05,0,434,84
2022-06-20,Sur,Deportivo,471.72,140.91,0,229,42
2022-06-20,Sur,Accesorios,384.85,73.57,0,175,42
2022-06-20,Este,Ropa Casual,1089.0069156371346,224.75,10,502,116
2022-06-20,Este,Ropa Formal,1111.05,356.12,0,563,110
2022-06-20,Este,Deportivo,715.726,203.59,10,295,57
2022-06-20,Este,Accesorios,639.68,172.17,0,279,61
2022-06-20,Oeste,Ropa Casual,925.806,232.7,5,430,83
2022-06-20,Oeste,Ropa Formal,1294.22,282.56,0,672,131
2022-06-20,Oeste,Deportivo,856.6215000000001,183.82,5,399,83
2022-06-20,Oeste,Accesorios,567.0840000000001,103.5,5,308,48
2022-06-20,Centro,Ropa Casual,1538.8374341135143,388.56,0,873,177
2022-06-20,Centro,Ropa Formal,2066.0,454.32,0,1024,211
2022-06-20,Centro,Deportivo,1196.16,344.77,0,623,117
2022-06-20,Centro,Accesorios,978.758,269.64,10,409,83
2022-06-21,Norte,Ropa Casual,955.02,248.56,0,475,101
2022-06-21,Norte,Ropa Formal,1029.53,302.82,0,521,95
2022-06-21,Norte,Deportivo,709.56,215.93,0,385,72
2022-06-21,Norte,Accesorios,573.1215000000001,137.39,5,296,54
2022-06-21,Sur,Ropa Casual,756.82,132.39,0,345,78
2022-06-21,Sur,Ropa Formal,783.0822221924524,154.52,0,480,83
2022-06-21,Sur,Deportivo,671.02,96.19,0,347,75
2022-06-21,Sur,Accesorios,349.45,91.4,0,154,31
2022-06-21,Este,Ropa Casual,889.6030000000001,234.9,10,454,79
2022-06-21,Este,Ropa Formal,1132.68,273.68,0,560,120
2022-06-21,Este,Deportivo,918.34,177.29,0,460,91
2022-06-21,Este,Accesorios,597.6915,124.35,5,291,53
2022-06-21,Oeste,Ropa Casual,905.4320000000001,244.98,10,434,91
2022-06-21,Oeste,Ropa Formal,925.03,246.54,0,482,90
2022-06-21,Oeste,Deportivo,791.9835,166.24,5,379,72
2022-06-21,Oeste,Accesorios,603.897,131.93,5,303,58
2022-06-21,Centro,Ropa Casual,1596.29,357.85,0,811,161
2022-06-21,Centro,Ropa Formal,1967.6265,455.8725173411072,5,944,187
2022-06-21,Centro,Deportivo,1230.57,316.51,0,614,118
2022-06-21,Centro,Accesorios,925.05,210.14,0,440,92
2022-06-22,Norte,Ropa Casual,1046.3775,237.77,5,459,97
2022-06-22,Norte,Ropa Formal,1221.48,319.84,0,602,124
2022-06-22,Norte,Deportivo,817.62,181.26,0,414,84
2022-06-22,Norte,Accesorios,706.4715000000001,123.77,5,324,74
2022-06-22,Sur,Ropa Casual,752.63,163.71,0,352,78
2022-06-22,Sur,Ropa Formal,889.0,239.07,0,454,98
2022-06-22,Sur,Deportivo,626.4090000000001,132.57,5,271,65
2022-06-22,Sur,Accesorios,331.55,101.26,0,176,32
2022-06-22,Este,Ropa Casual,651.3360000000001,180.86,5,285,59
2022-06-22,Este,Ropa Formal,1170.82,279.76,0,581,122
2022-06-22,Este,Deportivo,712.34,156.73,0,368,67
2022-06-22,Este,Accesorios,635.24,138.2928247764581,0,316,60
2022-06-22,Oeste,Ropa Casual,1057.6,202.43,0,504,97
2022-06-22,Oeste,Ropa Formal,1155.69,230.57,0,553,114
2022-06-22,Oeste,Deportivo,752.371737402824,161.72,5,380,86
2022-06-22,Oeste,Accesorios,568.25,139.36,0,286,48
2022-06-22,Centro,Ropa Casual,1437.8498013657618,411.81,5,755,150
2022-06-22,Centro,Ropa Formal,1876.46,542.5,0,918,188
2022-06-22,Centro,Deportivo,1299.8370000000002,328.57,5,598,120
2022-06-22,Centro,Accesorios,1004.7,223.04,0,471,94
2022-06-23,Norte,Ropa Casual,1050.43,290.63,0,541,107
2022-06-23,Norte,Ropa Formal,1311.72,331.28,0,655,122
2022-06-23,Norte,Deportivo,811.03,191.8,0,432,85
2022-06-23,Norte,Accesorios,571.0560202537761,181.59,0,311,64
2022-06-23,Sur,Ropa Casual,789.726,123.39,5,415,75
2022-06-23,Sur,Ropa Formal,523.18,182.41337622784758,0,259,45
2022-06-23,Sur,Deportivo,642.02,115.0,0,338,72
2022-06-23,Sur,Accesorios,353.07,99.43,0,191,40
2022-06-23,Este,Ropa Casual,903.4935,224.47,5,450,86
2022-06-23,Este,Ropa Formal,960.38,261.69,0,516,89
2022-06-23,Este,Deportivo,702.46,201.85,0,342,65
2022-06-23,Este,Accesorios,711.8330212637526,124.37,5,355,65
2022-06-23,Oeste,Ropa Casual,845.3865000000001,174.75,5,410,82
2022-06-23,Oeste,Ropa Formal,1185.13,242.11,0,616,123
2022-06-23,Oeste,Deportivo,772.27,195.36,0,383,73
2022-06-23,Oeste,Accesorios,503.73,151.23,0,240,48
2022-06-23,Centro,Ropa Casual,1671.705,411.42,5,808,159
2022-06-23,Centro,Ropa Formal,1827.89,432.2,0,877,176
2022-06-23,Centro,Deportivo,1304.73,333.66,5,610,126
2022-06-23,Centro,Accesorios,947.17,248.74,0,468,90
2022-06-24,Norte,Ropa Casual,998.3303461838342,285.09,0,543,116
2022-06-24,Norte,Ropa Formal,1317.92,339.28,0,641,132
2022-06-24,Norte,Deportivo,913.5500000000001,189.12617376005144,10,433,82
2022-06-24,Norte,Accesorios,635.11,164.73,0,319,71
2022-06-24,Sur,Ropa Casual,577.7,128.35,0,318,44
2022-06-24,Sur,Ropa Formal,945.5355000000001,129.55,5,457,96
2022-06-24,Sur,Deportivo,500.51,135.53,0,257,48
2022-06-24,Sur,Accesorios,326.93850000000003,120.99587661471081,5,133,27
2022-06-24,Este,Ropa Casual,1206.576,273.46,5,580,114
2022-06-24,Este,Ropa Formal,1186.57,265.44,0,579,129
2022-06-24,Este,Deportivo,789.6460000000001,158.04,10,362,67
2022-06-24,Este,Accesorios,525.567,136.53,5,255,44
2022-06-24,Oeste,Ropa Casual,788.3851590554041,170.37,0,441,90
2022-06-24,Oeste,Ropa Formal,1208.17,261.9094511126458,0,622,121
2022-06-24,Oeste,Deportivo,727.2615000000001,188.16,5,357,71
2022-06-24,Oeste,Accesorios,640.22,142.2,0,294,59
2022-06-24,Centro,Ropa Casual,1577.74,350.32527066352316,0,828,163
2022-06-24,Centro,Ropa Formal,1742.09,477.34,0,868,179
2022-06-24,Centro,Deportivo,1420.251,287.95,5,672,133
2022-06-24,Centro,Accesorios,804.47,240.53,0,366,78
2022-06-25,Norte,Ropa Casual,1153.3732513535247,237.36,10,571,116
2022-06-25,Norte,Ropa Formal,1760.3049999999998,220.89701687479732,15,733,154
2022-06-25,Norte,Deportivo,892.8944999999999,207.34,15,426,81
2022-06-25,Norte,Accesorios,636.243809184737,129.53,10,337,65
2022-06-25,Sur,Ropa Casual,828.6094999999999,184.43641110056654,15,357,60
2022-06-25,Sur,Ropa Formal,737.43,256.11,0,374,69
2022-06-25,Sur,Deportivo,526.65,106.77945882733104,0,247,54
2022-06-25,Sur,Accesorios,504.13,61.94,0,242,54
2022-06-25,Este,Ropa Casual,956.88,228.62,0,501,96
2022-06-25,Este,Ropa Formal,1224.911,316.5,15,532,94
2022-06-25,Este,Deportivo,781.88,187.67,10,375,72
2022-06-25,Este,Accesorios,547.624,114.70607728316632,10,261,58
2022-06-25,Oeste,Ropa Casual,905.41,180.0501036719895,0,463,92
2022-06-25,Oeste,Ropa Formal,1250.0180000000003,245.56,10,570,99
2022-06-25,Oeste,Deportivo,892.0559999999999,222.87,20,356,74
2022-06-25,Oeste,Accesorios,660.767,160.62,15,273,57
2022-06-25,Centro,Ropa Casual,1886.874,359.99,10,859,173
2022-06-25,Centro,Ropa Formal,2113.463,492.86,10,983,191
2022-06-25,Centro,Deportivo,1334.982,289.31,10,609,119
2022-06-25,Centro,Accesorios,913.7991595013178,205.91736320361903,10,443,91
2022-06-26,Norte,Ropa Casual,904.41,230.94,0,431,94
2022-06-26,Norte,Ropa Formal,1289.8,291.18,0,650,132
2022-06-26,Norte,Deportivo,943.596,181.14,20,421,86
2022-06-26,Norte,Accesorios,587.71,192.14,0,302,54
2022-06-26,Sur,Ropa Casual,724.3720000000001,174.35,10,297,59
2022-06-26,Sur,Ropa Formal,833.57,166.3,0,424,79
2022-06-26,Sur,Deportivo,704.568,129.92,20,285,57
2022-06-26,Sur,Accesorios,400.79600000000005,79.46848804562478,10,166,38
2022-06-26,Este,Ropa Casual,1025.673,231.44,10,463,97
2022-06-26,Este,Ropa Formal,1468.8719999999998,363.58,15,627,126
2022-06-26,Este,Deportivo,950.1250000000001,118.6326040588527,10,426,82
2022-06-26,Este,Accesorios,515.24,147.44245976898262,10,258,41
2022-06-26,Oeste,Ropa Casual,929.225,165.21,10,424,85
2022-06-26,Oeste,Ropa Formal,1208.702,244.81,10,542,118
2022-06-26,Oeste,Deportivo,833.33,189.52,0,432,87
2022-06-26,Oeste,Accesorios,526.92,101.94,0,239,46
2022-06-26,Centro,Ropa Casual,1865.2655,367.05,15,807,162
2022-06-26,Centro,Ropa Formal,2076.804,478.99,20,885,175
2022-06-26,Centro,Deportivo,1237.2637045286756,298.03,0,699,138
2022-06-26,Centro,Accesorios,872.71,245.04,0,423,83
2022-06-27,Norte,Ropa Casual,1079.7071525223985,249.77,20,499,96
2022-06-27,Norte,Ropa Formal,1279.8500000000001,233.86,10,601,120
2022-06-27,Norte,Deportivo,885.7469885866202,221.56,5,530,95
2022-06-27,Norte,Accesorios,702.8340000000001,126.81,10,298,63
2022-06-27,Sur,Ropa Casual,929.258,143.27,10,432,84
2022-06-27,Sur,Ropa Formal,899.2620000000001,160.02,5,461,81
2022-06-27,Sur,Deportivo,685.2599999999999,188.41,20,304,59
2022-06-27,Sur,Accesorios,469.5350000000001,98.89,10,199,38
2022-06-27,Este,Ropa Casual,1161.006,210.76,5,564,114
2022-06-27,Este,Ropa Formal,887.439,275.31,5,410,82
2022-06-27,Este,Deportivo,807.8280000000001,216.06,5,385,75
2022-06-27,Este,Accesorios,654.3389999999999,151.69,5,311,62
2022-06-27,Oeste,Ropa Casual,884.3625000000001,174.95,5,454,84
2022-06-27,Oeste,Ropa Formal,1383.613,259.03,10,634,128
2022-06-27,Oeste,Deportivo,747.9675000000001,206.44,5,368,75
2022-06-27,Oeste,Accesorios,538.1985000000001,165.09,5,245,59
2022-06-27,Centro,Ropa Casual,1612.569,468.07,5,792,156
2022-06-27,Centro,Ropa Formal,2041.622,405.7288393368499,10,928,175
2022-06-27,Centro,Deportivo,1742.5070000000003,348.47,30,637,141
2022-06-27,Centro,Accesorios,944.0550000000001,228.96,5,466,96
2022-06-28,Norte,Ropa Casual,1202.8170000000002,248.4,10,539,107
2022-06-28,Norte,Ropa Formal,1332.681,322.38,5,648,120
2022-06-28,Norte,Deportivo,874.7640000000001,225.15,10,402,81
2022-06-28,Norte,Accesorios,720.3,165.02,20,305,55
2022-06-28,Sur,Ropa Casual,843.6750000000001,122.63,5,426,85
2022-06-28,Sur,Ropa Formal,973.83,214.84,10,428,93
2022-06-28,Sur,Deportivo,714.4720000000001,145.73,10,319,62
2022-06-28,Sur,Accesorios,419.66400000000004,79.81,5,229,38
2022-06-28,Este,Ropa Casual,1017.9855,208.38,5,516,96
2022-06-28,Este,Ropa Formal,990.8535,287.2617563130377,5,463,101
2022-06-28,Este,Deportivo,870.155,150.1,10,403,82
2022-06-28,Este,Accesorios,738.683,155.39,10,334,65
2022-06-28,Oeste,Ropa Casual,1009.9425000000001,187.92,5,444,94
2022-06-28,Oeste,Ropa Formal,1325.4959999999999,218.29,20,532,112
2022-06-28,Oeste,Deportivo,821.7124286963376,178.9,10,423,81
2022-06-28,Oeste,Accesorios,622.0409999999999,122.78,5,315,55
2022-06-28,Centro,Ropa Casual,1633.884,427.13,5,788,155
2022-06-28,Centro,Ropa Formal,1962.1580000000001,479.35,10,915,170
2022-06-28,Centro,Deportivo,1276.548,296.74243337564354,5,592,124
2022-06-28,Centro,Accesorios,1166.528,248.42,10,491,102
2022-06-29,Norte,Ropa Casual,1172.997,346.67,5,545,114
2022-06-29,Norte,Ropa Formal,1718.424,300.82,20,744,141
2022-06-29,Norte,Deportivo,914.592,242.57,20,373,71
2022-06-29,Norte,Accesorios,666.3236004507335,161.95,10,326,66
2022-06-29,Sur,Ropa Casual,658.008,120.83,20,232,48
2022-06-29,Sur,Ropa Formal,1006.408,159.6,30,369,77
2022-06-29,Sur,Deportivo,762.72,116.37,20,343,60
2022-06-29,Sur,Accesorios,451.53900000000004,122.36,10,193,36
2022-06-29,Este,Ropa Casual,1171.9840000000002,214.12,10,574,106
2022-06-29,Este,Ropa Formal,1328.2022262848448,295.99,20,628,120
2022-06-29,Este,Deportivo,735.614,179.36,10,312,58
2022-06-29,Este,Accesorios,684.4530000000001,161.24,5,343,56
2022-06-29,Oeste,Ropa Casual,1020.8205,207.46,5,480,102
2022-06-29,Oeste,Ropa Formal,1339.5030000000002,228.3,10,616,119
2022-06-29,Oeste,Deportivo,796.188,175.33,20,365,64
2022-06-29,Oeste,Accesorios,585.6959999999999,130.64,20,264,43
2022-06-29,Centro,Ropa Casual,1646.227,382.78,10,756,155
2022-06-29,Centro,Ropa Formal,2101.8140000000003,481.3,10,925,197
2022-06-29,Centro,Deportivo,1155.252,347.2,5,559,114
2022-06-29,Centro,Accesorios,1064.076,254.52,20,458,83
2022-06-30,Norte,Ropa Casual,1222.7930000000001,244.93,30,475,92
2022-06-30,Norte,Ropa Formal,1341.7005,286.78,5,611,127
2022-06-30,Norte,Deportivo,846.0795,231.23,5,385,90
2022-06-30,Norte,Accesorios,669.2840000000001,174.95,10,326,60
2022-06-30,Sur,Ropa Casual,1044.864,166.91876822543173,20,431,89
2022-06-30,Sur,Ropa Formal,830.8615920550689,163.52,20,388,81
2022-06-30,Sur,Deportivo,650.7239999999999,104.22307839725887,20,284,47
2022-06-30,Sur,Accesorios,411.619,98.22,30,167,30
2022-06-30,Este,Ropa Casual,1047.24,233.36,20,446,89
2022-06-30,Este,Ropa Formal,1715.324,284.46628994346247,30,634,133
2022-06-30,Este,Deportivo,906.384,157.64,20,385,77
2022-06-30,Este,Accesorios,703.2479999999999,170.83,20,242,46
2022-06-30,Oeste,Ropa Casual,1122.2085,169.12,5,552,105
2022-06-30,Oeste,Ropa Formal,1116.5384999999999,246.86,5,546,119
2022-06-30,Oeste,Deportivo,1042.4180000000001,157.37,30,412,74
2022-06-30,Oeste,Accesorios,556.884,138.27443355034248,20,242,44
2022-06-30,Centro,Ropa Casual,1748.6260000000002,396.2,10,794,164
2022-06-30,Centro,Ropa Formal,2395.644,476.48,20,995,206
2022-06-30,Centro,Deportivo,1750.775,325.64,30,667,130
2022-06-30,Centro,Accesorios,1102.2359999999999,249.8,20,435,93
2022-07-01,Norte,Ropa Casual,1011.2865,290.51,5,467,95
2022-07-01,Norte,Ropa Formal,1011.59,319.54,0,515,95
2022-07-01,Norte,Deportivo,826.8590000000002,199.32,10,355,74
2022-07-01,Norte,Accesorios,731.28,154.32077833622714,10,327,67
2022-07-01,Sur,Ropa Casual,505.2705,182.75,5,272,51
2022-07-01,Sur,Ropa Formal,805.28,139.45,0,397,77
2022-07-01,Sur,Deportivo,672.924,152.08,5,306,67
2022-07-01,Sur,Accesorios,481.1361004836749,117.35,5,223,52
2022-07-01,Este,Ropa Casual,907.71,286.46,0,448,86
2022-07-01,Este,Ropa Formal,1159.88,292.18,0,547,118
2022-07-01,Este,Deportivo,769.0,204.8,0,352,83
2022-07-01,Este,Accesorios,625.18,120.91,0,323,66
2022-07-01,Oeste,Ropa Casual,935.35,193.24,0,475,102
2022-07-01,Oeste,Ropa Formal,986.35,226.3,0,507,93
2022-07-01,Oeste,Deportivo,662.7600000000001,208.76,5,344,62
2022-07-01,Oeste,Accesorios,630.6825,142.16,5,323,64
2022-07-01,Centro,Ropa Casual,1527.89,422.82,0,778,154
2022-07-01,Centro,Ropa Formal,2009.58,472.99,0,1007,201
2022-07-01,Centro,Deportivo,1147.667346052536,320.79,5,620,120
2022-07-01,Centro,Accesorios,931.29,243.32,0,450,94
2022-07-02,Norte,Ropa Casual,1084.468,305.46,10,480,102
2022-07-02,Norte,Ropa Formal,1719.7199999999998,289.43,20,733,135
2022-07-02,Norte,Deportivo,882.2809123840282,217.61,15,426,91
2022-07-02,Norte,Accesorios,611.97,151.14,0,295,59
2022-07-02,Sur,Ropa Casual,943.9084999999999,145.22,15,415,84
2022-07-02,Sur,Ropa Formal,980.0963666348463,148.93,15,494,94
2022-07-02,Sur,Deportivo,572.269032833959,98.39305971860507,10,278,58
2022-07-02,Sur,Accesorios,522.828,67.16,20,221,41
2022-07-02,Este,Ropa Casual,943.71,226.81,0,496,95
2022-07-02,Este,Ropa Formal,1139.29,359.74,0,589,110
2022-07-02,Este,Deportivo,792.32,162.63,0,387,79
2022-07-02,Este,Accesorios,670.7949999999998,155.96,15,266,56
2022-07-02,Oeste,Ropa Casual,768.86,215.77,0,369,78
2022-07-02,Oeste,Ropa Formal,1450.0925,189.53,15,647,127
2022-07-02,Oeste,Deportivo,821.02,189.06180446864676,0,451,84
2022-07-02,Oeste,Accesorios,509.7510000000001,110.56,10,226,48
2022-07-02,Centro,Ropa Casual,1756.39,375.56,0,887,180
2022-07-02,Centro,Ropa Formal,2065.38,458.77,0,1000,204
2022-07-02,Centro,Deportivo,1514.6649999999997,344.12,15,681,134
2022-07-02,Centro,Accesorios,1065.65,233.62,0,539,110
2022-07-03,Norte,Ropa Casual,1073.95,274.14,0,553,104
2022-07-03,Norte,Ropa Formal,1148.961,307.52,10,525,102
2022-07-03,Norte,Deportivo,811.81,207.53,0,391,84
2022-07-03,Norte,Accesorios,541.45,138.02,0,285,52
2022-07-03,Sur,Ropa Casual,825.0840000000001,120.29,20,360,63
2022-07-03,Sur,Ropa Formal,858.42,159.21,0,417,94
2022-07-03,Sur,Deportivo,591.58,79.96,0,307,62
2022-07-03,Sur,Accesorios,348.432,106.0,20,117,33
2022-07-03,Este,Ropa Casual,1015.67,266.26,0,527,95
2022-07-03,Este,Ropa Formal,1165.22,259.16,0,590,114
2022-07-03,Este,Deportivo,820.29,206.16,0,392,75
2022-07-03,Este,Accesorios,707.6080000000001,153.36,10,314,71
2022-07-03,Oeste,Ropa Casual,966.383,208.64846028178965,10,478,81
2022-07-03,Oeste,Ropa Formal,980.16,247.2,0,498,94
2022-07-03,Oeste,Deportivo,943.03,224.58,10,454,82
2022-07-03,Oeste,Accesorios,620.323,149.12,10,291,51
2022-07-03,Centro,Ropa Casual,1779.4040000000002,410.19,10,819,153
2022-07-03,Centro,Ropa Formal,1866.55,460.34,0,939,191
2022-07-03,Centro,Deportivo,1482.0839999999998,338.37,20,614,120
2022-07-03,Centro,Accesorios,912.11,252.48394772838688,0,455,98
2022-07-04,Norte,Ropa Casual,928.18,217.54,0,490,93
2022-07-04,Norte,Ropa Formal,1400.7735,338.36,5,682,139
2022-07-04,Norte,Deportivo,770.605260588915,214.68078244771536,0,405,87
2022-07-04,Norte,Accesorios,673.49,128.1,0,343,74
2022-07-04,Sur,Ropa Casual,642.2429999999999,167.72,5,322,55
2022-07-04,Sur,Ropa Formal,1045.25,223.86,0,538,107
2022-07-04,Sur,Deportivo,359.41,107.6,0,180,36
2022-07-04,Sur,Accesorios,446.02,96.88,0,252,49
2022-07-04,Este,Ropa Casual,888.79,226.25,0,418,89
2022-07-04,Este,Ropa Formal,1200.6015000000002,290.26,5,569,119
2022-07-04,Este,Deportivo,736.6,163.1025888064391,0,358,79
2022-07-04,Este,Accesorios,602.2,173.12,0,293,56
2022-07-04,Oeste,Ropa Casual,990.47,237.62,0,503,96
2022-07-04,Oeste,Ropa Formal,1286.33,220.68,0,633,129
2022-07-04,Oeste,Deportivo,819.3465000000001,172.18,5,376,81
2022-07-04,Oeste,Accesorios,542.36,97.83,0,301,64
2022-07-04,Centro,Ropa Casual,1574.7440668482002,395.95,0,849,172
2022-07-04,Centro,Ropa Formal,2048.2875,419.88,5,976,194
2022-07-04,Centro,Deportivo,1314.4740000000002,340.65,5,627,118
2022-07-04,Centro,Accesorios,927.65,268.51,0,487,93
2022-07-05,Norte,Ropa Casual,978.73,261.32093187694574,0,508,108
2022-07-05,Norte,Ropa Formal,1198.37,247.03,0,614,121
2022-07-05,Norte,Deportivo,784.9943827308146,186.44,5,418,80
2022-07-05,Norte,Accesorios,504.33,148.49,0,259,50
2022-07-05,Sur,Ropa Casual,602.6475,195.66,5,291,51
2022-07-05,Sur,Ropa Formal,604.9995000000001,169.14,5,289,52
2022-07-05,Sur,Deportivo,530.4,134.35,0,288,56
2022-07-05,Sur,Accesorios,384.468,68.56,5,202,30
2022-07-05,Este,Ropa Casual,984.123,197.75,5,461,93
2022-07-05,Este,Ropa Formal,883.3177688859754,252.94,0,467,97
2022-07-05,Este,Deportivo,809.5500000000001,174.69,5,381,74
2022-07-05,Este,Accesorios,516.2559635839607,116.09461485489618,0,300,47
2022-07-05,Oeste,Ropa Casual,776.2,252.12,0,347,72
2022-07-05,Oeste,Ropa Formal,1130.787,284.8,5,562,103
2022-07-05,Oeste,Deportivo,662.4870000000001,172.49,5,326,60
2022-07-05,Oeste,Accesorios,572.242563785934,146.98,0,294,63
2022-07-05,Centro,Ropa Casual,1444.3794416958062,469.66,0,799,161
2022-07-05,Centro,Ropa Formal,1659.06,511.27,0,810,163
2022-07-05,Centro,Deportivo,1524.5120000000002,353.25,10,694,138
2022-07-05,Centro,Accesorios,1088.8790000000001,227.06,10,480,109
2022-07-06,Norte,Ropa Casual,1278.211,261.78,10,611,114
2022-07-06,Norte,Ropa Formal,1230.26,323.31,0,645,128
2022-07-06,Norte,Deportivo,862.32,198.07,0,475,86
2022-07-06,Norte,Accesorios,521.19,140.26,0,244,42
2022-07-06,Sur,Ropa Casual,652.1655000000001,150.41,5,311,60
2022-07-06,Sur,Ropa Formal,728.57,208.18,0,348,78
2022-07-06,Sur,Deportivo,656.09,92.18,0,326,65
2022-07-06,Sur,Accesorios,438.6,97.41,0,185,40
2022-07-06,Este,Ropa Casual,959.93,209.0,0,483,93
2022-07-06,Este,Ropa Formal,1310.43,288.74,0,648,126
2022-07-06,Este,Deportivo,717.56,204.34,0,360,72
2022-07-06,Este,Accesorios,621.67,126.33,0,322,64
2022-07-06,Oeste,Ropa Casual,1062.9255,217.81,5,544,103
2022-07-06,Oeste,Ropa Formal,1355.89,234.26,0,654,129
2022-07-06,Oeste,Deportivo,792.95,168.6015654150116,0,421,77
2022-07-06,Oeste,Accesorios,639.408,140.05,5,278,58
2022-07-06,Centro,Ropa Casual,1494.1047429511616,434.73,0,806,162
2022-07-06,Centro,Ropa Formal,1692.8690391034884,549.49,0,915,185
2022-07-06,Centro,Deportivo,1342.308,315.72,10,635,112
2022-07-06,Centro,Accesorios,1087.58,227.471880211134,0,542,101
2022-07-07,Norte,Ropa Casual,1003.91,215.03,0,519,101
2022-07-07,Norte,Ropa Formal,1111.35,276.87,0,576,110
2022-07-07,Norte,Deportivo,850.16,212.59,0,441,94
2022-07-07,Norte,Accesorios,675.129,194.7263021122599,5,320,69
2022-07-07,Sur,Ropa Casual,623.95,206.8,0,330,64
2022-07-07,Sur,Ropa Formal,764.6100000000001,106.76106760121542,5,354,72
2022-07-07,Sur,Deportivo,467.22,84.37,0,244,45
2022-07-07,Sur,Accesorios,430.16400000000004,113.47,5,213,37
2022-07-07,Este,Ropa Casual,1099.7779927317465,226.82,5,586,112
2022-07-07,Este,Ropa Formal,1216.7912649699822,292.12,0,636,137
2022-07-07,Este,Deportivo,780.49,183.13,0,377,74
2022-07-07,Este,Accesorios,525.39,158.1,0,224,59
2022-07-07,Oeste,Ropa Casual,895.2825,228.89,5,432,84
2022-07-07,Oeste,Ropa Formal,1432.62,262.0749721476864,0,715,135
2022-07-07,Oeste,Deportivo,721.56,130.65127032541506,0,342,67
2022-07-07,Oeste,Accesorios,606.123,142.41,5,314,58
2022-07-07,Centro,Ropa Casual,1756.1,455.11,0,878,177
2022-07-07,Centro,Ropa Formal,1898.31,462.05,0,982,186
2022-07-07,Centro,Deportivo,1186.0,278.15809938580236,0,527,117
2022-07-07,Centro,Accesorios,922.73,247.45,0,481,86
2022-07-08,Norte,Ropa Casual,986.097,243.55,5,478,92
2022-07-08,Norte,Ropa Formal,1415.32,289.93,0,684,144
2022-07-08,Norte,Deportivo,794.24,229.96,0,370,69
2022-07-08,Norte,Accesorios,609.57,176.81,0,312,56
2022-07-08,Sur,Ropa Casual,745.131083679279,188.17,0,430,85
2022-07-08,Sur,Ropa Formal,737.9820000000001,104.81,5,318,58
2022-07-08,Sur,Deportivo,671.3595,85.83,5,324,57
2022-07-08,Sur,Accesorios,509.7,90.03,0,275,38
2022-07-08,Este,Ropa Casual,1044.94,232.44,0,524,103
2022-07-08,Este,Ropa Formal,1259.8,286.74,0,606,126
2022-07-08,Este,Deportivo,932.9775,181.36,5,447,95
2022-07-08,Este,Accesorios,630.46,177.28,0,310,64
2022-07-08,Oeste,Ropa Casual,1112.7542153445838,191.69,5,571,117
2022-07-08,Oeste,Ropa Formal,1163.32,267.83,0,611,120
2022-07-08,Oeste,Deportivo,664.09,216.89,0,341,71
2022-07-08,Oeste,Accesorios,520.7,101.50117693214605,0,282,49
2022-07-08,Centro,Ropa Casual,1632.01,309.69,0,838,158
2022-07-08,Centro,Ropa Formal,2012.93,456.82,0,1016,198
2022-07-08,Centro,Deportivo,1380.69,318.75,0,703,133
2022-07-08,Centro,Accesorios,934.8630453745025,232.4,5,508,107
2022-07-09,Norte,Ropa Casual,1314.9675,224.1,15,569,128
2022-07-09,Norte,Ropa Formal,1280.93,259.76,0,663,134
2022-07-09,Norte,Deportivo,820.33,224.64,0,390,70
2022-07-09,Norte,Accesorios,718.05,157.85,0,363,57
2022-07-09,Sur,Ropa Casual,753.4,129.9,0,350,77
2022-07-09,Sur,Ropa Formal,1094.137,162.38533098792965,10,488,97
2022-07-09,Sur,Deportivo,554.7410000000001,93.73,10,253,45
2022-07-09,Sur,Accesorios,581.779,109.77,10,273,58
2022-07-09,Este,Ropa Casual,1092.366,246.76,10,510,95
2022-07-09,Este,Ropa Formal,978.12,243.24,0,534,101
2022-07-09,Este,Deportivo,710.073285932983,211.96,0,386,76
2022-07-09,Este,Accesorios,606.12,130.67,0,312,55
2022-07-09,Oeste,Ropa Casual,997.54,244.3,0,495,97
2022-07-09,Oeste,Ropa Formal,1036.07,260.26,0,495,107
2022-07-09,Oeste,Deportivo,968.784,227.19,20,394,82
2022-07-09,Oeste,Accesorios,770.8219999999999,156.46,15,316,68
2022-07-09,Centro,Ropa Casual,2018.136,373.01,20,835,172
2022-07-09,Centro,Ropa Formal,2125.6180000000004,541.78,10,993,187
2022-07-09,Centro,Deportivo,1323.7189999999998,362.23,15,600,106
2022-07-09,Centro,Accesorios,908.36,243.12,0,475,93
2022-07-10,Norte,Ropa Casual,844.45,250.35,0,406,96
2022-07-10,Norte,Ropa Formal,1304.15,282.58,0,674,131
2022-07-10,Norte,Deportivo,870.62,196.0,0,457,79
2022-07-10,Norte,Accesorios,703.98,161.10714077289353,0,336,79
2022-07-10,Sur,Ropa Casual,858.49,221.65,0,421,79
2022-07-10,Sur,Ropa Formal,1125.3,125.95,0,573,114
2022-07-10,Sur,Deportivo,522.4259899511817,152.76,0,285,49
2022-07-10,Sur,Accesorios,634.3629999999999,95.38,15,275,59
2022-07-10,Este,Ropa Casual,1044.68,189.7,0,527,103
2022-07-10,Este,Ropa Formal,1167.22,248.21,0,596,122
2022-07-10,Este,Deportivo,784.5,168.79,0,391,81
2022-07-10,Este,Accesorios,654.5915,124.93,15,310,57
2022-07-10,Oeste,Ropa Casual,898.01,198.99306657108542,0,466,91
2022-07-10,Oeste,Ropa Formal,1083.511,264.43,10,498,91
2022-07-10,Oeste,Deportivo,781.16,214.23,0,376,75
2022-07-10,Oeste,Accesorios,595.424,136.84,15,255,52
2022-07-10,Centro,Ropa Casual,1717.55,446.07,0,841,175
2022-07-10,Centro,Ropa Formal,2255.9460000000004,506.54,10,1026,205
2022-07-10,Centro,Deportivo,1354.22,320.2,0,676,137
2022-07-10,Centro,Accesorios,981.32,220.45562744802226,0,518,103
2022-07-11,Norte,Ropa Casual,1036.9934108163022,254.5345694402793,0,563,109
2022-07-11,Norte,Ropa Formal,1244.82,323.6,0,591,124
2022-07-11,Norte,Deportivo,734.62,219.12,0,366,77
2022-07-11,Norte,Accesorios,707.3624903248992,160.23,0,404,76
2022-07-11,Sur,Ropa Casual,648.77,173.56,0,340,74
2022-07-11,Sur,Ropa Formal,982.191,219.84,5,473,95
2022-07-11,Sur,Deportivo,602.98,116.22,0,310,60
2022-07-11,Sur,Accesorios,376.59,92.31,0,226,30
2022-07-11,Este,Ropa Casual,979.21,197.7,0,479,102
2022-07-11,Este,Ropa Formal,954.8595,245.24,5,464,95
2022-07-11,Este,Deportivo,953.11,173.78,0,467,91
2022-07-11,Este,Accesorios,489.73050000000006,107.44,5,230,49
2022-07-11,Oeste,Ropa Casual,1097.37,191.8,0,573,111
2022-07-11,Oeste,Ropa Formal,1202.81,299.16,0,606,119
2022-07-11,Oeste,Deportivo,750.64,148.55,0,362,69
2022-07-11,Oeste,Accesorios,589.33,132.49,0,305,59
2022-07-11,Centro,Ropa Casual,1622.65,430.29,0,827,158
2022-07-11,Centro,Ropa Formal,1890.07,506.9,0,909,191
2022-07-11,Centro,Deportivo,1208.73,374.83,0,595,121
2022-07-11,Centro,Accesorios,1073.4460000000001,279.04,10,493,95
2022-07-12,Norte,Ropa Casual,953.84,217.9,0,458,85
2022-07-12,Norte,Ropa Formal,1310.08,329.1937518566676,0,657,143
2022-07-12,Norte,Deportivo,845.418,241.826232194381,5,400,78
2022-07-12,Norte,Accesorios,752.12,182.03,0,341,70
2022-07-12,Sur,Ropa Casual,543.28,220.28,0,279,59
2022-07-12,Sur,Ropa Formal,728.3955000000001,242.72,5,340,63
2022-07-12,Sur,Deportivo,580.566,105.39,5,257,58
2022-07-12,Sur,Accesorios,459.97546567632975,66.53,5,233,55
2022-07-12,Este,Ropa Casual,1055.9850000000001,287.37,5,496,96
2022-07-12,Este,Ropa Formal,1291.269,238.8,5,607,116
2022-07-12,Este,Deportivo,912.91,212.83,0,445,81
2022-07-12,Este,Accesorios,487.22215607785085,149.24,0,274,46
2022-07-12,Oeste,Ropa Casual,983.48,184.64,0,519,91
2022-07-12,Oeste,Ropa Formal,1087.360358304817,218.84,10,528,115
2022-07-12,Oeste,Deportivo,864.528,153.19,5,415,87
2022-07-12,Oeste,Accesorios,684.16,138.59,0,372,77
2022-07-12,Centro,Ropa Casual,1794.342,375.58,10,818,159
2022-07-12,Centro,Ropa Formal,2088.457176370167,454.04,10,1045,212
2022-07-12,Centro,Deportivo,1400.952,341.13,5,687,130
2022-07-12,Centro,Accesorios,1015.05,241.7,0,542,104
2022-07-13,Norte,Ropa Casual,1308.6150000000002,230.68114916831095,10,621,127
2022-07-13,Norte,Ropa Formal,1464.2250000000001,291.57,5,721,133
2022-07-13,Norte,Deportivo,801.2180000000001,239.4,10,388,65
2022-07-13,Norte,Accesorios,649.6034999999999,140.28827281000366,5,351,55
2022-07-13,Sur,Ropa Casual,670.14,185.85,0,351,68
2022-07-13,Sur,Ropa Formal,991.09,161.87,0,525,106
2022-07-13,Sur,Deportivo,680.35,127.14,10,297,51
2022-07-13,Sur,Accesorios,451.08,101.2,0,246,42
2022-07-13,Este,Ropa Casual,844.46,182.92,0,382,86
2022-07-13,Este,Ropa Formal,979.9539814109874,359.43,5,495,99
2022-07-13,Este,Deportivo,711.89,223.81,0,355,74
2022-07-13,Este,Accesorios,571.33,120.0,0,271,60
2022-07-13,Oeste,Ropa Casual,963.963,222.72,5,453,100
2022-07-13,Oeste,Ropa Formal,1348.77,281.49,0,683,135
2022-07-13,Oeste,Deportivo,720.16,187.09,0,344,72
2022-07-13,Oeste,Accesorios,677.3655,159.84,5,361,64
2022-07-13,Centro,Ropa Casual,1581.7830000000001,340.78,5,745,148
2022-07-13,Centro,Ropa Formal,1980.21,547.07,0,997,203
2022-07-13,Centro,Deportivo,1245.46,314.53,0,649,125
2022-07-13,Centro,Accesorios,1012.73,211.94,0,491,101
2022-07-14,Norte,Ropa Casual,961.268,214.55204386490595,10,387,80
2022-07-14,Norte,Ropa Formal,1302.6824130855105,313.55,5,694,134
2022-07-14,Norte,Deportivo,828.44,215.73,0,415,85
2022-07-14,Norte,Accesorios,549.06,151.96,0,266,55
2022-07-14,Sur,Ropa Casual,674.8665000000001,140.16,5,332,59
2022-07-14,Sur,Ropa Formal,872.42,140.97794378933966,0,457,85
2022-07-14,Sur,Deportivo,619.1745000000001,97.06,5,326,57
2022-07-14,Sur,Accesorios,455.29,76.15,0,233,52
2022-07-14,Este,Ropa Casual,1035.86,181.9,0,532,100
2022-07-14,Este,Ropa Formal,1194.96,326.53,0,617,120
2022-07-14,Este,Deportivo,850.4370000000001,189.48,5,420,81
2022-07-14,Este,Accesorios,663.91,122.55,0,326,68
2022-07-14,Oeste,Ropa Casual,918.939,240.77,5,455,87
2022-07-14,Oeste,Ropa Formal,1268.55,300.31,0,643,125
2022-07-14,Oeste,Deportivo,808.2030000000001,162.48,10,384,72
2022-07-14,Oeste,Accesorios,530.23,141.53,0,288,53
2022-07-14,Centro,Ropa Casual,1619.6,433.92,0,793,165
2022-07-14,Centro,Ropa Formal,1813.42,439.44,0,930,179
2022-07-14,Centro,Deportivo,1248.63,339.6,0,659,125
2022-07-14,Centro,Accesorios,1022.6,256.65,0,539,105
2022-07-15,Norte,Ropa Casual,980.0,224.87,0,511,96
2022-07-15,Norte,Ropa Formal,1131.0301802800946,327.45,5,551,112
2022-07-15,Norte,Deportivo,637.8584211142656,244.63,0,377,73
2022-07-15,Norte,Accesorios,653.7825,154.86331950663813,5,318,64
2022-07-15,Sur,Ropa Casual,694.81,147.4,0,369,70
2022-07-15,Sur,Ropa Formal,903.86,205.64,0,435,92
2022-07-15,Sur,Deportivo,536.21,104.34,0,269,53
2022-07-15,Sur,Accesorios,463.62800000000004,96.32,10,238,37
2022-07-15,Este,Ropa Casual,758.99,246.73,0,359,80
2022-07-15,Este,Ropa Formal,1197.9134999999999,215.8,5,550,120
2022-07-15,Este,Deportivo,771.17,139.25,0,409,84
2022-07-15,Este,Accesorios,500.08,124.53,0,232,59
2022-07-15,Oeste,Ropa Casual,1283.8540000000003,211.09,10,580,111
2022-07-15,Oeste,Ropa Formal,1431.1770000000001,278.04,10,668,136
2022-07-15,Oeste,Deportivo,890.6,183.86,0,467,90
2022-07-15,Oeste,Accesorios,673.85,128.23,0,341,78
2022-07-15,Centro,Ropa Casual,1743.16,414.08,0,852,175
2022-07-15,Centro,Ropa Formal,2005.85,462.0887517681891,0,1029,198
2022-07-15,Centro,Deportivo,1209.1791318482922,278.6,0,676,127
2022-07-15,Centro,Accesorios,1050.3045,268.88,5,524,102
2022-07-16,Norte,Ropa Casual,1004.894,260.08,10,504,91
2022-07-16,Norte,Ropa Formal,1035.57,291.89,0,474,96
2022-07-16,Norte,Deportivo,883.1872490974381,199.08,10,462,85
2022-07-16,Norte,Accesorios,470.21,189.69,0,222,38
2022-07-16,Sur,Ropa Casual,912.744,182.59,20,355,70
2022-07-16,Sur,Ropa Formal,819.09,187.34,0,427,81
2022-07-16,Sur,Deportivo,662.2734999999999,122.74,15,314,58
2022-07-16,Sur,Accesorios,369.754,122.28,10,193,36
2022-07-16,Este,Ropa Casual,1234.44,264.85,20,517,103
2022-07-16,Este,Ropa Formal,1036.39,241.11,0,528,103
2022-07-16,Este,Deportivo,783.65,168.99,0,347,73
2022-07-16,Este,Accesorios,660.1229999999999,127.31,15,284,56
2022-07-16,Oeste,Ropa Casual,989.8350000000002,264.63,10,461,85
2022-07-16,Oeste,Ropa Formal,1317.1730000000002,261.96,10,613,120
2022-07-16,Oeste,Deportivo,954.9599999999999,185.99046970733704,15,420,80
2022-07-16,Oeste,Accesorios,531.79,119.72,0,271,55
2022-07-16,Centro,Ropa Casual,1740.3210000000001,391.68,10,842,157
2022-07-16,Centro,Ropa Formal,2536.2214999999997,486.29,15,1121,219
2022-07-16,Centro,Deportivo,1266.94,326.88,0,664,120
2022-07-16,Centro,Accesorios,943.1,283.25,0,449,81
2022-07-17,Norte,Ropa Casual,1273.128,280.37,20,508,107
2022-07-17,Norte,Ropa Formal,1556.159,297.62,10,714,133
2022-07-17,Norte,Deportivo,979.9954999999999,241.01,15,433,96
2022-07-17,Norte,Accesorios,595.0150723454259,140.91357449793497,0,308,60
2022-07-17,Sur,Ropa Casual,705.02,118.70616896331524,0,297,76
2022-07-17,Sur,Ropa Formal,712.7814999999999,194.74,15,280,62
2022-07-17,Sur,Deportivo,635.11,153.2,0,311,66
2022-07-17,Sur,Accesorios,407.35200000000003,111.18,10,186,38
2022-07-17,Este,Ropa Casual,1037.872,180.38,10,488,93
2022-07-17,Este,Ropa Formal,1045.6,254.92,0,491,97
2022-07-17,Este,Deportivo,798.523,176.09,10,370,81
2022-07-17,Este,Accesorios,582.53,154.5,0,276,53
2022-07-17,Oeste,Ropa Casual,1087.97,227.84890034650437,0,531,98
2022-07-17,Oeste,Ropa Formal,1089.79,336.35,0,543,114
2022-07-17,Oeste,Deportivo,916.916,147.94,10,398,80
2022-07-17,Oeste,Accesorios,642.28,121.19,0,291,73
2022-07-17,Centro,Ropa Casual,1553.55,436.91,0,753,153
2022-07-17,Centro,Ropa Formal,2000.8319999999999,462.28,20,819,167
2022-07-17,Centro,Deportivo,1590.8524999999997,331.71,15,721,142
2022-07-17,Centro,Accesorios,1162.716,248.69,20,493,95
2022-07-18,Norte,Ropa Casual,1190.61,254.33,0,582,126
2022-07-18,Norte,Ropa Formal,1228.24,313.08303777937823,0,657,124
2022-07-18,Norte,Deportivo,923.95,177.59,0,471,96
2022-07-18,Norte,Accesorios,610.687,136.77,10,290,51
2022-07-18,Sur,Ropa Casual,758.121,146.73439756353096,5,337,73
2022-07-18,Sur,Ropa Formal,768.01,166.08,0,406,76
2022-07-18,Sur,Deportivo,646.54,132.0,0,293,57
2022-07-18,Sur,Accesorios,509.9535,74.77,5,244,53
2022-07-18,Este,Ropa Casual,926.71,216.9,0,464,96
2022-07-18,Este,Ropa Formal,1168.84,288.27,0,590,118
2022-07-18,Este,Deportivo,711.21,185.66,0,353,67
2022-07-18,Este,Accesorios,575.85,113.29,0,332,53
2022-07-18,Oeste,Ropa Casual,871.36,276.89,0,423,86
2022-07-18,Oeste,Ropa Formal,1034.93,251.8,0,513,111
2022-07-18,Oeste,Deportivo,643.54,202.74,0,299,55
2022-07-18,Oeste,Accesorios,680.812,133.0053472682153,10,316,61
2022-07-18,Centro,Ropa Casual,1455.81,455.13,0,776,150
2022-07-18,Centro,Ropa Formal,1904.154,516.57,5,838,180
2022-07-18,Centro,Deportivo,1288.02,338.78,0,657,134
2022-07-18,Centro,Accesorios,942.9803722231534,255.9,5,464,91
2022-07-19,Norte,Ropa Casual,1286.6370000000002,237.2,10,603,109
2022-07-19,Norte,Ropa Formal,1139.6458554122519,306.27,5,594,122
2022-07-19,Norte,Deportivo,932.07,207.77,0,446,101
2022-07-19,Norte,Accesorios,562.06,149.82,0,280,56
2022-07-19,Sur,Ropa Casual,719.02,125.93392082675668,0,336,84
2022-07-19,Sur,Ropa Formal,562.19,215.6,0,256,63
2022-07-19,Sur,Deportivo,512.79,145.0,0,254,51
2022-07-19,Sur,Accesorios,352.25,119.83,0,178,31
2022-07-19,Este,Ropa Casual,1262.4990000000003,237.77,5,592,122
2022-07-19,Este,Ropa Formal,1237.32,282.11,0,665,124
2022-07-19,Este,Deportivo,818.9390000000001,171.82,10,358,70
2022-07-19,Este,Accesorios,724.52,144.46,0,316,67
2022-07-19,Oeste,Ropa Casual,1069.563,230.33,10,494,99
2022-07-19,Oeste,Ropa Formal,1131.05,283.63,0,575,114
2022-07-19,Oeste,Deportivo,754.2810000000001,197.74,10,358,73
2022-07-19,Oeste,Accesorios,623.32,158.56,0,330,58
2022-07-19,Centro,Ropa Casual,1715.36,414.45,0,831,174
2022-07-19,Centro,Ropa Formal,1974.73,492.2,0,977,200
2022-07-19,Centro,Deportivo,1482.99,354.87,0,728,155
2022-07-19,Centro,Accesorios,960.5,234.16,0,478,100
2022-07-20,Norte,Ropa Casual,1065.2355,245.94,5,486,98
2022-07-20,Norte,Ropa Formal,1321.2675,256.1529973384545,5,621,125
2022-07-20,Norte,Deportivo,721.4235000000001,207.04,5,354,68
2022-07-20,Norte,Accesorios,734.77,180.88,0,387,66
2022-07-20,Sur,Ropa Casual,829.94,128.77,0,437,73
2022-07-20,Sur,Ropa Formal,1076.5230000000001,228.97,5,526,100
2022-07-20,Sur,Deportivo,582.1,113.3,0,289,51
2022-07-20,Sur,Accesorios,512.78,120.8,0,272,47
2022-07-20,Este,Ropa Casual,910.91,239.86,0,459,98
2022-07-20,Este,Ropa Formal,1054.053,312.73,10,486,96
2022-07-20,Este,Deportivo,842.4045,168.03,5,394,75
2022-07-20,Este,Accesorios,499.548,149.88,5,212,54
2022-07-20,Oeste,Ropa Casual,1191.8235,197.34,5,568,113
2022-07-20,Oeste,Ropa Formal,1225.11,298.96,0,607,121
2022-07-20,Oeste,Deportivo,683.44,201.92,0,331,59
2022-07-20,Oeste,Accesorios,519.91,150.6,0,249,58
2022-07-20,Centro,Ropa Casual,1478.49,426.89,0,722,151
2022-07-20,Centro,Ropa Formal,2057.44,435.19,0,1020,196
2022-07-20,Centro,Deportivo,1285.6305000000002,309.98,5,652,121
2022-07-20,Centro,Accesorios,1001.91,233.38,0,511,107
2022-07-21,Norte,Ropa Casual,1041.9675,219.0578942632346,5,490,97
2022-07-21,Norte,Ropa Formal,1272.8,315.3267673654848,0,626,131
2022-07-21,Norte,Deportivo,733.8,237.96,0,356,75
2022-07-21,Norte,Accesorios,744.3700000000001,163.75,10,339,72
2022-07-21,Sur,Ropa Casual,677.29,203.03,0,318,62
2022-07-21,Sur,Ropa Formal,853.61,168.84,0,422,84
2022-07-21,Sur,Deportivo,625.27,118.98,0,299,62
2022-07-21,Sur,Accesorios,548.74,98.76,0,263,59
2022-07-21,Este,Ropa Casual,977.52,234.21,0,500,103
2022-07-21,Este,Ropa Formal,1436.3475,288.42,5,699,136
2022-07-21,Este,Deportivo,782.6610000000001,116.81,10,363,79
2022-07-21,Este,Accesorios,632.32,137.73,0,323,62
2022-07-21,Oeste,Ropa Casual,1204.62,227.86,0,635,115
2022-07-21,Oeste,Ropa Formal,1084.03,320.69,0,543,104
2022-07-21,Oeste,Deportivo,857.388,219.6,5,406,72
2022-07-21,Oeste,Accesorios,596.45,127.79,0,276,60
2022-07-21,Centro,Ropa Casual,1860.6105,332.97314882342897,5,899,168
2022-07-21,Centro,Ropa Formal,2018.4560000000001,494.70559128425384,10,911,176
2022-07-21,Centro,Deportivo,1322.46,332.67,0,674,119
2022-07-21,Centro,Accesorios,998.14,240.02,0,483,100
2022-07-22,Norte,Ropa Casual,1076.3025,261.0450634852113,5,504,110
2022-07-22,Norte,Ropa Formal,1315.2404999999999,352.81,5,647,125
2022-07-22,Norte,Deportivo,862.2600000000001,198.59765520959942,5,428,78
2022-07-22,Norte,Accesorios,678.2,175.92,0,360,69
2022-07-22,Sur,Ropa Casual,716.3860000000001,162.94,10,300,57
2022-07-22,Sur,Ropa Formal,998.8125,165.56,5,496,96
2022-07-22,Sur,Deportivo,718.2629999999999,109.65,5,376,72
2022-07-22,Sur,Accesorios,437.682,88.41581955087737,5,189,42
2022-07-22,Este,Ropa Casual,872.5,258.83,0,425,85
2022-07-22,Este,Ropa Formal,1137.55,208.85076376906156,0,559,109
2022-07-22,Este,Deportivo,721.14,264.39,0,343,76
2022-07-22,Este,Accesorios,643.27,118.58,0,345,61
2022-07-22,Oeste,Ropa Casual,1166.627,182.11911660999755,10,510,100
2022-07-22,Oeste,Ropa Formal,1230.747,273.2,5,564,128
2022-07-22,Oeste,Deportivo,778.7780000000001,206.16,10,357,73
2022-07-22,Oeste,Accesorios,516.8063372377231,145.93,5,271,58
2022-07-22,Centro,Ropa Casual,1660.7955000000002,433.42,5,811,167
2022-07-22,Centro,Ropa Formal,2082.9795,430.98,5,979,199
2022-07-22,Centro,Deportivo,1471.785,367.57,5,705,145
2022-07-22,Centro,Accesorios,939.01,275.91,0,463,95
2022-07-23,Norte,Ropa Casual,1058.568,279.97,20,447,97
2022-07-23,Norte,Ropa Formal,1628.2504999999996,275.38,15,690,144
2022-07-23,Norte,Deportivo,1038.657,252.65,15,431,92
2022-07-23,Norte,Accesorios,737.9351535196382,143.62,15,338,64
2022-07-23,Sur,Ropa Casual,756.8390738013984,158.81,15,361,84
2022-07-23,Sur,Ropa Formal,808.29,213.08,0,392,80
2022-07-23,Sur,Deportivo,525.81,120.12,0,298,54
2022-07-23,Sur,Accesorios,379.15,95.68,0,195,33
2022-07-23,Este,Ropa Casual,973.38,216.79,0,470,93
2022-07-23,Este,Ropa Formal,1404.5639999999999,322.29,15,629,115
2022-07-23,Este,Deportivo,766.98,199.78,0,377,82
2022-07-23,Este,Accesorios,619.37,175.32,0,296,70
2022-07-23,Oeste,Ropa Casual,1024.53,220.78,0,479,98
2022-07-23,Oeste,Ropa Formal,1166.77,228.43,0,573,119
2022-07-23,Oeste,Deportivo,704.45,199.86,0,366,67
2022-07-23,Oeste,Accesorios,518.4373782315432,126.18,0,294,57
2022-07-23,Centro,Ropa Casual,1772.408528418796,365.17,10,927,174
2022-07-23,Centro,Ropa Formal,2296.3050000000003,463.0,10,1083,201
2022-07-23,Centro,Deportivo,1364.1262008096155,343.39,15,651,131
2022-07-23,Centro,Accesorios,897.54,273.86,0,476,81
2022-07-24,Norte,Ropa Casual,1047.1450000000002,278.03,10,486,95
2022-07-24,Norte,Ropa Formal,1765.8939999999998,366.45,15,730,147
2022-07-24,Norte,Deportivo,1053.1840000000002,222.49,10,470,89
2022-07-24,Norte,Accesorios,817.0,187.79,0,449,83
2022-07-24,Sur,Ropa Casual,534.0024999999999,109.25,15,223,53
2022-07-24,Sur,Ropa Formal,869.2234571755275,186.55,15,429,88
2022-07-24,Sur,Deportivo,622.95,103.2,0,305,64
2022-07-24,Sur,Accesorios,234.1324206685718,110.67,0,119,30
2022-07-24,Este,Ropa Casual,992.893,227.5,10,451,91
2022-07-24,Este,Ropa Formal,1343.6170000000002,338.78,10,619,124
2022-07-24,Este,Deportivo,961.5839999999998,209.54,15,448,84
2022-07-24,Este,Accesorios,652.93,183.37,0,346,59
2022-07-24,Oeste,Ropa Casual,1115.796,247.84,10,500,102
2022-07-24,Oeste,Ropa Formal,1188.7040000000002,274.2,10,536,105
2022-07-24,Oeste,Deportivo,741.73,170.73,0,354,72
2022-07-24,Oeste,Accesorios,500.83649999999994,150.94,15,225,45
2022-07-24,Centro,Ropa Casual,1604.68,414.35,10,735,155
2022-07-24,Centro,Ropa Formal,2578.62,497.53784010606034,20,1095,220
2022-07-24,Centro,Deportivo,1443.717,327.55,10,647,130
2022-07-24,Centro,Accesorios,837.49,280.22,0,399,83
2022-07-25,Norte,Ropa Casual,1168.2450000000001,249.19,30,450,87
2022-07-25,Norte,Ropa Formal,1279.2045,286.71,5,654,126
2022-07-25,Norte,Deportivo,941.4090000000001,243.27,5,455,90
2022-07-25,Norte,Accesorios,689.667,165.77851220626283,10,317,57
2022-07-25,Sur,Ropa Casual,718.1020000000001,148.15,10,330,72
2022-07-25,Sur,Ropa Formal,1038.24,132.6,20,477,83
2022-07-25,Sur,Deportivo,657.1919999999999,125.72,20,244,42
2022-07-25,Sur,Accesorios,443.628,59.57,20,203,39
2022-07-25,Este,Ropa Casual,1081.553,247.22,10,467,98
2022-07-25,Este,Ropa Formal,1307.271,339.1,5,628,129
2022-07-25,Este,Deportivo,1002.937,210.78,30,356,77
2022-07-25,Este,Accesorios,650.1719999999999,146.35,20,278,54
2022-07-25,Oeste,Ropa Casual,1039.665,233.24,10,489,94
2022-07-25,Oeste,Ropa Formal,1472.4675,224.72,5,707,132
2022-07-25,Oeste,Deportivo,804.1770000000001,226.65,10,382,67
2022-07-25,Oeste,Accesorios,612.8639999999999,134.17,5,283,58
2022-07-25,Centro,Ropa Casual,1969.62,444.28,20,812,166
2022-07-25,Centro,Ropa Formal,2115.7659321256783,511.98,10,1021,204
2022-07-25,Centro,Deportivo,1507.044,278.1029257074555,5,746,133
2022-07-25,Centro,Accesorios,1295.0990000000002,257.82659891497656,30,538,95
2022-07-26,Norte,Ropa Casual,1424.891,303.14,30,541,117
2022-07-26,Norte,Ropa Formal,1378.432,372.88,10,661,121
2022-07-26,Norte,Deportivo,1047.204,204.97,20,477,86
2022-07-26,Norte,Accesorios,961.14,179.44,20,398,81
2022-07-26,Sur,Ropa Casual,704.532,126.14,20,298,55
2022-07-26,Sur,Ropa Formal,876.7,180.27,10,392,84
2022-07-26,Sur,Deportivo,647.8919999999999,133.43,5,324,62
2022-07-26,Sur,Accesorios,422.59200000000004,77.34430142926985,20,216,33
2022-07-26,Este,Ropa Casual,1275.0045,233.17,5,633,115
2022-07-26,Este,Ropa Formal,1734.4730000000002,262.19,30,669,136
2022-07-26,Este,Deportivo,1199.315,187.25,30,449,85
2022-07-26,Este,Accesorios,635.5569830247762,137.93,5,301,72
2022-07-26,Oeste,Ropa Casual,1222.845,253.57,30,437,92
2022-07-26,Oeste,Ropa Formal,1513.6319999999998,297.21,20,629,128
2022-07-26,Oeste,Deportivo,797.688,254.23,20,321,75
2022-07-26,Oeste,Accesorios,691.152,139.77,5,338,62
2022-07-26,Centro,Ropa Casual,2030.1,372.78,20,876,173
2022-07-26,Centro,Ropa Formal,1890.5145,561.02,5,902,180
2022-07-26,Centro,Deportivo,1411.2120000000002,316.97,10,629,129
2022-07-26,Centro,Accesorios,1195.3919999999998,246.91140621535186,20,502,102
2022-07-27,Norte,Ropa Casual,1458.1439999999998,186.96,20,579,123
2022-07-27,Norte,Ropa Formal,1180.3575,246.92979744146746,5,575,114
2022-07-27,Norte,Deportivo,1105.068,201.52,20,496,89
2022-07-27,Norte,Accesorios,723.9100000000001,171.47059668904942,10,327,66
2022-07-27,Sur,Ropa Casual,906.9,162.93,20,382,74
2022-07-27,Sur,Ropa Formal,893.2679999999999,232.91,20,361,78
2022-07-27,Sur,Deportivo,531.816,130.28,20,211,39
2022-07-27,Sur,Accesorios,461.5905,90.14,5,238,49
2022-07-27,Este,Ropa Casual,1114.6960000000001,205.0,10,519,102
2022-07-27,Este,Ropa Formal,1481.8430000000003,322.02,10,633,134
2022-07-27,Este,Deportivo,775.0270000000002,214.36,10,322,85
2022-07-27,Este,Accesorios,710.6610000000001,112.66,5,272,59
2022-07-27,Oeste,Ropa Casual,867.2055,232.76,5,398,83
2022-07-27,Oeste,Ropa Formal,1339.4325000000001,257.56,5,678,125
2022-07-27,Oeste,Deportivo,819.7310000000001,164.63,10,358,72
2022-07-27,Oeste,Accesorios,729.833,133.41,30,284,48
2022-07-27,Centro,Ropa Casual,2009.5900000000004,369.63,10,926,184
2022-07-27,Centro,Ropa Formal,2227.0947481190838,488.16,30,931,192
2022-07-27,Centro,Deportivo,1478.961,356.5,10,679,138
2022-07-27,Centro,Accesorios,1165.764,276.5,20,513,93
2022-07-28,Norte,Ropa Casual,1035.768,225.02,20,477,87
2022-07-28,Norte,Ropa Formal,1780.128,278.86,20,767,140
2022-07-28,Norte,Deportivo,1088.388,230.54,20,464,94
2022-07-28,Norte,Accesorios,820.152,170.54,20,365,65
2022-07-28,Sur,Ropa Casual,897.9,141.54,20,369,79
2022-07-28,Sur,Ropa Formal,639.7335,187.78,5,296,59
2022-07-28,Sur,Deportivo,521.895,118.52,10,245,52
2022-07-28,Sur,Accesorios,514.521,104.75,5,233,51
2022-07-28,Este,Ropa Casual,826.826887682835,206.96,5,418,98
2022-07-28,Este,Ropa Formal,1341.333,307.14,5,642,128
2022-07-28,Este,Deportivo,1126.4759999999999,223.07,20,484,91
2022-07-28,Este,Accesorios,602.6279999999999,166.82,20,253,51
2022-07-28,Oeste,Ropa Casual,949.133056800289,215.27,5,484,106
2022-07-28,Oeste,Ropa Formal,1473.8075467449096,290.56,20,708,131
2022-07-28,Oeste,Deportivo,916.7965510087074,202.43,20,430,84
2022-07-28,Oeste,Accesorios,615.825,191.2,5,307,63
2022-07-28,Centro,Ropa Casual,1644.5520000000001,388.45028240121815,5,777,152
2022-07-28,Centro,Ropa Formal,2396.904,505.71,20,1005,204
2022-07-28,Centro,Deportivo,1533.5760000000002,345.25,10,696,135
2022-07-28,Centro,Accesorios,1159.3470000000002,291.67,5,566,114
2022-07-29,Norte,Ropa Casual,1312.464,220.64,20,571,108
2022-07-29,Norte,Ropa Formal,1347.4450000000002,333.08,10,596,114
2022-07-29,Norte,Deportivo,812.5089581528651,289.02,5,402,83
2022-07-29,Norte,Accesorios,551.1030000000001,173.68,5,280,54
2022-07-29,Sur,Ropa Casual,905.0600000000001,180.72,30,360,77
2022-07-29,Sur,Ropa Formal,806.883,240.08,10,331,77
2022-07-29,Sur,Deportivo,557.5805366316382,146.24,20,246,48
2022-07-29,Sur,Accesorios,453.17999999999995,110.86,20,174,41
2022-07-29,Este,Ropa Casual,1164.306,232.33635951871736,10,539,112
2022-07-29,Este,Ropa Formal,1088.052,344.24,20,440,99
2022-07-29,Este,Deportivo,886.4730000000001,165.39229645783468,5,460,86
2022-07-29,Este,Accesorios,810.492,170.76,20,331,72
2022-07-29,Oeste,Ropa Casual,1234.4640000000002,238.23994310183366,10,566,115
2022-07-29,Oeste,Ropa Formal,1440.241,267.83,10,704,135
2022-07-29,Oeste,Deportivo,918.6659999999999,162.13,5,444,90
2022-07-29,Oeste,Accesorios,563.8710000000001,126.71,10,223,50
2022-07-29,Centro,Ropa Casual,1958.2439999999997,455.46,20,788,157
2022-07-29,Centro,Ropa Formal,2767.726,468.62,30,1076,207
2022-07-29,Centro,Deportivo,1487.299,300.14,10,674,120
2022-07-29,Centro,Accesorios,1082.6090000000002,278.16,10,501,96
2022-07-30,Norte,Ropa Casual,1115.4421928078184,285.37,0,626,121
2022-07-30,Norte,Ropa Formal,1516.933,358.23,10,698,138
2022-07-30,Norte,Deportivo,834.1674848808195,242.83,0,457,93
2022-07-30,Norte,Accesorios,646.01,163.9,0,342,65
2022-07-30,Sur,Ropa Casual,663.91,162.02,0,337,68
2022-07-30,Sur,Ropa Formal,779.85,163.43363087652037,0,394,81
2022-07-30,Sur,Deportivo,730.4879999999999,105.05,20,299,68
2022-07-30,Sur,Accesorios,462.81,99.86435780785524,0,236,59
2022-07-30,Este,Ropa Casual,1161.699,224.58,10,503,107
2022-07-30,Este,Ropa Formal,1562.1485,286.05,15,691,135
2022-07-30,Este,Deportivo,945.0070798486583,152.63,15,451,94
2022-07-30,Este,Accesorios,763.224,133.14,10,367,72
2022-07-30,Oeste,Ropa Casual,1021.3170000000001,251.24,10,440,91
2022-07-30,Oeste,Ropa Formal,1101.79,298.11,0,511,114
2022-07-30,Oeste,Deportivo,753.22,155.55,0,360,78
2022-07-30,Oeste,Accesorios,902.5799999999999,124.06,20,386,73
2022-07-30,Centro,Ropa Casual,1850.189,382.5,10,828,179
2022-07-30,Centro,Ropa Formal,1889.13,557.57,0,943,188
2022-07-30,Centro,Deportivo,1695.9624999999999,320.39,15,736,139
2022-07-30,Centro,Accesorios,1183.0610000000001,275.88,10,520,104
2022-07-31,Norte,Ropa Casual,1127.98,273.55,0,584,125
2022-07-31,Norte,Ropa Formal,1412.97,384.26,0,684,145
2022-07-31,Norte,Deportivo,748.38,237.55,0,367,70
2022-07-31,Norte,Accesorios,627.7399429623406,157.9,10,301,54
2022-07-31,Sur,Ropa Casual,748.33,185.02,10,314,73
2022-07-31,Sur,Ropa Formal,863.1920000000001,194.1,10,362,72
2022-07-31,Sur,Deportivo,717.6689999999999,113.43,15,307,66
2022-07-31,Sur,Accesorios,441.7710000000001,90.36,10,176,35
2022-07-31,Este,Ropa Casual,1086.09,177.1,0,541,107
2022-07-31,Este,Ropa Formal,1515.378,251.91,15,660,129
2022-07-31,Este,Deportivo,968.544,201.25,20,388,69
2022-07-31,Este,Accesorios,647.32,143.5,0,324,66
2022-07-31,Oeste,Ropa Casual,950.99,225.4,0,476,94
2022-07-31,Oeste,Ropa Formal,1586.655,281.82,15,693,131
2022-07-31,Oeste,Deportivo,1012.6324999999998,206.73,15,437,92
2022-07-31,Oeste,Accesorios,676.536,153.08,20,296,52
2022-07-31,Centro,Ropa Casual,1340.5751371478696,390.76,0,717,149
2022-07-31,Centro,Ropa Formal,2040.7640000000001,507.93,10,937,178
2022-07-31,Centro,Deportivo,1260.72,318.08,0,644,128
2022-07-31,Centro,Accesorios,1183.097,297.44,15,492,109
2022-08-01,Norte,Ropa Casual,1112.831797037071,265.23,0,602,128
2022-08-01,Norte,Ropa Formal,1165.37,292.45,0,564,111
2022-08-01,Norte,Deportivo,1010.268,171.94,5,493,92
2022-08-01,Norte,Accesorios,688.67,151.08,0,323,59
2022-08-01,Sur,Ropa Casual,673.73,104.99,0,378,66
2022-08-01,Sur,Ropa Formal,700.56,167.86,0,349,69
2022-08-01,Sur,Deportivo,405.6,135.25,0,223,35
2022-08-01,Sur,Accesorios,489.588,103.56,10,218,40
2022-08-01,Este,Ropa Casual,1263.1185,231.93,5,601,116
2022-08-01,Este,Ropa Formal,1414.04,261.92,0,681,143
2022-08-01,Este,Deportivo,878.79,198.51,0,446,87
2022-08-01,Este,Accesorios,577.34,136.74,0,292,62
2022-08-01,Oeste,Ropa Casual,981.046,213.3106361021011,10,420,85
2022-08-01,Oeste,Ropa Formal,891.587064579322,216.6,0,503,99
2022-08-01,Oeste,Deportivo,782.11,168.41,0,381,72
2022-08-01,Oeste,Accesorios,589.0395000000001,141.69,5,300,48
2022-08-01,Centro,Ropa Casual,1823.04,355.75,0,896,185
2022-08-01,Centro,Ropa Formal,1954.49,485.1,0,976,196
2022-08-01,Centro,Deportivo,1340.7450000000001,339.28,5,649,123
2022-08-01,Centro,Accesorios,964.5531027264749,260.65,5,483,111
2022-08-02,Norte,Ropa Casual,1108.49,252.26,0,525,118
2022-08-02,Norte,Ropa Formal,1350.52,300.98,0,673,135
2022-08-02,Norte,Deportivo,860.43,241.82,0,424,83
2022-08-02,Norte,Accesorios,594.06,171.45,0,331,58
2022-08-02,Sur,Ropa Casual,688.04,156.941528057704,0,332,66
2022-08-02,Sur,Ropa Formal,944.5,162.89108970610937,0,478,104
2022-08-02,Sur,Deportivo,645.28,108.59,0,355,61
2022-08-02,Sur,Accesorios,462.85055192732773,87.84,5,235,41
2022-08-02,Este,Ropa Casual,805.32,195.86,0,424,87
2022-08-02,Este,Ropa Formal,1242.48,283.31,0,610,129
2022-08-02,Este,Deportivo,728.5425,162.39,5,331,67
2022-08-02,Este,Accesorios,672.15,137.63,0,314,68
2022-08-02,Oeste,Ropa Casual,1014.7935000000001,199.06663147554792,5,475,88
2022-08-02,Oeste,Ropa Formal,1390.5045,276.86,5,680,134
2022-08-02,Oeste,Deportivo,834.8865000000001,173.64,5,381,76
2022-08-02,Oeste,Accesorios,595.0566013690515,127.18452420261933,5,303,61
2022-08-02,Centro,Ropa Casual,1465.69,450.48,0,689,146
2022-08-02,Centro,Ropa Formal,2189.985,565.36,5,1029,204
2022-08-02,Centro,Deportivo,1222.6208446160533,340.88,5,597,127
2022-08-02,Centro,Accesorios,877.28,252.25,0,419,73
2022-08-03,Norte,Ropa Casual,1288.5495,202.08,5,598,118
2022-08-03,Norte,Ropa Formal,1323.94,323.56,0,686,137
2022-08-03,Norte,Deportivo,883.764,214.7,5,442,89
2022-08-03,Norte,Accesorios,633.71,119.49,0,343,59
2022-08-03,Sur,Ropa Casual,735.7633224928925,74.3925096377117,5,373,72
2022-08-03,Sur,Ropa Formal,955.2953249982614,195.19,0,543,109
2022-08-03,Sur,Deportivo,836.176,85.23,10,352,78
2022-08-03,Sur,Accesorios,431.58,104.87,0,201,43
2022-08-03,Este,Ropa Casual,1131.34,243.61,0,583,111
2022-08-03,Este,Ropa Formal,1176.43,309.43,0,575,108
2022-08-03,Este,Deportivo,710.0641586750434,180.14,0,403,72
2022-08-03,Este,Accesorios,587.643,128.37075828707728,5,304,57
2022-08-03,Oeste,Ropa Casual,1066.506,229.94,5,506,94
2022-08-03,Oeste,Ropa Formal,1091.71,278.62,0,583,104
2022-08-03,Oeste,Deportivo,730.3996893646417,132.69269642424968,0,378,89
2022-08-03,Oeste,Accesorios,490.59150000000005,101.26,5,247,36
2022-08-03,Centro,Ropa Casual,1578.12,436.24,0,773,154
2022-08-03,Centro,Ropa Formal,1951.87,464.69111026355034,0,986,196
2022-08-03,Centro,Deportivo,1243.88,369.93,0,643,125
2022-08-03,Centro,Accesorios,991.3,231.58,0,496,102
2022-08-04,Norte,Ropa Casual,1063.17,269.49,0,563,111
2022-08-04,Norte,Ropa Formal,1312.11,355.3,0,692,132
2022-08-04,Norte,Deportivo,901.41,188.69,0,433,88
2022-08-04,Norte,Accesorios,651.87,162.49,0,314,68
2022-08-04,Sur,Ropa Casual,882.53,156.38,0,446,87
2022-08-04,Sur,Ropa Formal,988.638,196.21,5,464,98
2022-08-04,Sur,Deportivo,662.193,120.06,5,311,62
2022-08-04,Sur,Accesorios,477.22,86.31,0,263,50
2022-08-04,Este,Ropa Casual,1029.4,237.46,0,545,104
2022-08-04,Este,Ropa Formal,1243.14,268.85,0,592,120
2022-08-04,Este,Deportivo,702.6254434542072,168.36,0,375,81
2022-08-04,Este,Accesorios,522.86,162.17,0,278,59
2022-08-04,Oeste,Ropa Casual,1034.28,192.71,0,528,99
2022-08-04,Oeste,Ropa Formal,1019.48,264.08,0,553,99
2022-08-04,Oeste,Deportivo,818.9055,169.26,5,403,76
2022-08-04,Oeste,Accesorios,562.67,166.76,0,268,52
2022-08-04,Centro,Ropa Casual,1802.304,419.23,5,870,174
2022-08-04,Centro,Ropa Formal,1936.01,499.7,0,946,194
2022-08-04,Centro,Deportivo,1276.44,376.57,0,647,128
2022-08-04,Centro,Accesorios,1112.2540000000001,258.74616022075793,10,553,110
2022-08-05,Norte,Ropa Casual,1051.93,262.13,0,494,113
2022-08-05,Norte,Ropa Formal,1172.2,311.18,0,615,109
2022-08-05,Norte,Deportivo,751.07,170.45,0,367,71
2022-08-05,Norte,Accesorios,620.823,153.13,5,311,51
2022-08-05,Sur,Ropa Casual,585.3401789293691,202.68050740726864,0,289,66
2022-08-05,Sur,Ropa Formal,836.5875000000001,277.26,5,359,80
2022-08-05,Sur,Deportivo,605.82,133.03,0,286,68
2022-08-05,Sur,Accesorios,343.413,92.6,5,158,33
2022-08-05,Este,Ropa Casual,947.58,208.7,0,506,95
2022-08-05,Este,Ropa Formal,1130.64,311.3,0,545,111
2022-08-05,Este,Deportivo,786.85,185.06,0,425,81
2022-08-05,Este,Accesorios,639.38,134.82,0,360,59
2022-08-05,Oeste,Ropa Casual,1138.4415000000001,197.85,5,542,103
2022-08-05,Oeste,Ropa Formal,1219.61,243.78,0,591,118
2022-08-05,Oeste,Deportivo,760.053,168.39,5,361,75
2022-08-05,Oeste,Accesorios,662.62,146.3,0,335,65
2022-08-05,Centro,Ropa Casual,1741.8450000000003,435.83,5,856,172
2022-08-05,Centro,Ropa Formal,2067.06,550.39,0,1024,210
2022-08-05,Centro,Deportivo,1503.327,369.07,5,765,141
2022-08-05,Centro,Accesorios,1079.89,275.11,0,493,106
2022-08-06,Norte,Ropa Casual,1137.9299309195924,254.89,15,542,112
2022-08-06,Norte,Ropa Formal,1381.06,328.2190168725393,0,698,129
2022-08-06,Norte,Deportivo,1062.38,217.12,10,492,99
2022-08-06,Norte,Accesorios,851.496,131.89,20,364,69
2022-08-06,Sur,Ropa Casual,725.516,182.51,10,320,67
2022-08-06,Sur,Ropa Formal,918.0710000000001,201.35,10,453,89
2022-08-06,Sur,Deportivo,579.326,118.94,10,255,55
2022-08-06,Sur,Accesorios,449.796,123.35,20,193,35
2022-08-06,Este,Ropa Casual,983.75,244.28,0,495,101
2022-08-06,Este,Ropa Formal,1459.71,273.56,0,735,149
2022-08-06,Este,Deportivo,694.4045,152.44,15,286,58
2022-08-06,Este,Accesorios,869.9159999999999,146.32,20,372,80
2022-08-06,Oeste,Ropa Casual,960.98,235.89,0,512,95
2022-08-06,Oeste,Ropa Formal,1243.9,317.86,0,627,132
2022-08-06,Oeste,Deportivo,762.23,181.51,0,406,87
2022-08-06,Oeste,Accesorios,759.4714999999999,144.23,15,322,73
2022-08-06,Centro,Ropa Casual,1834.26,410.09,20,756,154
2022-08-06,Centro,Ropa Formal,2277.2090000000003,461.56,10,1047,203
2022-08-06,Centro,Deportivo,1674.696,340.67,20,711,138
2022-08-06,Centro,Accesorios,1113.24,239.2790473773666,0,540,118
2022-08-07,Norte,Ropa Casual,1203.6719999999998,223.54,20,498,101
2022-08-07,Norte,Ropa Formal,1307.71,366.61,0,627,120
2022-08-07,Norte,Deportivo,1050.8584999999998,250.64,15,486,88
2022-08-07,Norte,Accesorios,801.5385,156.13,15,323,68
2022-08-07,Sur,Ropa Casual,698.34,150.93,0,326,67
2022-08-07,Sur,Ropa Formal,879.74,185.4,0,412,89
2022-08-07,Sur,Deportivo,430.32,125.93,0,214,44
2022-08-07,Sur,Accesorios,390.115,87.56,10,148,40
2022-08-07,Este,Ropa Casual,931.1390000000001,237.89,10,373,86
2022-08-07,Este,Ropa Formal,1259.37,231.64,0,633,117
2022-08-07,Este,Deportivo,975.6120000000001,209.46,10,473,89
2022-08-07,Este,Accesorios,694.144,133.49271476027943,10,304,53
2022-08-07,Oeste,Ropa Casual,802.33,230.28,0,419,79
2022-08-07,Oeste,Ropa Formal,1256.1219999999998,231.77,15,553,117
2022-08-07,Oeste,Deportivo,928.7788152319142,167.78,20,427,93
2022-08-07,Oeste,Accesorios,573.02,141.51,0,265,50
2022-08-07,Centro,Ropa Casual,1998.884,392.37680917690454,15,855,182
2022-08-07,Centro,Ropa Formal,2108.293,505.25,10,948,185
2022-08-07,Centro,Deportivo,1306.73,321.85,0,675,139
2022-08-07,Centro,Accesorios,1279.674,260.72,15,554,109
2022-08-08,Norte,Ropa Casual,1202.91,261.31,0,619,121
2022-08-08,Norte,Ropa Formal,1251.7575000000002,380.47,5,599,120
2022-08-08,Norte,Deportivo,977.62,172.25,0,497,95
2022-08-08,Norte,Accesorios,567.91,161.91,0,294,44
2022-08-08,Sur,Ropa Casual,704.0,104.88,0,367,62
2022-08-08,Sur,Ropa Formal,699.14,202.72,0,349,75
2022-08-08,Sur,Deportivo,691.4,116.19,0,335,76
2022-08-08,Sur,Accesorios,526.44,101.59,0,265,51
2022-08-08,Este,Ropa Casual,987.72,285.8,0,508,92
2022-08-08,Este,Ropa Formal,1196.4958942153182,319.31,5,614,127
2022-08-08,Este,Deportivo,700.24,144.98,0,352,67
2022-08-08,Este,Accesorios,683.59,145.53,0,351,64
2022-08-08,Oeste,Ropa Casual,1152.646,285.7,10,504,101
2022-08-08,Oeste,Ropa Formal,1237.71,315.95,0,640,122
2022-08-08,Oeste,Deportivo,885.86,199.75,0,473,91
2022-08-08,Oeste,Accesorios,560.36,89.46,0,272,59
2022-08-08,Centro,Ropa Casual,1714.22,447.94,0,834,163
2022-08-08,Centro,Ropa Formal,1727.03,552.41,0,876,168
2022-08-08,Centro,Deportivo,1310.1480000000001,346.88,5,622,117
2022-08-08,Centro,Accesorios,957.15,299.53,0,488,97
2022-08-09,Norte,Ropa Casual,1059.236538415293,251.36,0,548,115
2022-08-09,Norte,Ropa Formal,1195.4,332.14,0,595,124
2022-08-09,Norte,Deportivo,826.37,197.58,0,457,82
2022-08-09,Norte,Accesorios,744.18,126.31,0,369,70
2022-08-09,Sur,Ropa Casual,753.16,160.68,0,395,77
2022-08-09,Sur,Ropa Formal,926.52,184.18,0,487,95
2022-08-09,Sur,Deportivo,525.85,119.3,0,264,48
2022-08-09,Sur,Accesorios,455.6,84.58124890576912,0,202,44
2022-08-09,Este,Ropa Casual,1000.61,239.19,0,506,98
2022-08-09,Este,Ropa Formal,1532.2,235.16,0,764,152
2022-08-09,Este,Deportivo,774.28,205.67,0,395,91
2022-08-09,Este,Accesorios,494.25927194934116,155.56,0,259,60
2022-08-09,Oeste,Ropa Casual,1043.5110000000002,225.9821908957682,5,519,98
2022-08-09,Oeste,Ropa Formal,1265.84,277.26,0,639,131
2022-08-09,Oeste,Deportivo,848.67,175.25,0,418,78
2022-08-09,Oeste,Accesorios,604.1175000000001,135.08,5,286,50
2022-08-09,Centro,Ropa Casual,1655.35,461.75,0,811,163
2022-08-09,Centro,Ropa Formal,2132.5605,591.95,5,1035,196
2022-08-09,Centro,Deportivo,1382.44,321.93,0,723,130
2022-08-09,Centro,Accesorios,1028.01,244.52054682032036,0,514,107
2022-08-10,Norte,Ropa Casual,1320.711,273.64,5,640,126
2022-08-10,Norte,Ropa Formal,1376.1195,247.0677316373347,5,642,135
2022-08-10,Norte,Deportivo,953.3370000000001,236.12,5,455,92
2022-08-10,Norte,Accesorios,720.5,188.07,0,369,67
2022-08-10,Sur,Ropa Casual,673.1444003090535,199.34,0,384,83
2022-08-10,Sur,Ropa Formal,1145.28,126.33,0,560,119
2022-08-10,Sur,Deportivo,477.89,166.42,0,252,45
2022-08-10,Sur,Accesorios,387.7,65.09,0,223,38
2022-08-10,Este,Ropa Casual,1000.0515,204.08,5,457,91
2022-08-10,Este,Ropa Formal,1197.53,297.76,0,582,123
2022-08-10,Este,Deportivo,729.3,175.48907959531397,0,324,70
2022-08-10,Este,Accesorios,637.74,145.52,0,302,64
2022-08-10,Oeste,Ropa Casual,1003.29,239.32,0,495,93
2022-08-10,Oeste,Ropa Formal,860.99,268.75,0,446,81
2022-08-10,Oeste,Deportivo,618.06,199.52,0,306,65
2022-08-10,Oeste,Accesorios,569.68,150.61,0,297,53
2022-08-10,Centro,Ropa Casual,2108.337,392.49635214665614,5,984,189
2022-08-10,Centro,Ropa Formal,1915.6,598.6,0,977,189
2022-08-10,Centro,Deportivo,1534.42,364.04,0,751,147
2022-08-10,Centro,Accesorios,1023.9495000000001,259.13,5,493,100
2022-08-11,Norte,Ropa Casual,1031.2050000000002,223.16,5,506,90
2022-08-11,Norte,Ropa Formal,1272.45,353.8,0,632,130
2022-08-11,Norte,Deportivo,1018.8750000000001,235.06,10,471,95
2022-08-11,Norte,Accesorios,598.0905,174.12,5,275,48
2022-08-11,Sur,Ropa Casual,819.21,195.74,0,408,75
2022-08-11,Sur,Ropa Formal,753.16,160.76,0,376,84
2022-08-11,Sur,Deportivo,671.2335,121.88,5,265,63
2022-08-11,Sur,Accesorios,426.216,103.5,5,203,44
2022-08-11,Este,Ropa Casual,1224.2120000000002,223.41,10,560,116
2022-08-11,Este,Ropa Formal,1255.52,316.18,0,620,120
2022-08-11,Este,Deportivo,792.6659999999999,194.49641178581456,5,372,67
2022-08-11,Este,Accesorios,631.071,130.32,5,260,66
2022-08-11,Oeste,Ropa Casual,891.345,209.38,5,422,92
2022-08-11,Oeste,Ropa Formal,1370.75,233.32,0,660,142
2022-08-11,Oeste,Deportivo,673.7650538489514,212.0,0,344,77
2022-08-11,Oeste,Accesorios,620.75,154.36,0,315,59
2022-08-11,Centro,Ropa Casual,1915.2870000000003,452.58,10,875,169
2022-08-11,Centro,Ropa Formal,1966.59,433.95937142433746,0,963,196
2022-08-11,Centro,Deportivo,1314.92,342.31,0,672,123
2022-08-11,Centro,Accesorios,916.7,255.45,0,472,98
2022-08-12,Norte,Ropa Casual,1010.2575,287.17,5,484,101
2022-08-12,Norte,Ropa Formal,1131.63,369.51,0,557,117
2022-08-12,Norte,Deportivo,794.18,236.51,0,403,86
2022-08-12,Norte,Accesorios,585.2,148.33,0,299,64
2022-08-12,Sur,Ropa Casual,554.01,161.76,0,263,56
2022-08-12,Sur,Ropa Formal,746.172,167.41,5,323,75
2022-08-12,Sur,Deportivo,595.21,91.55152360359179,0,345,57
2022-08-12,Sur,Accesorios,412.09,104.95,0,196,35
2022-08-12,Este,Ropa Casual,1146.1,277.8,0,570,109
2022-08-12,Este,Ropa Formal,1249.44,279.47,0,634,130
2022-08-12,Este,Deportivo,774.8895,153.89,5,401,73
2022-08-12,Este,Accesorios,425.5,153.39,0,239,38
2022-08-12,Oeste,Ropa Casual,1003.68,238.01,0,487,103
2022-08-12,Oeste,Ropa Formal,1360.8735,259.08,5,643,126
2022-08-12,Oeste,Deportivo,764.3439616422971,151.63,0,430,85
2022-08-12,Oeste,Accesorios,774.0920000000001,123.72,10,314,72
2022-08-12,Centro,Ropa Casual,1927.2540000000001,417.89,5,934,187
2022-08-12,Centro,Ropa Formal,2140.5405,526.58,5,1057,208
2022-08-12,Centro,Deportivo,1408.48,373.01,0,690,141
2022-08-12,Centro,Accesorios,1005.5010000000001,257.08,5,490,93
2022-08-13,Norte,Ropa Casual,1375.836,319.75,10,611,121
2022-08-13,Norte,Ropa Formal,1411.3220000000001,318.01,10,622,124
2022-08-13,Norte,Deportivo,902.748,203.66,10,405,85
2022-08-13,Norte,Accesorios,716.7270000000001,175.59,10,326,70
2022-08-13,Sur,Ropa Casual,880.044,159.08,10,427,70
2022-08-13,Sur,Ropa Formal,994.0484999999999,247.76,15,469,81
2022-08-13,Sur,Deportivo,618.0,103.43,0,299,68
2022-08-13,Sur,Accesorios,572.44,85.22,10,275,54
2022-08-13,Este,Ropa Casual,1208.1719999999998,209.41,20,494,104
2022-08-13,Este,Ropa Formal,1154.57,271.42,0,558,115
2022-08-13,Este,Deportivo,750.55,221.72,0,386,69
2022-08-13,Este,Accesorios,570.5823155667068,160.13,10,329,55
2022-08-13,Oeste,Ropa Casual,1070.28,259.2,0,522,103
2022-08-13,Oeste,Ropa Formal,1044.483,320.91,10,474,101
2022-08-13,Oeste,Deportivo,911.4209999999999,152.25,15,410,74
2022-08-13,Oeste,Accesorios,617.0785,148.95,15,264,49
2022-08-13,Centro,Ropa Casual,1704.97,437.23,0,843,172
2022-08-13,Centro,Ropa Formal,1916.71,537.91,0,1003,187
2022-08-13,Centro,Deportivo,1455.4870000000003,325.18,10,681,134
2022-08-13,Centro,Accesorios,1180.344,258.34,10,516,108
2022-08-14,Norte,Ropa Casual,1459.7064999999998,314.84,15,639,135
2022-08-14,Norte,Ropa Formal,1467.36,341.89,0,732,149
2022-08-14,Norte,Deportivo,1006.411,199.4,15,428,90
2022-08-14,Norte,Accesorios,751.168,161.66,10,298,67
2022-08-14,Sur,Ropa Casual,818.593,132.85,15,355,80
2022-08-14,Sur,Ropa Formal,871.93,239.73,15,371,79
2022-08-14,Sur,Deportivo,577.016,124.34,10,244,44
2022-08-14,Sur,Accesorios,613.939,94.4,15,245,47
2022-08-14,Este,Ropa Casual,1149.64,236.27,0,561,118
2022-08-14,Este,Ropa Formal,1526.4754999999998,315.36,15,622,133
2022-08-14,Este,Deportivo,754.14,221.02,0,370,81
2022-08-14,Este,Accesorios,656.63,148.53,0,366,75
2022-08-14,Oeste,Ropa Casual,1048.223,261.1,10,451,95
2022-08-14,Oeste,Ropa Formal,884.8,239.27,0,437,94
2022-08-14,Oeste,Deportivo,733.32,178.08,0,364,78
2022-08-14,Oeste,Accesorios,622.41,148.2,0,321,62
2022-08-14,Centro,Ropa Casual,1966.107,398.42,10,881,163
2022-08-14,Centro,Ropa Formal,2002.0549018100169,423.97,0,1108,224
2022-08-14,Centro,Deportivo,1455.4540000000002,326.53,10,657,125
2022-08-14,Centro,Accesorios,1134.751,264.42,15,491,99
2022-08-15,Norte,Ropa Casual,1092.9134999999999,313.49,5,503,109
2022-08-15,Norte,Ropa Formal,1397.066,331.44,10,612,123
2022-08-15,Norte,Deportivo,811.3767218054483,208.84,0,447,91
2022-08-15,Norte,Accesorios,708.79,154.1,0,337,66
2022-08-15,Sur,Ropa Casual,628.98,108.01167097707805,0,326,56
2022-08-15,Sur,Ropa Formal,986.8482556957217,206.99,0,522,94
2022-08-15,Sur,Deportivo,592.72,107.33,0,318,54
2022-08-15,Sur,Accesorios,519.09,90.3,0,243,51
2022-08-15,Este,Ropa Casual,981.255,250.64,10,473,101
2022-08-15,Este,Ropa Formal,1279.6455,309.71,5,610,121
2022-08-15,Este,Deportivo,794.3000785632112,188.16,5,429,81
2022-08-15,Este,Accesorios,770.84,134.52,0,403,76
2022-08-15,Oeste,Ropa Casual,985.14,253.9,0,485,94
2022-08-15,Oeste,Ropa Formal,1018.83,283.93,0,531,108
2022-08-15,Oeste,Deportivo,915.16,180.01,0,422,90
2022-08-15,Oeste,Accesorios,478.651660872495,178.2,0,240,47
2022-08-15,Centro,Ropa Casual,1631.3431060579258,462.95,5,852,173
2022-08-15,Centro,Ropa Formal,2010.39,532.37,0,1016,195
2022-08-15,Centro,Deportivo,1385.91,338.92,0,675,133
2022-08-15,Centro,Accesorios,1136.102,264.39,10,510,100
2022-08-16,Norte,Ropa Casual,1190.15,291.6940418069039,0,567,123
2022-08-16,Norte,Ropa Formal,1120.779,317.9107346347304,10,518,101
2022-08-16,Norte,Deportivo,980.9100000000001,198.52,5,476,97
2022-08-16,Norte,Accesorios,789.712,185.57,10,339,74
2022-08-16,Sur,Ropa Casual,605.89,195.34,0,289,54
2022-08-16,Sur,Ropa Formal,1026.8790000000001,187.10313888733248,5,489,99
2022-08-16,Sur,Deportivo,436.62,153.06,0,215,35
2022-08-16,Sur,Accesorios,478.23,96.89,0,241,36
2022-08-16,Este,Ropa Casual,1050.92,223.1,0,566,102
2022-08-16,Este,Ropa Formal,1008.8540745882807,247.31,0,506,112
2022-08-16,Este,Deportivo,767.66,186.46,0,371,73
2022-08-16,Este,Accesorios,538.7865,144.81,5,302,48
2022-08-16,Oeste,Ropa Casual,1002.6765,194.22,5,455,89
2022-08-16,Oeste,Ropa Formal,1246.3,296.57,0,628,127
2022-08-16,Oeste,Deportivo,842.1945000000001,172.27,5,426,80
2022-08-16,Oeste,Accesorios,601.8495,137.77,5,304,61
2022-08-16,Centro,Ropa Casual,1758.09,489.62,0,874,176
2022-08-16,Centro,Ropa Formal,1986.23,542.55,0,1023,198
2022-08-16,Centro,Deportivo,1376.907,327.32,5,622,127
2022-08-16,Centro,Accesorios,1024.4115,266.21,5,458,98
2022-08-17,Norte,Ropa Casual,1032.864,263.77,5,472,106
2022-08-17,Norte,Ropa Formal,1414.06,310.24,0,690,143
2022-08-17,Norte,Deportivo,831.87,259.11,0,406,77
2022-08-17,Norte,Accesorios,658.62,126.11,0,342,69
2022-08-17,Sur,Ropa Casual,661.64,199.08,0,318,68
2022-08-17,Sur,Ropa Formal,928.242,234.77,5,431,94
2022-08-17,Sur,Deportivo,530.1010000000001,92.9,10,236,49
2022-08-17,Sur,Accesorios,549.79,65.1,0,259,48
2022-08-17,Este,Ropa Casual,1137.3180000000002,231.48,5,546,109
2022-08-17,Este,Ropa Formal,1222.727,197.37,10,566,113
2022-08-17,Este,Deportivo,763.35,231.812209574422,5,365,79
2022-08-17,Este,Accesorios,519.4778856366663,127.33165401154434,0,263,52
2022-08-17,Oeste,Ropa Casual,1013.6385,241.55,5,496,92
2022-08-17,Oeste,Ropa Formal,1201.3835408420148,301.97,5,632,124
2022-08-17,Oeste,Deportivo,780.2760000000001,185.89,5,359,77
2022-08-17,Oeste,Accesorios,575.63,147.13,0,275,62
2022-08-17,Centro,Ropa Casual,1386.0106271715774,498.47,0,776,153
2022-08-17,Centro,Ropa Formal,1993.822115148429,555.93,0,1118,209
2022-08-17,Centro,Deportivo,1371.513,368.25,10,638,120
2022-08-17,Centro,Accesorios,943.43,254.87,0,497,95
2022-08-18,Norte,Ropa Casual,1097.06,291.6,0,541,109
2022-08-18,Norte,Ropa Formal,1300.59,388.0,0,613,128
2022-08-18,Norte,Deportivo,939.09,233.52259360317532,0,484,92
2022-08-18,Norte,Accesorios,757.1865,180.52,5,375,71
2022-08-18,Sur,Ropa Casual,829.81,162.9,0,396,87
2022-08-18,Sur,Ropa Formal,677.7225000000001,200.87,5,304,52
2022-08-18,Sur,Deportivo,513.09,105.64,0,233,52
2022-08-18,Sur,Accesorios,447.8,65.36,0,219,44
2022-08-18,Este,Ropa Casual,1157.5515,244.88,5,534,108
2022-08-18,Este,Ropa Formal,1185.0720000000001,247.76659822972852,5,587,113
2022-08-18,Este,Deportivo,941.05,194.29,0,503,100
2022-08-18,Este,Accesorios,598.2278671401918,158.17,0,302,63
2022-08-18,Oeste,Ropa Casual,910.77,262.99,0,443,96
2022-08-18,Oeste,Ropa Formal,1440.78,216.08771124556083,10,648,126
2022-08-18,Oeste,Deportivo,1019.6670000000001,173.43,10,468,90
2022-08-18,Oeste,Accesorios,636.96,136.0,0,300,66
2022-08-18,Centro,Ropa Casual,1867.614,404.98,5,902,176
2022-08-18,Centro,Ropa Formal,2256.69,500.43,0,1158,231
2022-08-18,Centro,Deportivo,1480.48,378.61,0,759,151
2022-08-18,Centro,Accesorios,1051.35,269.99,0,550,102
2022-08-19,Norte,Ropa Casual,1001.77,255.34,0,488,104
2022-08-19,Norte,Ropa Formal,1179.91,291.64,0,561,121
2022-08-19,Norte,Deportivo,854.85,230.33,0,436,85
2022-08-19,Norte,Accesorios,788.0775,128.03,5,417,65
2022-08-19,Sur,Ropa Casual,727.0620000000001,106.83,5,347,71
2022-08-19,Sur,Ropa Formal,821.07,191.58,0,403,71
2022-08-19,Sur,Deportivo,665.4585,145.44,5,297,56
2022-08-19,Sur,Accesorios,362.8085031021257,100.56,0,197,29
2022-08-19,Este,Ropa Casual,1091.948,185.54,10,476,94
2022-08-19,Este,Ropa Formal,1148.448,278.66,5,571,100
2022-08-19,Este,Deportivo,836.8815,197.99,5,381,80
2022-08-19,Este,Accesorios,602.6,128.36,0,341,55
2022-08-19,Oeste,Ropa Casual,1093.1025,207.43,5,510,95
2022-08-19,Oeste,Ropa Formal,1052.7,298.64,0,544,110
2022-08-19,Oeste,Deportivo,806.12,111.95,0,378,74
2022-08-19,Oeste,Accesorios,654.3075,171.92,5,334,73
2022-08-19,Centro,Ropa Casual,1693.9965,390.53,5,823,174
2022-08-19,Centro,Ropa Formal,2170.6230000000005,512.83,5,1021,208
2022-08-19,Centro,Deportivo,1355.8755,316.5,5,644,130
2022-08-19,Centro,Accesorios,1013.47,263.84,0,510,99
2022-08-20,Norte,Ropa Casual,1257.806,251.6,10,574,119
2022-08-20,Norte,Ropa Formal,1381.78,366.92,0,699,137
2022-08-20,Norte,Deportivo,811.0,238.37,0,389,75
2022-08-20,Norte,Accesorios,646.19,176.73,0,331,63
2022-08-20,Sur,Ropa Casual,786.126,168.92,10,357,74
2022-08-20,Sur,Ropa Formal,1120.07,108.29,0,581,106
2022-08-20,Sur,Deportivo,585.44,140.3,0,285,44
2022-08-20,Sur,Accesorios,448.97600000000006,80.31,10,188,34
2022-08-20,Este,Ropa Casual,1206.3700000000001,200.72,10,530,110
2022-08-20,Este,Ropa Formal,1431.111,263.84,10,640,127
2022-08-20,Este,Deportivo,782.96,161.6220951041311,0,392,76
2022-08-20,Este,Accesorios,618.63,164.08,0,301,74
2022-08-20,Oeste,Ropa Casual,1118.9385,258.07,15,484,95
2022-08-20,Oeste,Ropa Formal,1452.024,291.35,20,654,120
2022-08-20,Oeste,Deportivo,592.1080406916391,241.22,10,284,52
2022-08-20,Oeste,Accesorios,695.52,133.59,0,314,72
2022-08-20,Centro,Ropa Casual,2136.4750000000004,448.39,10,985,189
2022-08-20,Centro,Ropa Formal,2330.724,534.84,10,1076,214
2022-08-20,Centro,Deportivo,1272.0568117947212,336.5,0,695,145
2022-08-20,Centro,Accesorios,1025.4750000000001,273.35,10,456,90
2022-08-21,Norte,Ropa Casual,952.94,255.19,0,470,98
2022-08-21,Norte,Ropa Formal,1374.9514999999997,326.756914396347,15,620,123
2022-08-21,Norte,Deportivo,952.78,214.06,0,509,101
2022-08-21,Norte,Accesorios,708.497921212595,143.48,20,303,59
2022-08-21,Sur,Ropa Casual,724.17,153.39,0,374,76
2022-08-21,Sur,Ropa Formal,1182.9479999999999,225.88,20,514,97
2022-08-21,Sur,Deportivo,563.95,97.21,0,275,47
2022-08-21,Sur,Accesorios,460.9440000000001,107.56,10,199,46
2022-08-21,Este,Ropa Casual,1055.7,210.05,0,510,107
2022-08-21,Este,Ropa Formal,1537.848,262.66,20,657,123
2022-08-21,Este,Deportivo,915.39,199.14,0,463,93
2022-08-21,Este,Accesorios,666.3190368217637,164.11,20,333,57
2022-08-21,Oeste,Ropa Casual,1247.6695,253.02,15,543,106
2022-08-21,Oeste,Ropa Formal,1423.9644999999998,295.53,15,594,125
2022-08-21,Oeste,Deportivo,1060.68,209.20019706525846,0,550,105
2022-08-21,Oeste,Accesorios,783.2330000000001,144.62,10,340,72
2022-08-21,Centro,Ropa Casual,1957.2769999999998,462.39,15,872,173
2022-08-21,Centro,Ropa Formal,2308.317,541.3,10,1056,216
2022-08-21,Centro,Deportivo,1639.275,352.8,10,740,146
2022-08-21,Centro,Accesorios,1290.072,268.56,20,527,110
2022-08-22,Norte,Ropa Casual,831.97,241.67,0,423,77
2022-08-22,Norte,Ropa Formal,1101.66,272.19014651128134,0,573,106
2022-08-22,Norte,Deportivo,814.422,215.56356130126542,5,378,73
2022-08-22,Norte,Accesorios,650.97,116.19576659853213,0,296,70
2022-08-22,Sur,Ropa Casual,752.58,161.84,0,380,74
2022-08-22,Sur,Ropa Formal,1005.27,183.18,0,501,99
2022-08-22,Sur,Deportivo,455.48668022159706,180.53,0,271,54
2022-08-22,Sur,Accesorios,363.1,71.18,0,166,37
2022-08-22,Este,Ropa Casual,1022.73,174.67067003316853,0,536,104
2022-08-22,Este,Ropa Formal,1231.0410000000002,274.15,5,594,119
2022-08-22,Este,Deportivo,827.6232409380717,198.33,0,432,85
2022-08-22,Este,Accesorios,537.84,140.99,0,263,53
2022-08-22,Oeste,Ropa Casual,1228.1640000000002,224.96,5,544,118
2022-08-22,Oeste,Ropa Formal,963.42,304.08,0,477,96
2022-08-22,Oeste,Deportivo,911.19,204.19,0,450,94
2022-08-22,Oeste,Accesorios,552.86,150.82,0,234,48
2022-08-22,Centro,Ropa Casual,1924.125,419.75,5,911,172
2022-08-22,Centro,Ropa Formal,2078.422668991287,474.44,0,1149,230
2022-08-22,Centro,Deportivo,1642.2890000000002,366.18,10,750,152
2022-08-22,Centro,Accesorios,1213.73,282.94,0,641,120
2022-08-23,Norte,Ropa Casual,1072.2075,253.21,5,526,89
2022-08-23,Norte,Ropa Formal,1323.5710556062531,323.89,0,700,148
2022-08-23,Norte,Deportivo,904.42,231.91,0,446,87
2022-08-23,Norte,Accesorios,745.03,153.41,10,313,71
2022-08-23,Sur,Ropa Casual,946.8470000000001,169.92,10,430,85
2022-08-23,Sur,Ropa Formal,602.59,149.54,0,267,54
2022-08-23,Sur,Deportivo,610.2389999999999,104.64,5,296,55
2022-08-23,Sur,Accesorios,431.024,71.01,10,219,43
2022-08-23,Este,Ropa Casual,905.0370000000001,274.42,5,456,85
2022-08-23,Este,Ropa Formal,1477.5810000000001,309.23,5,696,146
2022-08-23,Este,Deportivo,894.91,188.96,0,434,87
2022-08-23,Este,Accesorios,684.585,139.35,10,316,60
2022-08-23,Oeste,Ropa Casual,1203.9720000000002,191.9,5,558,116
2022-08-23,Oeste,Ropa Formal,1422.4245,275.03,5,712,138
2022-08-23,Oeste,Deportivo,751.59,205.89,0,382,78
2022-08-23,Oeste,Accesorios,625.62,119.91,0,314,71
2022-08-23,Centro,Ropa Casual,1857.12,443.27,0,919,180
2022-08-23,Centro,Ropa Formal,2054.69,488.56292176163436,0,1024,195
2022-08-23,Centro,Deportivo,1594.257,346.11,5,719,145
2022-08-23,Centro,Accesorios,1104.4,249.7,0,569,104
2022-08-24,Norte,Ropa Casual,1008.9480853450594,257.1921016139874,10,503,98
2022-08-24,Norte,Ropa Formal,1284.99,359.99,0,609,127
2022-08-24,Norte,Deportivo,768.11,176.32,0,389,76
2022-08-24,Norte,Accesorios,650.13,152.92,0,326,65
2022-08-24,Sur,Ropa Casual,828.639,160.05,5,396,79
2022-08-24,Sur,Ropa Formal,985.2700000000001,168.64,10,460,86
2022-08-24,Sur,Deportivo,565.61,97.44,0,306,53
2022-08-24,Sur,Accesorios,451.1535,91.95,5,205,40
2022-08-24,Este,Ropa Casual,1203.235,208.13,10,511,110
2022-08-24,Este,Ropa Formal,1151.82,313.12,0,549,117
2022-08-24,Este,Deportivo,780.8130000000001,184.59,10,342,61
2022-08-24,Este,Accesorios,603.72,145.49,0,294,64
2022-08-24,Oeste,Ropa Casual,951.16,225.89,0,470,99
2022-08-24,Oeste,Ropa Formal,1304.88,292.16,0,638,129
2022-08-24,Oeste,Deportivo,947.688,170.85,5,458,87
2022-08-24,Oeste,Accesorios,609.97,148.09,0,279,62
2022-08-24,Centro,Ropa Casual,1835.592,430.59,10,854,164
2022-08-24,Centro,Ropa Formal,2171.3894999999998,509.58409321179613,5,1019,199
2022-08-24,Centro,Deportivo,1542.702,358.15,5,726,149
2022-08-24,Centro,Accesorios,952.87,236.93,0,497,92
2022-08-25,Norte,Ropa Casual,1344.12,307.24,20,548,112
2022-08-25,Norte,Ropa Formal,1472.8340000000003,347.22,10,693,126
2022-08-25,Norte,Deportivo,1000.5683498306428,230.76,5,503,105
2022-08-25,Norte,Accesorios,693.6615,156.58,5,324,64
2022-08-25,Sur,Ropa Casual,864.7379999999999,153.77,5,433,84
2022-08-25,Sur,Ropa Formal,1089.264,213.41,20,454,88
2022-08-25,Sur,Deportivo,807.8840000000001,67.44,10,369,68
2022-08-25,Sur,Accesorios,531.444,105.77,20,193,36
2022-08-25,Este,Ropa Casual,1107.15,264.95,10,506,108
2022-08-25,Este,Ropa Formal,1602.78,285.06,20,668,134
2022-08-25,Este,Deportivo,703.7348616567749,226.0,5,372,69
2022-08-25,Este,Accesorios,585.2070000000001,161.32,5,295,58
2022-08-25,Oeste,Ropa Casual,993.2177126489246,270.81,5,528,106
2022-08-25,Oeste,Ropa Formal,1401.744,294.83,20,564,121
2022-08-25,Oeste,Deportivo,948.5039999999999,143.0,20,382,85
2022-08-25,Oeste,Accesorios,703.5840000000001,102.64,20,293,56
2022-08-25,Centro,Ropa Casual,1549.9302470504997,465.89,5,799,159
2022-08-25,Centro,Ropa Formal,2568.576,578.82,20,1053,212
2022-08-25,Centro,Deportivo,1483.988,361.97,10,656,129
2022-08-25,Centro,Accesorios,1062.0720000000001,272.08,10,501,98
2022-08-26,Norte,Ropa Casual,1043.1960000000001,242.51,10,434,94
2022-08-26,Norte,Ropa Formal,1478.652,279.34,20,629,120
2022-08-26,Norte,Deportivo,1216.371,181.77,30,466,96
2022-08-26,Norte,Accesorios,803.964,166.34,20,334,67
2022-08-26,Sur,Ropa Casual,689.6340000000001,113.29,10,331,61
2022-08-26,Sur,Ropa Formal,1115.3835000000001,217.25,5,540,103
2022-08-26,Sur,Deportivo,610.126,156.24,10,244,52
2022-08-26,Sur,Accesorios,519.013,109.86,10,209,46
2022-08-26,Este,Ropa Casual,1312.752,253.31,20,535,109
2022-08-26,Este,Ropa Formal,1271.8125,312.45,5,555,115
2022-08-26,Este,Deportivo,808.689,205.29,5,402,80
2022-08-26,Este,Accesorios,836.8928841016069,145.38,30,348,73
2022-08-26,Oeste,Ropa Casual,1339.152,209.38,20,530,108
2022-08-26,Oeste,Ropa Formal,1021.8248208463547,355.23,5,560,111
2022-08-26,Oeste,Deportivo,932.883,179.35,5,456,88
2022-08-26,Oeste,Accesorios,631.653,123.59823511007204,10,269,53
2022-08-26,Centro,Ropa Casual,1796.7810000000002,456.38,5,853,175
2022-08-26,Centro,Ropa Formal,2572.349,581.68,30,1008,191
2022-08-26,Centro,Deportivo,1605.288,370.92,20,665,137
2022-08-26,Centro,Accesorios,1133.265,269.06,5,514,110
2022-08-27,Norte,Ropa Casual,1236.0182901828066,270.084351121042,15,588,118
2022-08-27,Norte,Ropa Formal,1172.3889805450458,378.42,20,547,108
2022-08-27,Norte,Deportivo,1002.684,228.55,20,425,90
2022-08-27,Norte,Accesorios,806.21,183.97,0,415,76
2022-08-27,Sur,Ropa Casual,692.58,188.43,0,338,71
2022-08-27,Sur,Ropa Formal,1003.3199999999999,187.04,20,398,81
2022-08-27,Sur,Deportivo,658.7085,138.08,15,301,52
2022-08-27,Sur,Accesorios,524.018,74.39,10,251,51
2022-08-27,Este,Ropa Casual,1165.2604999999999,265.53,15,505,102
2022-08-27,Este,Ropa Formal,1488.8280000000002,247.72981577749724,10,696,124
2022-08-27,Este,Deportivo,857.3135,195.77,15,374,77
2022-08-27,Este,Accesorios,613.6237258328375,157.91626304183222,10,319,62
2022-08-27,Oeste,Ropa Casual,1222.0439999999999,270.87,20,515,100
2022-08-27,Oeste,Ropa Formal,1411.4294999999997,231.47,15,595,120
2022-08-27,Oeste,Deportivo,841.386,136.23,15,376,70
2022-08-27,Oeste,Accesorios,724.196,142.6,10,293,63
2022-08-27,Centro,Ropa Casual,1871.5620000000001,419.66,10,872,171
2022-08-27,Centro,Ropa Formal,2118.024,519.74,15,902,189
2022-08-27,Centro,Deportivo,1340.96,335.61,0,674,138
2022-08-27,Centro,Accesorios,1051.05,271.44,0,534,104
2022-08-28,Norte,Ropa Casual,1112.69,209.45,0,525,108
2022-08-28,Norte,Ropa Formal,1234.14,298.96,0,620,119
2022-08-28,Norte,Deportivo,1103.1599999999999,237.13,20,439,97
2022-08-28,Norte,Accesorios,629.8,184.93,0,347,59
2022-08-28,Sur,Ropa Casual,747.5574999999999,145.69,15,329,69
2022-08-28,Sur,Ropa Formal,1231.4429999999998,200.0,15,592,109
2022-08-28,Sur,Deportivo,552.19,122.41,0,261,64
2022-08-28,Sur,Accesorios,592.8249999999999,81.71,15,254,56
2022-08-28,Este,Ropa Casual,1311.048,257.93,20,501,108
2022-08-28,Este,Ropa Formal,1386.1985,313.57,15,607,122
2022-08-28,Este,Deportivo,798.57,201.31,0,421,83
2022-08-28,Este,Accesorios,684.8172504881053,123.96,10,324,73
2022-08-28,Oeste,Ropa Casual,1095.941,273.24,10,497,96
2022-08-28,Oeste,Ropa Formal,1324.704,297.26,20,564,113
2022-08-28,Oeste,Deportivo,706.662,200.91,10,311,62
2022-08-28,Oeste,Accesorios,467.6533150551853,191.7,0,305,59
2022-08-28,Centro,Ropa Casual,1766.86,460.55,0,901,180
2022-08-28,Centro,Ropa Formal,2142.81,508.67,0,1044,209
2022-08-28,Centro,Deportivo,1797.576,349.19,20,785,144
2022-08-28,Centro,Accesorios,1232.616,269.51,20,519,106
2022-08-29,Norte,Ropa Casual,1253.263,307.16,10,601,115
2022-08-29,Norte,Ropa Formal,1488.1790000000003,298.6367296655531,10,683,132
2022-08-29,Norte,Deportivo,891.5235000000001,164.28,5,416,84
2022-08-29,Norte,Accesorios,738.2760000000001,164.87,10,343,62
2022-08-29,Sur,Ropa Casual,749.052,178.0,20,318,63
2022-08-29,Sur,Ropa Formal,719.8800000000001,134.46,5,357,72
2022-08-29,Sur,Deportivo,626.652,181.2,20,266,49
2022-08-29,Sur,Accesorios,550.1320000000001,95.07344340473438,10,240,58
2022-08-29,Este,Ropa Casual,1244.1719999999998,257.34,20,516,99
2022-08-29,Este,Ropa Formal,1072.313,300.79,10,462,97
2022-08-29,Este,Deportivo,1083.744,189.76,20,484,89
2022-08-29,Este,Accesorios,763.422,156.86,10,383,81
2022-08-29,Oeste,Ropa Casual,1391.82,239.3,20,573,108
2022-08-29,Oeste,Ropa Formal,953.3685,317.41,5,438,82
2022-08-29,Oeste,Deportivo,877.7055,220.18,5,394,83
2022-08-29,Oeste,Accesorios,610.176,143.76,5,270,62
2022-08-29,Centro,Ropa Casual,1946.2065,437.08,5,905,189
2022-08-29,Centro,Ropa Formal,2137.4955,567.68,5,1026,196
2022-08-29,Centro,Deportivo,1432.4835,382.25,5,699,135
2022-08-29,Centro,Accesorios,1117.5907493268185,244.18,10,571,113
2022-08-30,Norte,Ropa Casual,1388.7,278.69,20,599,118
2022-08-30,Norte,Ropa Formal,1666.535,321.65,30,633,125
2022-08-30,Norte,Deportivo,1062.7633108831837,183.91,20,514,100
2022-08-30,Norte,Accesorios,766.128,143.93,20,335,59
2022-08-30,Sur,Ropa Casual,682.462,148.44,10,303,63
2022-08-30,Sur,Ropa Formal,1296.924,198.91,20,526,96
2022-08-30,Sur,Deportivo,722.189,140.5,30,245,52
2022-08-30,Sur,Accesorios,506.03700000000003,119.89,5,223,42
2022-08-30,Este,Ropa Casual,1301.028,215.03,20,571,105
2022-08-30,Este,Ropa Formal,1145.4345,351.14,5,560,114
2022-08-30,Este,Deportivo,1279.6680000000001,224.82,30,498,99
2022-08-30,Este,Accesorios,751.0020000000001,171.53,5,361,70
2022-08-30,Oeste,Ropa Casual,980.3140517367077,276.86,10,483,93
2022-08-30,Oeste,Ropa Formal,1721.964,238.98478775951656,20,707,143
2022-08-30,Oeste,Deportivo,939.8039999999999,183.67,20,398,76
2022-08-30,Oeste,Accesorios,742.4159999999999,119.01,20,311,59
2022-08-30,Centro,Ropa Casual,1908.1370000000002,364.43134109420913,10,865,183
2022-08-30,Centro,Ropa Formal,2793.791,526.18,30,1081,221
2022-08-30,Centro,Deportivo,1349.8242439810406,379.35,5,707,141
2022-08-30,Centro,Accesorios,1123.143,287.37,5,507,116
2022-08-31,Norte,Ropa Casual,1228.8990000000001,256.41,5,612,124
2022-08-31,Norte,Ropa Formal,1306.9350000000002,266.88,5,626,123
2022-08-31,Norte,Deportivo,1037.7250000000001,221.58,30,390,80
2022-08-31,Norte,Accesorios,715.7920000000001,193.71,10,309,66
2022-08-31,Sur,Ropa Casual,915.475,172.87,10,424,85
2022-08-31,Sur,Ropa Formal,739.7500000000001,118.41,10,319,69
2022-08-31,Sur,Deportivo,608.244,99.15,5,260,52
2022-08-31,Sur,Accesorios,433.499,71.66,10,224,38
2022-08-31,Este,Ropa Casual,1017.2360000000001,219.3,10,461,99
2022-08-31,Este,Ropa Formal,1353.627,272.15,10,601,116
2022-08-31,Este,Deportivo,891.9350000000001,166.69,10,417,81
2022-08-31,Este,Accesorios,661.408,126.26,10,340,63
2022-08-31,Oeste,Ropa Casual,1142.463,197.51,5,495,105
2022-08-31,Oeste,Ropa Formal,1480.2359999999999,300.16,20,605,120
2022-08-31,Oeste,Deportivo,1078.055,185.02,10,493,95
2022-08-31,Oeste,Accesorios,668.408,132.77,30,251,52
2022-08-31,Centro,Ropa Casual,1781.9445,449.22,5,810,169
2022-08-31,Centro,Ropa Formal,2498.2439999999997,504.94,20,1046,218
2022-08-31,Centro,Deportivo,1391.0930000000003,320.85,10,653,120
2022-08-31,Centro,Accesorios,1205.556,257.54,10,527,119
2022-09-01,Norte,Ropa Casual,935.14,274.99,0,462,89
2022-09-01,Norte,Ropa Formal,1538.48,288.7974236936926,0,749,156
2022-09-01,Norte,Deportivo,881.83,209.43,0,416,93
2022-09-01,Norte,Accesorios,685.0515,176.05,5,371,72
2022-09-01,Sur,Ropa Casual,810.1065,181.16,5,395,87
2022-09-01,Sur,Ropa Formal,850.89,200.64,0,448,84
2022-09-01,Sur,Deportivo,495.9660691840606,104.03,0,292,53
2022-09-01,Sur,Accesorios,509.91,112.39,0,279,50
2022-09-01,Este,Ropa Casual,1077.4365000000003,248.97,5,499,105
2022-09-01,Este,Ropa Formal,1181.989030445997,271.07,0,646,132
2022-09-01,Este,Deportivo,956.6340000000001,173.82,5,467,85
2022-09-01,Este,Accesorios,806.4430000000001,155.01,10,346,72
2022-09-01,Oeste,Ropa Casual,999.01,261.13,0,504,105
2022-09-01,Oeste,Ropa Formal,1320.6585,219.43,5,623,127
2022-09-01,Oeste,Deportivo,871.95,178.10063370373302,0,424,81
2022-09-01,Oeste,Accesorios,660.16,151.71,0,344,63
2022-09-01,Centro,Ropa Casual,1780.8525,427.77,5,855,167
2022-09-01,Centro,Ropa Formal,1584.6653962286282,476.4614949775517,0,882,175
2022-09-01,Centro,Deportivo,1370.46,385.87,5,676,130
2022-09-01,Centro,Accesorios,950.5,264.32,0,485,86
2022-09-02,Norte,Ropa Casual,900.91,255.39,0,481,88
2022-09-02,Norte,Ropa Formal,1418.64,371.02,0,719,143
2022-09-02,Norte,Deportivo,943.341,231.83,5,453,81
2022-09-02,Norte,Accesorios,756.27,144.88,0,392,80
2022-09-02,Sur,Ropa Casual,843.066,178.66,5,397,80
2022-09-02,Sur,Ropa Formal,883.44,184.98814788403536,0,467,87
2022-09-02,Sur,Deportivo,597.99,98.57,0,286,62
2022-09-02,Sur,Accesorios,476.87,55.72,0,237,51
2022-09-02,Este,Ropa Casual,1170.267,222.88,5,554,115
2022-09-02,Este,Ropa Formal,1318.21,291.78,0,644,134
2022-09-02,Este,Deportivo,879.33,198.16,0,425,88
2022-09-02,Este,Accesorios,642.94,165.14,0,344,61
2022-09-02,Oeste,Ropa Casual,971.81,223.3,0,479,92
2022-09-02,Oeste,Ropa Formal,1277.8605,299.62,5,586,124
2022-09-02,Oeste,Deportivo,781.58,183.26,0,406,72
2022-09-02,Oeste,Accesorios,749.68,151.06,0,379,72
2022-09-02,Centro,Ropa Casual,1703.78,478.24,0,836,161
2022-09-02,Centro,Ropa Formal,2043.1215,601.47,5,948,192
2022-09-02,Centro,Deportivo,1445.9445,319.63,5,684,139
2022-09-02,Centro,Accesorios,1084.34,259.44,0,520,106
2022-09-03,Norte,Ropa Casual,1324.433,292.22,10,633,118
2022-09-03,Norte,Ropa Formal,1504.3,331.2,0,743,153
2022-09-03,Norte,Deportivo,978.725,234.68,10,425,94
2022-09-03,Norte,Accesorios,835.5324999999999,158.11,15,327,78
2022-09-03,Sur,Ropa Casual,618.8600000000001,129.06042926641328,10,256,61
2022-09-03,Sur,Ropa Formal,894.6655,177.4845276288595,15,364,84
2022-09-03,Sur,Deportivo,672.74,121.40967920231242,0,335,71
2022-09-03,Sur,Accesorios,449.8,107.58,0,228,39
2022-09-03,Este,Ropa Casual,911.41,243.0768355702436,0,487,89
2022-09-03,Este,Ropa Formal,1401.092,308.73,10,613,127
2022-09-03,Este,Deportivo,1048.08,177.65,10,459,98
2022-09-03,Este,Accesorios,482.94,144.35,0,259,59
2022-09-03,Oeste,Ropa Casual,1272.52,235.49,0,606,121
2022-09-03,Oeste,Ropa Formal,1265.66,278.99,0,641,123
2022-09-03,Oeste,Deportivo,922.2194999999999,177.33,15,412,71
2022-09-03,Oeste,Accesorios,631.9060000000001,135.83,10,262,51
2022-09-03,Centro,Ropa Casual,1938.1294999999998,482.88,15,845,161
2022-09-03,Centro,Ropa Formal,2061.62,593.97,0,1029,214
2022-09-03,Centro,Deportivo,1258.64,386.06,0,629,124
2022-09-03,Centro,Accesorios,1229.987,250.82,10,572,114
2022-09-04,Norte,Ropa Casual,1213.02,330.42,20,508,91
2022-09-04,Norte,Ropa Formal,1007.55,358.71,0,480,97
2022-09-04,Norte,Deportivo,906.7,238.52,0,475,91
2022-09-04,Norte,Accesorios,807.456,152.24256978516127,20,355,69
2022-09-04,Sur,Ropa Casual,860.618,155.86,10,416,78
2022-09-04,Sur,Ropa Formal,920.16,218.8,0,484,93
2022-09-04,Sur,Deportivo,741.8765,132.22,15,274,68
2022-09-04,Sur,Accesorios,449.44,81.29841504412967,0,246,47
2022-09-04,Este,Ropa Casual,1169.527,228.39144151691536,15,470,104
2022-09-04,Este,Ropa Formal,1421.11,339.37,0,683,146
2022-09-04,Este,Deportivo,739.5817108519559,216.73,0,380,87
2022-09-04,Este,Accesorios,618.74,148.52,0,323,58
2022-09-04,Oeste,Ropa Casual,1110.978,261.6703651731426,10,496,106
2022-09-04,Oeste,Ropa Formal,1579.812,276.88,20,671,135
2022-09-04,Oeste,Deportivo,654.75,208.33,0,335,62
2022-09-04,Oeste,Accesorios,570.17,152.41728643325973,0,283,60
2022-09-04,Centro,Ropa Casual,1884.0910000000001,426.09,10,831,174
2022-09-04,Centro,Ropa Formal,2336.7655,510.63,15,1032,198
2022-09-04,Centro,Deportivo,1376.4,383.31,0,679,133
2022-09-04,Centro,Accesorios,1114.63,253.88,10,508,107
2022-09-05,Norte,Ropa Casual,1142.9522046008992,275.04,5,526,122
2022-09-05,Norte,Ropa Formal,1390.01,351.1,0,717,145
2022-09-05,Norte,Deportivo,1024.749,212.68,10,469,88
2022-09-05,Norte,Accesorios,569.373,142.31,5,274,53
2022-09-05,Sur,Ropa Casual,740.73,151.12,0,376,84
2022-09-05,Sur,Ropa Formal,843.5685605586859,111.49680832598939,0,451,100
2022-09-05,Sur,Deportivo,613.61,111.62,0,317,59
2022-09-05,Sur,Accesorios,422.69518062172267,81.44,5,223,48
2022-09-05,Este,Ropa Casual,981.08,293.42,0,483,99
2022-09-05,Este,Ropa Formal,1218.74,288.57,0,615,120
2022-09-05,Este,Deportivo,858.34,159.16,0,422,85
2022-09-05,Este,Accesorios,626.3879999999999,130.74322645599318,5,307,56
2022-09-05,Oeste,Ropa Casual,1176.56,241.21,0,582,120
2022-09-05,Oeste,Ropa Formal,1200.5910000000001,305.03,5,570,112
2022-09-05,Oeste,Deportivo,876.8100339749864,163.2,0,501,97
2022-09-05,Oeste,Accesorios,612.6015,133.33,5,296,57
2022-09-05,Centro,Ropa Casual,1668.74,452.89,0,845,168
2022-09-05,Centro,Ropa Formal,2208.844,512.22,10,983,203
2022-09-05,Centro,Deportivo,1544.088,357.77,5,713,145
2022-09-05,Centro,Accesorios,994.28,264.364679799082,0,520,110
2022-09-06,Norte,Ropa Casual,1085.8242407935695,246.72,0,583,118
2022-09-06,Norte,Ropa Formal,1246.5390000000002,283.62,5,608,118
2022-09-06,Norte,Deportivo,905.55,260.55,0,441,88
2022-09-06,Norte,Accesorios,805.182,158.19,5,383,72
2022-09-06,Sur,Ropa Casual,460.17,138.25,0,268,32
2022-09-06,Sur,Ropa Formal,749.9580000000001,244.66,10,355,66
2022-09-06,Sur,Deportivo,524.6347863725832,164.33,0,286,62
2022-09-06,Sur,Accesorios,551.023,108.42,10,240,50
2022-09-06,Este,Ropa Casual,1126.6395,197.27348692927427,5,573,108
2022-09-06,Este,Ropa Formal,1247.9775,317.04,5,574,119
2022-09-06,Este,Deportivo,840.0735000000001,165.52,5,388,77
2022-09-06,Este,Accesorios,504.52,126.3477234143583,0,251,45
2022-09-06,Oeste,Ropa Casual,1031.2785,314.77,5,468,96
2022-09-06,Oeste,Ropa Formal,1441.6930000000002,376.69,10,679,134
2022-09-06,Oeste,Deportivo,910.448,184.57,10,438,86
2022-09-06,Oeste,Accesorios,635.8275,148.49,5,274,51
2022-09-06,Centro,Ropa Casual,1793.902,475.22,10,799,161
2022-09-06,Centro,Ropa Formal,2208.04,526.0,0,1116,221
2022-09-06,Centro,Deportivo,1355.55,351.54,0,659,134
2022-09-06,Centro,Accesorios,1175.202,268.14,5,581,113
2022-09-07,Norte,Ropa Casual,1131.22,252.01,0,508,106
2022-09-07,Norte,Ropa Formal,1419.81,313.32,0,690,156
2022-09-07,Norte,Deportivo,890.694,202.28509604578267,5,412,83
2022-09-07,Norte,Accesorios,753.05,129.34,0,389,77
2022-09-07,Sur,Ropa Casual,713.76,153.82,0,354,76
2022-09-07,Sur,Ropa Formal,918.9285,224.73,5,434,89
2022-09-07,Sur,Deportivo,699.56,158.96,0,372,68
2022-09-07,Sur,Accesorios,444.01,100.67,0,186,52
2022-09-07,Este,Ropa Casual,1184.8935000000001,228.22,5,550,117
2022-09-07,Este,Ropa Formal,1288.7175,312.61,5,614,119
2022-09-07,Este,Deportivo,852.894,183.94,5,411,83
2022-09-07,Este,Accesorios,693.1,107.38636928914674,0,323,75
2022-09-07,Oeste,Ropa Casual,1058.76,198.0,0,510,108
2022-09-07,Oeste,Ropa Formal,962.5,326.46,0,465,90
2022-09-07,Oeste,Deportivo,843.13,180.29,0,404,73
2022-09-07,Oeste,Accesorios,581.83,122.05,0,303,51
2022-09-07,Centro,Ropa Casual,1902.76,494.34,0,944,200
2022-09-07,Centro,Ropa Formal,2048.3540000000003,554.2,10,913,190
2022-09-07,Centro,Deportivo,1466.01,344.05,0,699,138
2022-09-07,Centro,Accesorios,1145.7495000000001,301.77,5,565,101
2022-09-08,Norte,Ropa Casual,1272.8625,282.43405945768563,5,594,113
2022-09-08,Norte,Ropa Formal,1242.3375472173418,294.51,10,642,122
2022-09-08,Norte,Deportivo,953.062,255.6,10,431,92
2022-09-08,Norte,Accesorios,636.34,162.48,0,345,59
2022-09-08,Sur,Ropa Casual,646.12,89.36,0,320,67
2022-09-08,Sur,Ropa Formal,827.12,218.13,0,437,90
2022-09-08,Sur,Deportivo,410.81787986482215,119.71,0,215,41
2022-09-08,Sur,Accesorios,390.033,97.37,5,201,37
2022-09-08,Este,Ropa Casual,873.79,269.34,0,416,84
2022-09-08,Este,Ropa Formal,1246.87,259.12,0,621,124
2022-09-08,Este,Deportivo,701.29,204.17,0,380,74
2022-09-08,Este,Accesorios,647.7135000000001,121.62,5,299,62
2022-09-08,Oeste,Ropa Casual,1152.63,214.88,0,586,109
2022-09-08,Oeste,Ropa Formal,1008.1786575007446,245.83,0,552,118
2022-09-08,Oeste,Deportivo,877.4115,230.8,5,413,73
2022-09-08,Oeste,Accesorios,633.86,151.15,0,327,68
2022-09-08,Centro,Ropa Casual,1800.99,450.1,0,870,175
2022-09-08,Centro,Ropa Formal,2282.83,573.34,0,1149,226
2022-09-08,Centro,Deportivo,1593.795,342.29,5,773,154
2022-09-08,Centro,Accesorios,870.6527857688809,277.33,5,408,88
2022-09-09,Norte,Ropa Casual,923.9249394595945,264.53,0,556,103
2022-09-09,Norte,Ropa Formal,1261.78,347.12,0,603,132
2022-09-09,Norte,Deportivo,960.61,210.59,0,492,107
2022-09-09,Norte,Accesorios,676.687,144.97,10,329,58
2022-09-09,Sur,Ropa Casual,856.89,187.3,0,404,86
2022-09-09,Sur,Ropa Formal,1074.2865,159.84,5,504,105
2022-09-09,Sur,Deportivo,704.65,127.59832679022094,0,315,80
2022-09-09,Sur,Accesorios,433.97,127.12,0,226,47
2022-09-09,Este,Ropa Casual,796.51,304.52,0,386,75
2022-09-09,Este,Ropa Formal,1463.532,315.43,5,694,136
2022-09-09,Este,Deportivo,873.4845,221.63,5,416,81
2022-09-09,Este,Accesorios,679.558,156.15,10,289,61
2022-09-09,Oeste,Ropa Casual,944.56,210.76,0,486,93
2022-09-09,Oeste,Ropa Formal,1322.622,306.5,5,638,119
2022-09-09,Oeste,Deportivo,802.04,164.78,0,418,82
2022-09-09,Oeste,Accesorios,597.24,142.78,0,297,65
2022-09-09,Centro,Ropa Casual,1650.01,455.84,0,793,165
2022-09-09,Centro,Ropa Formal,2053.8525,557.4,5,1000,206
2022-09-09,Centro,Deportivo,1294.9671419491021,363.13,10,636,130
2022-09-09,Centro,Accesorios,1014.43,288.82,0,457,102
2022-09-10,Norte,Ropa Casual,1134.85,249.36,0,537,111
2022-09-10,Norte,Ropa Formal,1478.0949999999998,365.76,15,622,125
2022-09-10,Norte,Deportivo,1110.989,272.64,10,483,95
2022-09-10,Norte,Accesorios,733.42,180.98,0,390,76
2022-09-10,Sur,Ropa Casual,704.462,138.34799845480498,10,345,73
2022-09-10,Sur,Ropa Formal,896.7090000000002,168.77,10,427,92
2022-09-10,Sur,Deportivo,642.74,144.61,0,313,61
2022-09-10,Sur,Accesorios,448.52,97.35,0,219,46
2022-09-10,Este,Ropa Casual,962.16,241.08,0,475,92
2022-09-10,Este,Ropa Formal,1303.896,305.86,20,562,109
2022-09-10,Este,Deportivo,1027.764,228.95,20,433,88
2022-09-10,Este,Accesorios,592.12,167.45,0,301,59
2022-09-10,Oeste,Ropa Casual,1105.081,212.04,15,471,98
2022-09-10,Oeste,Ropa Formal,1249.235016042355,407.48,10,585,126
2022-09-10,Oeste,Deportivo,971.12,200.64,0,476,86
2022-09-10,Oeste,Accesorios,707.227,123.5798438839564,15,301,64
2022-09-10,Centro,Ropa Casual,1745.6519717686353,425.98677490321313,0,911,193
2022-09-10,Centro,Ropa Formal,2226.9060000000004,493.06877215996303,10,1002,198
2022-09-10,Centro,Deportivo,1621.5839999999998,318.58,20,680,135
2022-09-10,Centro,Accesorios,1306.6185,256.72312534803893,15,585,119
2022-09-11,Norte,Ropa Casual,1270.62,220.42,0,641,138
2022-09-11,Norte,Ropa Formal,1660.176,306.06,20,695,146
2022-09-11,Norte,Deportivo,903.0509005515552,240.06067448728078,0,462,98
2022-09-11,Norte,Accesorios,618.88,198.63,0,309,65
2022-09-11,Sur,Ropa Casual,645.3,182.71,0,326,68
2022-09-11,Sur,Ropa Formal,1176.777366162442,158.59,0,656,126
2022-09-11,Sur,Deportivo,496.70537707717443,162.92,0,282,61
2022-09-11,Sur,Accesorios,541.88,92.95,15,232,51
2022-09-11,Este,Ropa Casual,1330.142,297.72,10,571,119
2022-09-11,Este,Ropa Formal,1726.212,330.01,20,716,142
2022-09-11,Este,Deportivo,895.52,218.39,0,438,83
2022-09-11,Este,Accesorios,638.1614460778628,147.6,10,313,69
2022-09-11,Oeste,Ropa Casual,1277.064,225.37528043395253,20,532,109
2022-09-11,Oeste,Ropa Formal,1416.2060000000001,298.56,10,619,127
2022-09-11,Oeste,Deportivo,836.98,210.15,0,380,87
2022-09-11,Oeste,Accesorios,653.2460000000001,138.61,10,325,60
2022-09-11,Centro,Ropa Casual,1975.8090000000002,449.33,10,890,172
2022-09-11,Centro,Ropa Formal,2433.5265,574.65,15,1071,211
2022-09-11,Centro,Deportivo,1588.8840000000002,384.46,10,731,137
2022-09-11,Centro,Accesorios,1036.343,283.32,10,435,89
2022-09-12,Norte,Ropa Casual,1366.3540000000003,344.38,10,621,123
2022-09-12,Norte,Ropa Formal,1245.3869640949874,262.08,0,684,135
2022-09-12,Norte,Deportivo,814.03,214.32,0,421,79
2022-09-12,Norte,Accesorios,645.81,182.52,0,299,67
2022-09-12,Sur,Ropa Casual,623.24,162.48,0,332,56
2022-09-12,Sur,Ropa Formal,1046.353,171.1763370711994,10,471,91
2022-09-12,Sur,Deportivo,465.718336371974,98.98,0,234,49
2022-09-12,Sur,Accesorios,500.44,83.1,0,245,49
2022-09-12,Este,Ropa Casual,1178.64,211.34,0,600,117
2022-09-12,Este,Ropa Formal,1441.56,391.57,0,727,144
2022-09-12,Este,Deportivo,741.0,220.21,0,375,82
2022-09-12,Este,Accesorios,657.678,169.55,5,318,72
2022-09-12,Oeste,Ropa Casual,1167.5,209.94,0,554,124
2022-09-12,Oeste,Ropa Formal,1244.9325000000001,296.41,5,595,127
2022-09-12,Oeste,Deportivo,828.06,151.8,0,401,74
2022-09-12,Oeste,Accesorios,551.86,154.91,0,307,59
2022-09-12,Centro,Ropa Casual,1918.413,462.2,5,912,185
2022-09-12,Centro,Ropa Formal,2316.89,602.83,0,1103,233
2022-09-12,Centro,Deportivo,1604.8515000000002,338.9686885371234,5,765,154
2022-09-12,Centro,Accesorios,982.94,233.76167954267848,0,471,90
2022-09-13,Norte,Ropa Casual,1135.35,259.32,0,551,113
2022-09-13,Norte,Ropa Formal,1232.042912987181,302.48,0,706,138
2022-09-13,Norte,Deportivo,1096.9245,189.70549738269372,5,533,108
2022-09-13,Norte,Accesorios,690.82,196.02,0,300,64
2022-09-13,Sur,Ropa Casual,887.623,172.9,10,386,81
2022-09-13,Sur,Ropa Formal,928.09,216.05,0,461,99
2022-09-13,Sur,Deportivo,595.014,131.1018553652479,5,317,59
2022-09-13,Sur,Accesorios,450.05,70.51196092731438,0,232,54
2022-09-13,Este,Ropa Casual,985.63,258.04,0,466,99
2022-09-13,Este,Ropa Formal,1572.9945,302.4,5,757,146
2022-09-13,Este,Deportivo,954.86,175.89,0,502,95
2022-09-13,Este,Accesorios,779.3280000000001,148.05,10,363,66
2022-09-13,Oeste,Ropa Casual,1018.3845,230.2,5,483,92
2022-09-13,Oeste,Ropa Formal,1287.0585,372.07,5,619,123
2022-09-13,Oeste,Deportivo,681.97,204.18,0,314,65
2022-09-13,Oeste,Accesorios,617.379,145.41,5,290,58
2022-09-13,Centro,Ropa Casual,1885.411,458.16,10,853,168
2022-09-13,Centro,Ropa Formal,2105.0295,436.62,5,968,195
2022-09-13,Centro,Deportivo,1466.53,401.02,0,780,147
2022-09-13,Centro,Accesorios,1164.0720000000001,278.91,5,561,108
2022-09-14,Norte,Ropa Casual,1272.3375,294.45,5,580,117
2022-09-14,Norte,Ropa Formal,1121.98,351.88,0,581,108
2022-09-14,Norte,Deportivo,943.07,275.35,0,463,98
2022-09-14,Norte,Accesorios,593.7098744600522,156.42,0,309,67
2022-09-14,Sur,Ropa Casual,658.70142734531,144.87688372585262,5,334,77
2022-09-14,Sur,Ropa Formal,741.91,188.03,0,388,71
2022-09-14,Sur,Deportivo,735.33,119.74,0,386,76
2022-09-14,Sur,Accesorios,470.16200000000003,122.89,10,239,44
2022-09-14,Este,Ropa Casual,1038.0825,233.63,5,521,104
2022-09-14,Este,Ropa Formal,1198.86,252.32,0,609,115
2022-09-14,Este,Deportivo,1007.6115000000001,216.77,5,479,88
2022-09-14,Este,Accesorios,658.5590000000001,138.6,10,316,63
2022-09-14,Oeste,Ropa Casual,925.9420634642629,231.5,0,510,100
2022-09-14,Oeste,Ropa Formal,1271.12,255.84,0,626,131
2022-09-14,Oeste,Deportivo,802.8792446636098,182.03,0,424,90
2022-09-14,Oeste,Accesorios,611.22,171.86,0,303,55
2022-09-14,Centro,Ropa Casual,1825.53,439.21,5,850,168
2022-09-14,Centro,Ropa Formal,2201.13,495.86,0,1075,226
2022-09-14,Centro,Deportivo,1469.53,334.0030574859041,0,732,143
2022-09-14,Centro,Accesorios,1052.34,270.26,0,502,109
2022-09-15,Norte,Ropa Casual,1193.324,305.88,10,577,108
2022-09-15,Norte,Ropa Formal,1420.482,377.97,5,646,128
2022-09-15,Norte,Deportivo,883.6485000000001,241.26,5,424,80
2022-09-15,Norte,Accesorios,666.29,179.93,0,368,68
2022-09-15,Sur,Ropa Casual,470.03,153.143739864827,0,215,51
2022-09-15,Sur,Ropa Formal,686.31,182.6432665542929,0,318,61
2022-09-15,Sur,Deportivo,667.3394642594194,137.04222140059545,0,359,77
2022-09-15,Sur,Accesorios,392.21,104.58,0,178,41
2022-09-15,Este,Ropa Casual,1072.1,240.5572375924027,0,538,106
2022-09-15,Este,Ropa Formal,1138.44,334.2,0,526,123
2022-09-15,Este,Deportivo,859.77,193.8,0,442,87
2022-09-15,Este,Accesorios,742.74,157.64,0,349,71
2022-09-15,Oeste,Ropa Casual,930.3629999999999,267.13,5,402,93
2022-09-15,Oeste,Ropa Formal,1362.186,319.22,5,626,120
2022-09-15,Oeste,Deportivo,771.9705,205.0,5,359,74
2022-09-15,Oeste,Accesorios,579.18,142.14,0,322,64
2022-09-15,Centro,Ropa Casual,1689.1086088323418,458.2,0,910,180
2022-09-15,Centro,Ropa Formal,1973.03,552.04,0,978,198
2022-09-15,Centro,Deportivo,1350.7,377.3,0,661,137
2022-09-15,Centro,Accesorios,1212.83,289.91,0,620,113
2022-09-16,Norte,Ropa Casual,1389.3915000000002,264.68,5,684,135
2022-09-16,Norte,Ropa Formal,1081.5,298.16,0,529,122
2022-09-16,Norte,Deportivo,903.0525,215.0118245177966,5,438,87
2022-09-16,Norte,Accesorios,671.74,180.02,0,370,67
2022-09-16,Sur,Ropa Casual,700.1170000000001,133.91,10,315,51
2022-09-16,Sur,Ropa Formal,1016.79,203.79,0,519,93
2022-09-16,Sur,Deportivo,457.68,119.73,0,225,45
2022-09-16,Sur,Accesorios,511.96,96.15,0,228,43
2022-09-16,Este,Ropa Casual,1191.43,228.62,0,606,121
2022-09-16,Este,Ropa Formal,1261.7977738705251,297.83,0,673,146
2022-09-16,Este,Deportivo,862.55,202.01,0,411,74
2022-09-16,Este,Accesorios,727.37,152.28,0,344,70
2022-09-16,Oeste,Ropa Casual,1035.678,290.16,5,486,102
2022-09-16,Oeste,Ropa Formal,1440.736,247.39,10,671,134
2022-09-16,Oeste,Deportivo,741.8145000000001,227.43,5,352,65
2022-09-16,Oeste,Accesorios,733.315,148.16,10,336,63
2022-09-16,Centro,Ropa Casual,1798.44,500.7,0,884,174
2022-09-16,Centro,Ropa Formal,2075.59,556.45,0,1033,203
2022-09-16,Centro,Deportivo,1375.941,313.35,5,651,129
2022-09-16,Centro,Accesorios,1154.0865000000001,277.69,5,556,111
2022-09-17,Norte,Ropa Casual,1083.8999999999999,276.28,20,444,90
2022-09-17,Norte,Ropa Formal,1510.111,385.11,15,649,131
2022-09-17,Norte,Deportivo,897.33,234.27,0,462,94
2022-09-17,Norte,Accesorios,659.57,179.64,0,283,74
2022-09-17,Sur,Ropa Casual,1000.1664999999999,195.75,15,401,83
2022-09-17,Sur,Ropa Formal,1059.51,226.36,0,519,102
2022-09-17,Sur,Deportivo,724.724,111.89,10,323,66
2022-09-17,Sur,Accesorios,441.045,97.12,10,240,42
2022-09-17,Este,Ropa Casual,882.8887877628106,267.42,0,483,93
2022-09-17,Este,Ropa Formal,1397.3419999999999,314.28,15,614,116
2022-09-17,Este,Deportivo,938.112,194.68,20,406,76
2022-09-17,Este,Accesorios,753.533,154.19,10,333,71
2022-09-17,Oeste,Ropa Casual,1146.09,239.1,0,563,122
2022-09-17,Oeste,Ropa Formal,1551.73,307.13,0,743,152
2022-09-17,Oeste,Deportivo,1026.5420000000001,214.78,10,487,103
2022-09-17,Oeste,Accesorios,607.9,134.02,0,278,66
2022-09-17,Centro,Ropa Casual,1949.6229122126506,389.72847261625424,15,939,186
2022-09-17,Centro,Ropa Formal,2587.5190000000002,566.25,10,1181,229
2022-09-17,Centro,Deportivo,1347.0646175429795,397.06,10,685,137
2022-09-17,Centro,Accesorios,1297.416,262.8,20,534,100
2022-09-18,Norte,Ropa Casual,1168.32,333.61,0,598,119
2022-09-18,Norte,Ropa Formal,1625.709,379.03,15,669,150
2022-09-18,Norte,Deportivo,1155.768,219.8,20,494,94
2022-09-18,Norte,Accesorios,711.1500000000001,149.75,10,333,66
2022-09-18,Sur,Ropa Casual,845.2840000000001,129.96,10,421,74
2022-09-18,Sur,Ropa Formal,1486.968,225.68,20,624,129
2022-09-18,Sur,Deportivo,688.84,143.3,0,350,72
2022-09-18,Sur,Accesorios,423.58006827897424,104.83,15,211,36
2022-09-18,Este,Ropa Casual,1070.6063636307474,265.85,15,521,101
2022-09-18,Este,Ropa Formal,1225.9723737315023,341.12,10,636,122
2022-09-18,Este,Deportivo,939.422,184.22,10,402,78
2022-09-18,Este,Accesorios,688.8860000000001,157.12,10,349,62
2022-09-18,Oeste,Ropa Casual,1261.41,253.8,0,625,135
2022-09-18,Oeste,Ropa Formal,1372.407818301181,271.71,15,661,142
2022-09-18,Oeste,Deportivo,853.12,186.79,0,447,83
2022-09-18,Oeste,Accesorios,617.987,182.55,15,267,50
2022-09-18,Centro,Ropa Casual,2071.399,422.29,10,897,188
2022-09-18,Centro,Ropa Formal,2066.99,528.01,0,1010,213
2022-09-18,Centro,Deportivo,1639.9319999999998,324.04,20,677,133
2022-09-18,Centro,Accesorios,1157.01,240.15,0,606,120
2022-09-19,Norte,Ropa Casual,1179.64,292.66,0,602,117
2022-09-19,Norte,Ropa Formal,1294.58,343.34,0,644,135
2022-09-19,Norte,Deportivo,927.4335,205.27,5,466,92
2022-09-19,Norte,Accesorios,586.55,155.42,0,312,55
2022-09-19,Sur,Ropa Casual,950.686,128.01,10,458,82
2022-09-19,Sur,Ropa Formal,821.61,183.95,0,399,78
2022-09-19,Sur,Deportivo,613.96,186.53,0,313,60
2022-09-19,Sur,Accesorios,442.974,123.27,5,237,40
2022-09-19,Este,Ropa Casual,1023.27,244.34,0,499,100
2022-09-19,Este,Ropa Formal,1195.04,331.3,0,613,125
2022-09-19,Este,Deportivo,908.418,203.5265038085875,5,404,83
2022-09-19,Este,Accesorios,616.0455000000001,153.6,5,317,62
2022-09-19,Oeste,Ropa Casual,1276.17,292.96,5,594,125
2022-09-19,Oeste,Ropa Formal,1299.89,359.84,0,615,131
2022-09-19,Oeste,Deportivo,860.4120000000001,214.91,5,424,82
2022-09-19,Oeste,Accesorios,556.3845,146.57,5,256,59
2022-09-19,Centro,Ropa Casual,1851.43,489.9,0,918,186
2022-09-19,Centro,Ropa Formal,2274.4155,500.64,5,1086,211
2022-09-19,Centro,Deportivo,1571.9235,388.58,5,747,153
2022-09-19,Centro,Accesorios,1145.025,292.36,5,520,108
2022-09-20,Norte,Ropa Casual,1155.33,259.81,0,609,117
2022-09-20,Norte,Ropa Formal,1353.44,390.53,0,668,142
2022-09-20,Norte,Deportivo,831.27,243.75,0,406,89
2022-09-20,Norte,Accesorios,628.2291639879072,193.45,0,362,71
2022-09-20,Sur,Ropa Casual,695.65,220.81,0,349,75
2022-09-20,Sur,Ropa Formal,767.3505,229.43,5,346,68
2022-09-20,Sur,Deportivo,563.86,144.4,0,308,51
2022-09-20,Sur,Accesorios,369.13,79.73,0,184,34
2022-09-20,Este,Ropa Casual,986.6657105369281,218.41420134918766,0,554,104
2022-09-20,Este,Ropa Formal,1172.5331912204927,348.22,0,637,132
2022-09-20,Este,Deportivo,782.6175000000001,195.45,5,417,70
2022-09-20,Este,Accesorios,641.81,176.39,0,358,63
2022-09-20,Oeste,Ropa Casual,1042.13,248.87,0,506,97
2022-09-20,Oeste,Ropa Formal,1401.191,265.28,10,647,138
2022-09-20,Oeste,Deportivo,1082.55,196.88,5,528,107
2022-09-20,Oeste,Accesorios,658.6125000000001,147.29,5,303,72
2022-09-20,Centro,Ropa Casual,2041.9665,489.7,5,989,195
2022-09-20,Centro,Ropa Formal,1884.148983745281,575.71,0,1032,205
2022-09-20,Centro,Deportivo,1665.888,373.62,5,797,157
2022-09-20,Centro,Accesorios,1102.42,291.08,0,553,109
2022-09-21,Norte,Ropa Casual,1093.55,237.41,0,544,119
2022-09-21,Norte,Ropa Formal,1534.0605,358.05,5,742,144
2022-09-21,Norte,Deportivo,768.21,282.17,0,416,76
2022-09-21,Norte,Accesorios,798.0945,161.22,5,370,74
2022-09-21,Sur,Ropa Casual,717.64,173.48,0,329,68
2022-09-21,Sur,Ropa Formal,862.89,180.24,5,388,82
2022-09-21,Sur,Deportivo,420.29,121.40967920231242,0,183,43
2022-09-21,Sur,Accesorios,489.54,93.49179795879046,0,253,45
2022-09-21,Este,Ropa Casual,1103.43,282.29,0,537,116
2022-09-21,Este,Ropa Formal,1378.2684306242472,220.74,5,709,141
2022-09-21,Este,Deportivo,861.21,228.86,0,440,78
2022-09-21,Este,Accesorios,703.78,173.05,0,366,72
2022-09-21,Oeste,Ropa Casual,1114.4175,229.48,5,549,101
2022-09-21,Oeste,Ropa Formal,1157.984342064649,266.0,0,631,132
2022-09-21,Oeste,Deportivo,968.9020000000002,176.56496632307812,10,440,85
2022-09-21,Oeste,Accesorios,617.4735000000001,132.58,5,310,65
2022-09-21,Centro,Ropa Casual,1984.3010000000002,488.8,10,871,187
2022-09-21,Centro,Ropa Formal,2324.99,576.11,0,1191,225
2022-09-21,Centro,Deportivo,1716.4730000000002,282.65475417107314,10,782,154
2022-09-21,Centro,Accesorios,1073.0,278.56,0,523,106
2022-09-22,Norte,Ropa Casual,1389.8745000000001,305.96,5,659,128
2022-09-22,Norte,Ropa Formal,1431.87,363.51,0,720,137
2022-09-22,Norte,Deportivo,877.79,194.7263021122599,0,456,93
2022-09-22,Norte,Accesorios,591.56,165.99,0,278,55
2022-09-22,Sur,Ropa Casual,825.61,177.89,0,402,75
2022-09-22,Sur,Ropa Formal,852.8,190.84,0,470,88
2022-09-22,Sur,Deportivo,592.75,134.34,0,319,51
2022-09-22,Sur,Accesorios,486.12,142.17,0,270,46
2022-09-22,Este,Ropa Casual,1215.05,278.17,0,632,123
2022-09-22,Este,Ropa Formal,1228.0,335.24,0,610,117
2022-09-22,Este,Deportivo,760.82,187.56,0,403,80
2022-09-22,Este,Accesorios,596.34,139.5,0,314,58
2022-09-22,Oeste,Ropa Casual,1089.753,237.05,5,500,107
2022-09-22,Oeste,Ropa Formal,1343.72,290.72,0,677,132
2022-09-22,Oeste,Deportivo,983.0150000000001,173.52,10,438,86
2022-09-22,Oeste,Accesorios,750.351,139.49,5,347,70
2022-09-22,Centro,Ropa Casual,1716.03,440.69,0,856,177
2022-09-22,Centro,Ropa Formal,2141.5905,594.03,5,1041,213
2022-09-22,Centro,Deportivo,1301.57,367.46,0,632,129
2022-09-22,Centro,Accesorios,1026.63,316.21,0,546,101
2022-09-23,Norte,Ropa Casual,1087.894302894288,249.5,5,560,113
2022-09-23,Norte,Ropa Formal,1449.914210910426,271.960256184836,10,686,148
2022-09-23,Norte,Deportivo,901.74,210.65,0,442,91
2022-09-23,Norte,Accesorios,727.6815,161.49335652132172,5,349,67
2022-09-23,Sur,Ropa Casual,721.9065,176.98,5,291,58
2022-09-23,Sur,Ropa Formal,1067.473,169.7,10,473,103
2022-09-23,Sur,Deportivo,592.4959491540752,150.15,0,309,69
2022-09-23,Sur,Accesorios,455.4375,94.76,5,230,42
2022-09-23,Este,Ropa Casual,1170.85,242.62,0,568,119
2022-09-23,Este,Ropa Formal,1301.433,313.36,5,588,122
2022-09-23,Este,Deportivo,862.106021434168,202.82,0,474,88
2022-09-23,Este,Accesorios,567.59,186.72,0,275,53
2022-09-23,Oeste,Ropa Casual,1090.74,226.8,5,518,105
2022-09-23,Oeste,Ropa Formal,1552.173,270.01,5,746,149
2022-09-23,Oeste,Deportivo,891.825,267.59,10,419,72
2022-09-23,Oeste,Accesorios,850.92,144.47227675130884,5,401,81
2022-09-23,Centro,Ropa Casual,1606.0414343233494,476.61,0,873,186
2022-09-23,Centro,Ropa Formal,2148.52,654.62,0,1051,214
2022-09-23,Centro,Deportivo,1445.43,380.91,0,735,146
2022-09-23,Centro,Accesorios,1018.07,256.18,0,521,98
2022-09-24,Norte,Ropa Casual,1276.992,285.44,20,550,107
2022-09-24,Norte,Ropa Formal,1842.4340000000002,340.1,10,809,165
2022-09-24,Norte,Deportivo,998.8679999999999,208.55650415121153,20,442,84
2022-09-24,Norte,Accesorios,832.9970000000001,160.10481894959187,10,343,64
2022-09-24,Sur,Ropa Casual,830.2701457405778,175.44,20,378,68
2022-09-24,Sur,Ropa Formal,1034.7124999999999,194.55,15,443,90
2022-09-24,Sur,Deportivo,755.5385,94.71481449547966,15,315,57
2022-09-24,Sur,Accesorios,556.04,114.15,0,256,59
2022-09-24,Este,Ropa Casual,1081.4700823934468,309.12,15,488,103
2022-09-24,Este,Ropa Formal,1341.89,328.86,0,661,138
2022-09-24,Este,Deportivo,1211.387,207.39,15,527,111
2022-09-24,Este,Accesorios,617.023,146.93,10,244,58
2022-09-24,Oeste,Ropa Casual,1317.7120000000002,214.42330528209658,10,563,119
2022-09-24,Oeste,Ropa Formal,1380.4375234736112,346.36,10,674,134
2022-09-24,Oeste,Deportivo,1012.4254999999999,189.08,15,476,75
2022-09-24,Oeste,Accesorios,717.1890000000001,132.21,10,322,74
2022-09-24,Centro,Ropa Casual,1760.22,466.75,0,876,176
2022-09-24,Centro,Ropa Formal,2492.2569999999996,618.49,15,1091,219
2022-09-24,Centro,Deportivo,1435.83,351.34,0,728,143
2022-09-24,Centro,Accesorios,977.9948154942358,303.75,0,566,114
2022-09-25,Norte,Ropa Casual,1226.41,235.94,0,629,123
2022-09-25,Norte,Ropa Formal,1698.1250000000002,332.53,10,743,149
2022-09-25,Norte,Deportivo,1023.29,262.22,0,523,96
2022-09-25,Norte,Accesorios,740.439,179.0,15,344,63
2022-09-25,Sur,Ropa Casual,636.8133500801727,142.32,15,335,56
2022-09-25,Sur,Ropa Formal,913.17,161.12,0,440,93
2022-09-25,Sur,Deportivo,687.8192056244646,147.8,20,317,60
2022-09-25,Sur,Accesorios,580.4315396094114,108.82,10,301,59
2022-09-25,Este,Ropa Casual,1329.5034999999998,261.97,15,585,119
2022-09-25,Este,Ropa Formal,1365.9929999999997,308.48,15,639,120
2022-09-25,Este,Deportivo,1049.741,233.68,10,488,98
2022-09-25,Este,Accesorios,574.9259776201988,177.89,0,291,65
2022-09-25,Oeste,Ropa Casual,1239.1709999999998,265.48,15,556,100
2022-09-25,Oeste,Ropa Formal,1188.2489999999998,300.97,15,489,104
2022-09-25,Oeste,Deportivo,745.2,177.97,0,363,68
2022-09-25,Oeste,Accesorios,626.54,147.45,0,304,55
2022-09-25,Centro,Ropa Casual,1634.46,455.79,0,776,170
2022-09-25,Centro,Ropa Formal,2504.073,550.82,10,1109,224
2022-09-25,Centro,Deportivo,1836.7920000000001,366.21,20,740,150
2022-09-25,Centro,Accesorios,1128.5670000000002,266.77,10,480,99
2022-09-26,Norte,Ropa Casual,1561.04,317.27,30,617,117
2022-09-26,Norte,Ropa Formal,1630.8,295.75,20,692,145
2022-09-26,Norte,Deportivo,932.019,220.12,10,411,86
2022-09-26,Norte,Accesorios,634.6935000000001,177.09,5,329,54
2022-09-26,Sur,Ropa Casual,813.8020000000001,134.49,10,382,73
2022-09-26,Sur,Ropa Formal,1145.474,203.97,10,535,104
2022-09-26,Sur,Deportivo,675.0260000000001,121.54,10,283,64
2022-09-26,Sur,Accesorios,421.4175,87.18,5,205,31
2022-09-26,Este,Ropa Casual,1356.3029999999999,252.44,30,529,104
2022-09-26,Este,Ropa Formal,1542.2440000000001,311.16,10,714,151
2022-09-26,Este,Deportivo,956.2560000000001,187.22,5,473,89
2022-09-26,Este,Accesorios,621.222,153.92,5,289,56
2022-09-26,Oeste,Ropa Casual,1304.5079999999998,220.29,20,540,103
2022-09-26,Oeste,Ropa Formal,1234.1560000000002,228.34546345162627,10,525,105
2022-09-26,Oeste,Deportivo,640.374,241.32,5,340,69
2022-09-26,Oeste,Accesorios,635.908,123.97,30,268,50
2022-09-26,Centro,Ropa Casual,1845.4904999999999,446.67,5,856,168
2022-09-26,Centro,Ropa Formal,2530.476,598.52,20,1042,208
2022-09-26,Centro,Deportivo,1649.184,357.82,20,665,139
2022-09-26,Centro,Accesorios,1053.3705,285.92,5,535,105
2022-09-27,Norte,Ropa Casual,1502.568,261.41,20,630,128
2022-09-27,Norte,Ropa Formal,1514.709,310.24,5,729,142
2022-09-27,Norte,Deportivo,1280.383,191.1,30,517,99
2022-09-27,Norte,Accesorios,816.7679999999999,184.3,20,365,74
2022-09-27,Sur,Ropa Casual,1078.891,175.74,10,492,109
2022-09-27,Sur,Ropa Formal,1080.6070000000002,162.34,10,494,91
2022-09-27,Sur,Deportivo,701.7465000000001,164.54,5,326,65
2022-09-27,Sur,Accesorios,480.821,85.52839705072391,10,232,52
2022-09-27,Este,Ropa Casual,1104.8840000000002,311.97,10,508,103
2022-09-27,Este,Ropa Formal,1623.0,312.08,20,665,134
2022-09-27,Este,Deportivo,873.7099608157754,201.02,5,465,88
2022-09-27,Este,Accesorios,688.4879999999999,145.24,20,321,67
2022-09-27,Oeste,Ropa Casual,1365.552,209.15,20,581,120
2022-09-27,Oeste,Ropa Formal,1492.546,279.7,10,672,138
2022-09-27,Oeste,Deportivo,958.9250000000001,200.52,10,433,89
2022-09-27,Oeste,Accesorios,737.5830000000001,142.08,5,330,75
2022-09-27,Centro,Ropa Casual,2047.1220000000003,441.1503408355477,5,978,195
2022-09-27,Centro,Ropa Formal,3092.869,541.19,30,1212,236
2022-09-27,Centro,Deportivo,1600.7200000000003,352.93,10,707,145
2022-09-27,Centro,Accesorios,1151.381,275.62,10,485,101
2022-09-28,Norte,Ropa Casual,1039.142423698199,314.92,5,551,107
2022-09-28,Norte,Ropa Formal,1551.4180000000003,308.03,10,700,142
2022-09-28,Norte,Deportivo,938.376,184.25,20,410,76
2022-09-28,Norte,Accesorios,644.8722624780097,174.9,5,336,64
2022-09-28,Sur,Ropa Casual,875.1380000000001,141.23,10,433,78
2022-09-28,Sur,Ropa Formal,884.6090000000002,160.72,10,400,73
2022-09-28,Sur,Deportivo,595.0665,113.83,5,281,55
2022-09-28,Sur,Accesorios,501.18899999999996,106.09,30,206,39
2022-09-28,Este,Ropa Casual,1257.4560000000001,234.24,20,511,108
2022-09-28,Este,Ropa Formal,1269.0630711905073,333.78,5,662,129
2022-09-28,Este,Deportivo,815.325,227.73,5,391,74
2022-09-28,Este,Accesorios,824.736,166.81,20,336,79
2022-09-28,Oeste,Ropa Casual,1024.738,237.93,10,464,89
2022-09-28,Oeste,Ropa Formal,1314.885,354.52,10,606,124
2022-09-28,Oeste,Deportivo,923.8460000000001,170.6,10,431,78
2022-09-28,Oeste,Accesorios,706.7546149461169,136.77,10,346,66
2022-09-28,Centro,Ropa Casual,2091.528,452.39,20,900,166
2022-09-28,Centro,Ropa Formal,2098.4775364992406,596.19,5,1088,225
2022-09-28,Centro,Deportivo,1674.4420000000002,376.42,10,785,147
2022-09-28,Centro,Accesorios,1152.0075000000002,294.21,5,504,102
2022-09-29,Norte,Ropa Casual,1097.25,266.86,5,559,107
2022-09-29,Norte,Ropa Formal,1722.955,331.96,30,676,131
2022-09-29,Norte,Deportivo,870.45,200.71,5,413,69
2022-09-29,Norte,Accesorios,662.907,186.1,5,291,64
2022-09-29,Sur,Ropa Casual,612.1395,160.96,5,304,62
2022-09-29,Sur,Ropa Formal,878.2620000000001,145.09,5,420,80
2022-09-29,Sur,Deportivo,481.8548720464244,119.63,5,228,54
2022-09-29,Sur,Accesorios,533.654,91.88,10,245,43
2022-09-29,Este,Ropa Casual,1240.4595000000002,230.74,5,589,122
2022-09-29,Este,Ropa Formal,1465.0230000000001,346.11,5,691,141
2022-09-29,Este,Deportivo,1026.3838861872227,172.74,30,456,85
2022-09-29,Este,Accesorios,668.256,157.01,20,282,53
2022-09-29,Oeste,Ropa Casual,1177.00007125617,256.25,20,541,99
2022-09-29,Oeste,Ropa Formal,1414.6965,304.65,5,633,132
2022-09-29,Oeste,Deportivo,764.9250000000001,189.38,5,361,80
2022-09-29,Oeste,Accesorios,714.5355000000001,136.00311712506254,5,315,62
2022-09-29,Centro,Ropa Casual,2080.7380000000003,524.81,10,941,199
2022-09-29,Centro,Ropa Formal,2563.956,605.25,20,1045,221
2022-09-29,Centro,Deportivo,1681.848,363.47,5,799,157
2022-09-29,Centro,Accesorios,1190.7060000000001,297.26,10,537,101
2022-09-30,Norte,Ropa Casual,1024.2225,280.05,5,481,97
2022-09-30,Norte,Ropa Formal,1708.068,313.23,20,721,132
2022-09-30,Norte,Deportivo,1121.34,234.74,20,487,87
2022-09-30,Norte,Accesorios,798.864,140.0,20,352,74
2022-09-30,Sur,Ropa Casual,800.163,164.11,5,399,83
2022-09-30,Sur,Ropa Formal,967.3290000000001,216.78,10,419,90
2022-09-30,Sur,Deportivo,629.376,132.54,10,273,60
2022-09-30,Sur,Accesorios,484.37999999999994,85.22494181981607,20,226,41
2022-09-30,Este,Ropa Casual,1303.5359999999998,228.96,20,557,110
2022-09-30,Este,Ropa Formal,1097.4285000000002,250.88,5,564,102
2022-09-30,Este,Deportivo,1172.4180000000001,196.75,30,425,94
2022-09-30,Este,Accesorios,880.789,131.83,30,362,69
2022-09-30,Oeste,Ropa Casual,1348.1930000000002,266.63,10,644,125
2022-09-30,Oeste,Ropa Formal,1615.8,287.25,20,692,139
2022-09-30,Oeste,Deportivo,1204.4370000000001,189.16,30,455,94
2022-09-30,Oeste,Accesorios,735.432,173.9,20,280,57
2022-09-30,Centro,Ropa Casual,1994.4980000000003,465.81,10,911,174
2022-09-30,Centro,Ropa Formal,2858.284,604.06,30,1094,223
2022-09-30,Centro,Deportivo,1620.553,398.23,10,750,150
2022-09-30,Centro,Accesorios,1497.4309999999998,290.87,30,584,117
2022-10-01,Norte,Ropa Casual,1322.0285,291.48,15,581,113
2022-10-01,Norte,Ropa Formal,1354.01,395.73,0,673,143
2022-10-01,Norte,Deportivo,850.5691673984174,240.54,0,449,88
2022-10-01,Norte,Accesorios,872.5395,148.48,15,408,78
2022-10-01,Sur,Ropa Casual,851.2020000000001,107.12,10,390,86
2022-10-01,Sur,Ropa Formal,757.8,172.37,0,384,72
2022-10-01,Sur,Deportivo,715.5989278896628,130.48,15,355,71
2022-10-01,Sur,Accesorios,515.79,107.46,10,251,43
2022-10-01,Este,Ropa Casual,879.411302487794,215.2693016834154,0,455,99
2022-10-01,Este,Ropa Formal,1683.7839999999999,255.7667815900263,15,749,144
2022-10-01,Este,Deportivo,862.824,186.3,20,352,67
2022-10-01,Este,Accesorios,671.9334999999999,120.89,15,297,63
2022-10-01,Oeste,Ropa Casual,1032.5700000000002,264.4,10,455,88
2022-10-01,Oeste,Ropa Formal,1133.4,315.55,0,583,114
2022-10-01,Oeste,Deportivo,955.4039999999999,167.97,20,383,81
2022-10-01,Oeste,Accesorios,709.7164101475418,136.17,10,372,78
2022-10-01,Centro,Ropa Casual,1756.25,425.91,0,864,171
2022-10-01,Centro,Ropa Formal,2215.73,628.78,0,1111,224
2022-10-01,Centro,Deportivo,1594.1750000000002,328.68,10,717,162
2022-10-01,Centro,Accesorios,969.97,302.37,0,506,100
2022-10-02,Norte,Ropa Casual,1167.15,282.26,0,575,118
2022-10-02,Norte,Ropa Formal,1496.8630003005314,376.21,15,694,135
2022-10-02,Norte,Deportivo,811.02,218.73,0,405,83
2022-10-02,Norte,Accesorios,789.9464999999999,148.1873044266655,15,343,61
2022-10-02,Sur,Ropa Casual,785.16,181.67,0,367,73
2022-10-02,Sur,Ropa Formal,1070.5397346477878,142.3,20,497,92
2022-10-02,Sur,Deportivo,590.46,110.14,0,330,62
2022-10-02,Sur,Accesorios,388.2,106.37,0,219,41
2022-10-02,Este,Ropa Casual,1379.5975,316.8,15,616,115
2022-10-02,Este,Ropa Formal,1498.37,278.16,0,738,152
2022-10-02,Este,Deportivo,1058.42,191.12,10,468,93
2022-10-02,Este,Accesorios,666.4449929813311,119.08,0,394,70
2022-10-02,Oeste,Ropa Casual,1016.4780731452922,270.45,10,479,103
2022-10-02,Oeste,Ropa Formal,1282.3075,324.72,15,556,117
2022-10-02,Oeste,Deportivo,760.92,195.22,0,400,71
2022-10-02,Oeste,Accesorios,737.4167252686649,119.08,10,386,78
2022-10-02,Centro,Ropa Casual,1721.6062107265589,427.09944408320854,10,856,174
2022-10-02,Centro,Ropa Formal,2506.6205,552.37,15,1106,210
2022-10-02,Centro,Deportivo,1719.4455,364.79,15,778,156
2022-10-02,Centro,Accesorios,1301.4650000000001,265.84,10,592,124
2022-10-03,Norte,Ropa Casual,1043.7019454019642,292.4,0,587,117
2022-10-03,Norte,Ropa Formal,1554.377,311.9,10,716,133
2022-10-03,Norte,Deportivo,982.34,209.68,0,482,97
2022-10-03,Norte,Accesorios,653.9000333061433,182.94,5,362,66
2022-10-03,Sur,Ropa Casual,703.79,149.0,0,349,66
2022-10-03,Sur,Ropa Formal,778.54,198.85,0,395,76
2022-10-03,Sur,Deportivo,651.37,133.78,0,300,58
2022-10-03,Sur,Accesorios,502.22,87.43,0,254,40
2022-10-03,Este,Ropa Casual,989.67,257.44,0,491,94
2022-10-03,Este,Ropa Formal,1313.56,281.19,0,685,135
2022-10-03,Este,Deportivo,775.29,245.61482477420017,0,400,83
2022-10-03,Este,Accesorios,668.92,141.61,0,344,63
2022-10-03,Oeste,Ropa Casual,1041.6000000000001,265.26,5,484,98
2022-10-03,Oeste,Ropa Formal,1280.76,305.72,0,664,143
2022-10-03,Oeste,Deportivo,850.248,190.5,5,412,84
2022-10-03,Oeste,Accesorios,586.971,116.79,5,265,53
2022-10-03,Centro,Ropa Casual,1957.9560000000001,484.58,10,914,188
2022-10-03,Centro,Ropa Formal,2279.55,620.51,0,1151,225
2022-10-03,Centro,Deportivo,1456.03,335.83,0,715,149
2022-10-03,Centro,Accesorios,1119.4470000000001,253.83,5,548,108
2022-10-04,Norte,Ropa Casual,1158.7,273.17,0,581,116
2022-10-04,Norte,Ropa Formal,1160.313,382.97,5,559,113
2022-10-04,Norte,Deportivo,976.416,246.06,5,455,106
2022-10-04,Norte,Accesorios,765.891,205.91,5,361,75
2022-10-04,Sur,Ropa Casual,728.03,165.68,0,372,69
2022-10-04,Sur,Ropa Formal,988.22,232.98,0,536,101
2022-10-04,Sur,Deportivo,698.5309555424686,141.95,5,344,73
2022-10-04,Sur,Accesorios,393.98721622405935,83.1,0,210,35
2022-10-04,Este,Ropa Casual,1091.7165,242.49,5,495,97
2022-10-04,Este,Ropa Formal,1213.81,288.06,0,612,124
2022-10-04,Este,Deportivo,782.03,186.08,0,369,82
2022-10-04,Este,Accesorios,568.56,138.11,0,297,45
2022-10-04,Oeste,Ropa Casual,1042.041,300.71,10,490,96
2022-10-04,Oeste,Ropa Formal,1193.68,236.96,0,560,117
2022-10-04,Oeste,Deportivo,668.52,196.89,0,298,63
2022-10-04,Oeste,Accesorios,678.1110000000001,159.87,5,343,57
2022-10-04,Centro,Ropa Casual,1815.7125,506.53,5,835,177
2022-10-04,Centro,Ropa Formal,2361.13,624.53,0,1173,228
2022-10-04,Centro,Deportivo,1571.4089999999999,354.75,5,718,148
2022-10-04,Centro,Accesorios,1066.25,274.8292874588738,0,537,104
2022-10-05,Norte,Ropa Casual,994.2130000000001,228.6305274564185,10,444,90
2022-10-05,Norte,Ropa Formal,1712.0355,363.1,5,835,165
2022-10-05,Norte,Deportivo,897.624,244.06,5,401,88
2022-10-05,Norte,Accesorios,708.8027716277802,161.18,10,370,74
2022-10-05,Sur,Ropa Casual,700.9,146.92,0,351,69
2022-10-05,Sur,Ropa Formal,870.5,161.37,0,438,82
2022-10-05,Sur,Deportivo,568.07,130.62,0,263,58
2022-10-05,Sur,Accesorios,349.98,113.29,0,171,42
2022-10-05,Este,Ropa Casual,1317.03,245.41,10,592,119
2022-10-05,Este,Ropa Formal,1510.05,323.15,0,776,157
2022-10-05,Este,Deportivo,852.7,166.75324719039108,0,441,84
2022-10-05,Este,Accesorios,680.4562466445279,127.31,5,340,74
2022-10-05,Oeste,Ropa Casual,925.0,196.63898962828515,0,452,89
2022-10-05,Oeste,Ropa Formal,1355.8755,290.95,5,657,126
2022-10-05,Oeste,Deportivo,822.43,215.21,0,390,78
2022-10-05,Oeste,Accesorios,626.1990000000001,139.87,5,294,55
2022-10-05,Centro,Ropa Casual,1913.0430000000003,490.65,10,811,168
2022-10-05,Centro,Ropa Formal,2328.36,588.35,0,1160,227
2022-10-05,Centro,Deportivo,1433.1802962038237,359.91,0,781,151
2022-10-05,Centro,Accesorios,1014.07,297.67,0,517,101
2022-10-06,Norte,Ropa Casual,1074.21,303.95,0,565,110
2022-10-06,Norte,Ropa Formal,1350.05,297.26,0,700,138
2022-10-06,Norte,Deportivo,954.43,246.12,0,467,100
2022-10-06,Norte,Accesorios,654.32,183.37,0,317,65
2022-10-06,Sur,Ropa Casual,755.17,194.94,0,387,71
2022-10-06,Sur,Ropa Formal,889.02,171.44,0,434,87
2022-10-06,Sur,Deportivo,431.5,130.81,0,212,35
2022-10-06,Sur,Accesorios,409.54,120.22,0,200,46
2022-10-06,Este,Ropa Casual,1122.15,277.88,0,564,118
2022-10-06,Este,Ropa Formal,1167.71,308.9174250641887,0,562,113
2022-10-06,Este,Deportivo,836.1360000000001,204.32,5,404,77
2022-10-06,Este,Accesorios,695.1766882496377,129.09721171864453,5,366,67
2022-10-06,Oeste,Ropa Casual,965.6821445336127,228.85,0,551,109
2022-10-06,Oeste,Ropa Formal,1332.4185,318.22,5,627,138
2022-10-06,Oeste,Deportivo,766.53,215.0,0,359,77
2022-10-06,Oeste,Accesorios,530.39,169.85,0,256,54
2022-10-06,Centro,Ropa Casual,1766.37,428.79,0,861,178
2022-10-06,Centro,Ropa Formal,2358.8250000000003,573.17,5,1147,222
2022-10-06,Centro,Deportivo,1393.602,376.56,5,654,131
2022-10-06,Centro,Accesorios,1038.27,301.27,0,507,110
2022-10-07,Norte,Ropa Casual,1127.71,313.93,0,587,111
2022-10-07,Norte,Ropa Formal,1283.529775024894,334.35,0,728,135
2022-10-07,Norte,Deportivo,894.8454956637863,261.73,0,478,98
2022-10-07,Norte,Accesorios,681.56,181.97,0,332,72
2022-10-07,Sur,Ropa Casual,689.1885000000001,179.84,5,336,63
2022-10-07,Sur,Ropa Formal,859.85,167.09,0,440,91
2022-10-07,Sur,Deportivo,535.64,153.32,0,264,53
2022-10-07,Sur,Accesorios,426.22,120.0,0,186,49
2022-10-07,Este,Ropa Casual,975.7965,243.54,5,459,92
2022-10-07,Este,Ropa Formal,1199.3125660155024,293.82,0,660,125
2022-10-07,Este,Deportivo,837.8,203.44,0,429,85
2022-10-07,Este,Accesorios,721.0280000000001,175.2,10,336,61
2022-10-07,Oeste,Ropa Casual,1022.8,250.76,0,512,98
2022-10-07,Oeste,Ropa Formal,1340.9759999999999,298.9,5,653,128
2022-10-07,Oeste,Deportivo,880.19,186.42266352105426,0,457,95
2022-10-07,Oeste,Accesorios,564.355,158.78,10,241,48
2022-10-07,Centro,Ropa Casual,1877.03,526.12,0,930,191
2022-10-07,Centro,Ropa Formal,2185.08,593.5,0,1082,232
2022-10-07,Centro,Deportivo,1544.44,352.32,0,744,147
2022-10-07,Centro,Accesorios,1194.8055000000002,322.27,5,564,108
2022-10-08,Norte,Ropa Casual,1269.61,302.19,0,641,129
2022-10-08,Norte,Ropa Formal,1342.5390000000002,358.93,10,620,125
2022-10-08,Norte,Deportivo,1258.4759999999999,242.68,20,535,110
2022-10-08,Norte,Accesorios,880.452,161.41,20,369,83
2022-10-08,Sur,Ropa Casual,701.2814999999999,133.53,15,282,62
2022-10-08,Sur,Ropa Formal,766.88,241.8,0,403,74
2022-10-08,Sur,Deportivo,724.9110000000001,94.01594790308582,10,373,71
2022-10-08,Sur,Accesorios,452.397,99.24,10,180,38
2022-10-08,Este,Ropa Casual,1112.68,274.69,0,567,111
2022-10-08,Este,Ropa Formal,1622.484,381.64,20,651,130
2022-10-08,Este,Deportivo,964.01,189.46,0,487,92
2022-10-08,Este,Accesorios,818.196,147.11,20,315,73
2022-10-08,Oeste,Ropa Casual,1050.502,239.31,15,444,92
2022-10-08,Oeste,Ropa Formal,1398.4072689052452,218.78,15,662,124
2022-10-08,Oeste,Deportivo,853.69,198.04,0,394,88
2022-10-08,Oeste,Accesorios,602.4291439698247,144.19,10,296,68
2022-10-08,Centro,Ropa Casual,1836.35,503.98,0,901,179
2022-10-08,Centro,Ropa Formal,2255.7,488.26,0,1135,220
2022-10-08,Centro,Deportivo,1624.812,349.9022724628637,15,664,141
2022-10-08,Centro,Accesorios,1192.103,288.44,10,571,109
2022-10-09,Norte,Ropa Casual,1368.114,275.19,10,613,129
2022-10-09,Norte,Ropa Formal,1628.8580000000002,356.07,10,721,150
2022-10-09,Norte,Deportivo,1105.3799999999999,245.7,15,494,97
2022-10-09,Norte,Accesorios,851.8919999999999,164.13,20,363,76
2022-10-09,Sur,Ropa Casual,682.57,177.84,0,358,72
2022-10-09,Sur,Ropa Formal,1025.041,155.16,15,447,90
2022-10-09,Sur,Deportivo,620.9830000000001,186.75,10,276,52
2022-10-09,Sur,Accesorios,315.3193800419909,101.62,0,187,26
2022-10-09,Este,Ropa Casual,1179.2,225.01,0,609,119
2022-10-09,Este,Ropa Formal,1441.1455,317.65,15,638,119
2022-10-09,Este,Deportivo,1054.229,203.6092643261078,10,485,84
2022-10-09,Este,Accesorios,729.04,146.73439756353096,0,356,77
2022-10-09,Oeste,Ropa Casual,1112.7169999999999,284.2,15,489,103
2022-10-09,Oeste,Ropa Formal,1580.8870000000002,328.33,10,732,146
2022-10-09,Oeste,Deportivo,942.0239999999999,182.43,20,398,83
2022-10-09,Oeste,Accesorios,838.944,149.79,20,346,69
2022-10-09,Centro,Ropa Casual,2057.9680000000003,467.35,10,931,192
2022-10-09,Centro,Ropa Formal,2238.1834537899963,549.19,10,1127,222
2022-10-09,Centro,Deportivo,1588.02,374.29,0,845,155
2022-10-09,Centro,Accesorios,1248.3709999999999,272.39,15,537,107
2022-10-10,Norte,Ropa Casual,1171.7605688358992,273.43,5,597,127
2022-10-10,Norte,Ropa Formal,1437.2966895346174,369.24,0,751,158
2022-10-10,Norte,Deportivo,1076.8485,209.77,5,521,101
2022-10-10,Norte,Accesorios,671.4,241.25,0,304,71
2022-10-10,Sur,Ropa Casual,647.5652599331113,221.3,5,331,62
2022-10-10,Sur,Ropa Formal,818.77,196.34,0,442,89
2022-10-10,Sur,Deportivo,544.0,135.24,0,299,49
2022-10-10,Sur,Accesorios,551.96,67.63,0,285,51
2022-10-10,Este,Ropa Casual,1150.81,279.93,0,558,113
2022-10-10,Este,Ropa Formal,1296.0674999999999,307.46,5,620,120
2022-10-10,Este,Deportivo,816.47,195.5,0,428,90
2022-10-10,Este,Accesorios,625.363204994849,160.74,0,311,65
2022-10-10,Oeste,Ropa Casual,887.79,267.6,0,447,95
2022-10-10,Oeste,Ropa Formal,1369.011,310.52665734930605,5,652,134
2022-10-10,Oeste,Deportivo,868.917,233.52,5,394,77
2022-10-10,Oeste,Accesorios,721.5915,144.52,5,350,59
2022-10-10,Centro,Ropa Casual,2061.06,426.7684020131273,0,1041,205
2022-10-10,Centro,Ropa Formal,2583.405,599.31,10,1157,222
2022-10-10,Centro,Deportivo,1458.2925,368.13,5,692,137
2022-10-10,Centro,Accesorios,917.426331806545,301.22,0,533,114
2022-10-11,Norte,Ropa Casual,1112.991,319.41,10,544,105
2022-10-11,Norte,Ropa Formal,1291.72,269.23,0,640,126
2022-10-11,Norte,Deportivo,919.39,195.77460200085068,0,454,89
2022-10-11,Norte,Accesorios,726.5790000000001,200.07,5,371,67
2022-10-11,Sur,Ropa Casual,668.92,170.31,0,377,71
2022-10-11,Sur,Ropa Formal,1132.4565,223.17,5,509,108
2022-10-11,Sur,Deportivo,614.25,125.83,5,266,58
2022-10-11,Sur,Accesorios,458.821,127.44200136823811,10,196,35
2022-10-11,Este,Ropa Casual,1168.31,243.91,0,589,126
2022-10-11,Este,Ropa Formal,1560.4995000000001,317.04,5,734,145
2022-10-11,Este,Deportivo,965.62,212.46,0,483,91
2022-10-11,Este,Accesorios,651.84,154.51,0,346,72
2022-10-11,Oeste,Ropa Casual,984.584695726682,288.58,0,540,107
2022-10-11,Oeste,Ropa Formal,990.3257409707383,286.69,0,533,104
2022-10-11,Oeste,Deportivo,970.508,228.81,10,484,100
2022-10-11,Oeste,Accesorios,684.8625000000001,115.81874646316177,5,304,63
2022-10-11,Centro,Ropa Casual,2299.038,487.98,5,1127,223
2022-10-11,Centro,Ropa Formal,2310.1,538.5,0,1194,226
2022-10-11,Centro,Deportivo,1754.45,384.4,0,870,182
2022-10-11,Centro,Accesorios,964.32,292.4,0,479,93
2022-10-12,Norte,Ropa Casual,1254.141,292.33,5,575,128
2022-10-12,Norte,Ropa Formal,1335.22,325.22,0,706,127
2022-10-12,Norte,Deportivo,852.48,282.22,0,394,89
2022-10-12,Norte,Accesorios,694.5058347910714,154.27,5,349,71
2022-10-12,Sur,Ropa Casual,875.7945000000001,96.49,5,442,88
2022-10-12,Sur,Ropa Formal,985.75,169.9,0,482,101
2022-10-12,Sur,Deportivo,487.32,136.23,0,253,53
2022-10-12,Sur,Accesorios,459.18600000000004,95.10103024390783,5,156,40
2022-10-12,Este,Ropa Casual,1199.0,253.14,0,589,111
2022-10-12,Este,Ropa Formal,1386.15,374.51,0,676,134
2022-10-12,Este,Deportivo,877.8629999999999,217.706139143736,5,400,90
2022-10-12,Este,Accesorios,675.98,160.28,0,348,67
2022-10-12,Oeste,Ropa Casual,999.5807805215699,260.3921749581066,0,582,104
2022-10-12,Oeste,Ropa Formal,1175.79,319.51,0,615,109
2022-10-12,Oeste,Deportivo,753.6165000000001,175.97644708737806,5,360,66
2022-10-12,Oeste,Accesorios,597.366,115.96587627208679,5,276,52
2022-10-12,Centro,Ropa Casual,1719.3198326126699,443.88,0,944,186
2022-10-12,Centro,Ropa Formal,2122.13,547.65,0,1065,206
2022-10-12,Centro,Deportivo,1267.28,393.44,0,669,119
2022-10-12,Centro,Accesorios,1246.2450000000001,323.46,5,530,124
2022-10-13,Norte,Ropa Casual,1056.9,270.46,0,550,98
2022-10-13,Norte,Ropa Formal,1612.4430000000002,435.54,5,782,148
2022-10-13,Norte,Deportivo,720.4601054683345,255.71,0,407,79
2022-10-13,Norte,Accesorios,838.6350000000001,166.84,5,392,75
2022-10-13,Sur,Ropa Casual,768.47,192.23,0,393,72
2022-10-13,Sur,Ropa Formal,848.892,215.15,10,386,71
2022-10-13,Sur,Deportivo,692.32,136.53,0,342,68
2022-10-13,Sur,Accesorios,464.49,90.5,0,260,48
2022-10-13,Este,Ropa Casual,1294.2615,227.24198988468868,5,639,121
2022-10-13,Este,Ropa Formal,1199.415,321.8,5,531,118
2022-10-13,Este,Deportivo,963.2595,184.89,5,429,97
2022-10-13,Este,Accesorios,727.7322482317715,148.03,5,364,79
2022-10-13,Oeste,Ropa Casual,1086.37,245.65,0,551,114
2022-10-13,Oeste,Ropa Formal,1223.28,256.8,0,588,118
2022-10-13,Oeste,Deportivo,928.788,162.61,5,456,88
2022-10-13,Oeste,Accesorios,664.28,155.03,0,332,65
2022-10-13,Centro,Ropa Casual,1869.68,516.63,0,933,188
2022-10-13,Centro,Ropa Formal,2228.22,623.37,0,1122,219
2022-10-13,Centro,Deportivo,1535.1525,378.5649983640686,5,699,148
2022-10-13,Centro,Accesorios,1182.1425,294.63,5,571,111
2022-10-14,Norte,Ropa Casual,1092.9,249.65169890658032,0,543,117
2022-10-14,Norte,Ropa Formal,1168.87,281.47,0,572,117
2022-10-14,Norte,Deportivo,981.6975000000001,258.53466112042815,5,457,101
2022-10-14,Norte,Accesorios,728.79,152.4,0,365,71
2022-10-14,Sur,Ropa Casual,895.6500000000001,160.22,5,450,88
2022-10-14,Sur,Ropa Formal,945.85,197.98,0,475,92
2022-10-14,Sur,Deportivo,610.9270774745603,96.55,5,320,63
2022-10-14,Sur,Accesorios,557.1,79.74,0,276,48
2022-10-14,Este,Ropa Casual,1130.77,271.48,0,593,112
2022-10-14,Este,Ropa Formal,1260.87,228.08,0,662,131
2022-10-14,Este,Deportivo,826.56,254.77,0,413,81
2022-10-14,Este,Accesorios,705.8,133.08,0,333,66
2022-10-14,Oeste,Ropa Casual,1053.3495,328.87,5,518,90
2022-10-14,Oeste,Ropa Formal,1144.122,310.61,5,512,107
2022-10-14,Oeste,Deportivo,808.5210000000001,205.57,5,411,75
2022-10-14,Oeste,Accesorios,613.19,131.62,0,288,67
2022-10-14,Centro,Ropa Casual,1781.49,458.06,0,910,186
2022-10-14,Centro,Ropa Formal,2423.79,590.12,0,1194,240
2022-10-14,Centro,Deportivo,1618.0605,354.4173184742502,5,810,157
2022-10-14,Centro,Accesorios,1170.6029999999998,290.93,5,544,111
2022-10-15,Norte,Ropa Casual,1260.4439999999997,311.39,20,517,103
2022-10-15,Norte,Ropa Formal,1567.105,241.25,15,666,141
2022-10-15,Norte,Deportivo,1123.7600000000002,184.96,10,509,107
2022-10-15,Norte,Accesorios,783.702,176.4,15,360,64
2022-10-15,Sur,Ropa Casual,860.59,173.8,0,446,88
2022-10-15,Sur,Ropa Formal,1046.518,254.72,10,463,91
2022-10-15,Sur,Deportivo,667.26,121.79,0,343,65
2022-10-15,Sur,Accesorios,554.345,117.21,10,263,59
2022-10-15,Este,Ropa Casual,1216.5230000000001,240.3,10,546,106
2022-10-15,Este,Ropa Formal,1584.54,318.26,20,677,139
2022-10-15,Este,Deportivo,890.714,183.44,10,419,89
2022-10-15,Este,Accesorios,679.34,178.05465563844393,0,329,73
2022-10-15,Oeste,Ropa Casual,1046.64,231.44,0,526,103
2022-10-15,Oeste,Ropa Formal,1492.997,251.67,10,672,130
2022-10-15,Oeste,Deportivo,834.17,182.8,0,411,80
2022-10-15,Oeste,Accesorios,754.9979999999999,130.65,15,330,69
2022-10-15,Centro,Ropa Casual,2021.008,521.79,10,958,186
2022-10-15,Centro,Ropa Formal,2600.323,597.51,10,1189,239
2022-10-15,Centro,Deportivo,1718.7669999999998,386.0,15,755,153
2022-10-15,Centro,Accesorios,1174.26,276.74,0,606,112
2022-10-16,Norte,Ropa Casual,1027.081208693814,256.12,0,510,109
2022-10-16,Norte,Ropa Formal,1612.1965,318.45,15,698,136
2022-10-16,Norte,Deportivo,975.81,204.79549841056578,0,486,92
2022-10-16,Norte,Accesorios,832.1060000000001,204.09,10,395,74
2022-10-16,Sur,Ropa Casual,855.156,160.77,20,382,77
2022-10-16,Sur,Ropa Formal,872.74,247.82,0,433,89
2022-10-16,Sur,Deportivo,676.7979999999999,122.79,15,299,56
2022-10-16,Sur,Accesorios,560.2850000000001,78.79720829240438,10,228,54
2022-10-16,Este,Ropa Casual,1148.92,264.84285167808827,0,580,116
2022-10-16,Este,Ropa Formal,1363.71,289.32,0,632,130
2022-10-16,Este,Deportivo,741.08,236.47,0,375,74
2022-10-16,Este,Accesorios,684.92,193.71,0,370,76
2022-10-16,Oeste,Ropa Casual,1312.955,257.44,15,557,119
2022-10-16,Oeste,Ropa Formal,1339.8534999999997,275.53,15,562,122
2022-10-16,Oeste,Deportivo,850.11,198.19,0,417,83
2022-10-16,Oeste,Accesorios,785.565,124.23,10,385,70
2022-10-16,Centro,Ropa Casual,1730.06,427.25,0,823,171
2022-10-16,Centro,Ropa Formal,2315.42,572.8,0,1153,242
2022-10-16,Centro,Deportivo,1473.75,390.5744690175731,0,744,151
2022-10-16,Centro,Accesorios,1433.064,289.2,20,561,114
2022-10-17,Norte,Ropa Casual,1124.86,336.48,0,584,109
2022-10-17,Norte,Ropa Formal,1472.77,361.19,0,721,143
2022-10-17,Norte,Deportivo,1111.362,260.68,5,525,115
2022-10-17,Norte,Accesorios,706.73,163.97,0,342,62
2022-10-17,Sur,Ropa Casual,770.55,202.46,0,398,67
2022-10-17,Sur,Ropa Formal,736.61,142.55,0,385,81
2022-10-17,Sur,Deportivo,611.45,117.57,0,321,57
2022-10-17,Sur,Accesorios,538.23,76.76,0,269,57
2022-10-17,Este,Ropa Casual,1098.88,249.9,0,557,103
2022-10-17,Este,Ropa Formal,1230.73,291.44,0,607,121
2022-10-17,Este,Deportivo,912.494,207.45,10,408,82
2022-10-17,Este,Accesorios,476.7805729948614,156.71,0,233,50
2022-10-17,Oeste,Ropa Casual,1116.1290000000001,299.97,5,531,108
2022-10-17,Oeste,Ropa Formal,1483.29,278.41,0,730,153
2022-10-17,Oeste,Deportivo,990.2530000000002,185.28,10,420,89
2022-10-17,Oeste,Accesorios,614.74,169.42,0,330,61
2022-10-17,Centro,Ropa Casual,1823.53,435.48,0,921,187
2022-10-17,Centro,Ropa Formal,2323.11,612.39,0,1163,231
2022-10-17,Centro,Deportivo,1698.48,403.8,5,796,152
2022-10-17,Centro,Accesorios,909.3760903037507,297.53,0,512,103
2022-10-18,Norte,Ropa Casual,1206.66,314.97,0,609,110
2022-10-18,Norte,Ropa Formal,1397.1195,382.47,5,644,126
2022-10-18,Norte,Deportivo,987.85,258.11,0,503,101
2022-10-18,Norte,Accesorios,684.29,198.9,0,347,73
2022-10-18,Sur,Ropa Casual,826.397,173.31,10,346,67
2022-10-18,Sur,Ropa Formal,907.8,182.14,0,463,86
2022-10-18,Sur,Deportivo,536.4180763727052,144.45,0,256,65
2022-10-18,Sur,Accesorios,496.56200000000007,115.94,10,217,44
2022-10-18,Este,Ropa Casual,1221.49,271.9,0,622,118
2022-10-18,Este,Ropa Formal,1423.67,288.47,0,731,143
2022-10-18,Este,Deportivo,920.98,198.55,0,436,95
2022-10-18,Este,Accesorios,677.84,144.0,0,329,67
2022-10-18,Oeste,Ropa Casual,940.37,247.69,0,483,94
2022-10-18,Oeste,Ropa Formal,1106.2054077728662,302.1,10,552,109
2022-10-18,Oeste,Deportivo,916.9,180.74,0,487,89
2022-10-18,Oeste,Accesorios,588.62,123.48,0,259,51
2022-10-18,Centro,Ropa Casual,1747.85,477.93,0,888,177
2022-10-18,Centro,Ropa Formal,2529.439,618.72,10,1128,223
2022-10-18,Centro,Deportivo,1449.76,378.5006290726639,0,746,146
2022-10-18,Centro,Accesorios,1082.3925,314.68,5,573,111
2022-10-19,Norte,Ropa Casual,1019.21,259.01,0,512,92
2022-10-19,Norte,Ropa Formal,1640.03,409.13,0,835,168
2022-10-19,Norte,Deportivo,943.895379831606,217.92683385712354,0,503,107
2022-10-19,Norte,Accesorios,702.45,172.06,0,322,80
2022-10-19,Sur,Ropa Casual,690.83,143.26,0,322,69
2022-10-19,Sur,Ropa Formal,943.72,285.63,0,474,104
2022-10-19,Sur,Deportivo,684.9590000000001,139.31,10,308,58
2022-10-19,Sur,Accesorios,397.056,101.55,10,177,31
2022-10-19,Este,Ropa Casual,1212.33,234.24,5,572,120
2022-10-19,Este,Ropa Formal,1417.689,370.28,5,673,130
2022-10-19,Este,Deportivo,910.13,183.36971998586017,0,461,90
2022-10-19,Este,Accesorios,832.7760000000001,126.22818044460674,5,382,77
2022-10-19,Oeste,Ropa Casual,1127.2904999999998,314.08,5,537,104
2022-10-19,Oeste,Ropa Formal,1390.7040000000002,257.91,5,659,123
2022-10-19,Oeste,Deportivo,968.55,188.99,0,487,100
2022-10-19,Oeste,Accesorios,673.36,137.68,0,339,64
2022-10-19,Centro,Ropa Casual,1971.8370000000002,456.44,5,936,181
2022-10-19,Centro,Ropa Formal,2197.33,563.56,0,1090,220
2022-10-19,Centro,Deportivo,1608.17,370.76711849104265,0,792,152
2022-10-19,Centro,Accesorios,1134.09,253.47,0,600,111
2022-10-20,Norte,Ropa Casual,1062.3375,283.37,5,478,91
2022-10-20,Norte,Ropa Formal,1286.0819999999999,313.88,5,623,119
2022-10-20,Norte,Deportivo,1108.4920000000002,230.23,10,482,98
2022-10-20,Norte,Accesorios,588.38,174.28,0,276,48
2022-10-20,Sur,Ropa Casual,994.82,168.32,0,483,96
2022-10-20,Sur,Ropa Formal,1063.146,221.8,5,524,100
2022-10-20,Sur,Deportivo,629.8173068694109,111.00024522086746,0,344,69
2022-10-20,Sur,Accesorios,385.97,88.5077756814555,0,187,43
2022-10-20,Este,Ropa Casual,1129.0783161696945,283.58,0,632,124
2022-10-20,Este,Ropa Formal,1222.872,322.82,5,611,114
2022-10-20,Este,Deportivo,1163.7255,250.44,5,562,110
2022-10-20,Este,Accesorios,591.654,130.13,5,272,60
2022-10-20,Oeste,Ropa Casual,1075.116,183.94,5,534,91
2022-10-20,Oeste,Ropa Formal,1418.28,375.95,0,732,147
2022-10-20,Oeste,Deportivo,764.694,188.52,5,377,67
2022-10-20,Oeste,Accesorios,598.122,113.38,5,259,53
2022-10-20,Centro,Ropa Casual,1919.13,507.46,0,915,191
2022-10-20,Centro,Ropa Formal,2027.3862371328971,583.94,5,1015,216
2022-10-20,Centro,Deportivo,1404.34,391.53,0,686,140
2022-10-20,Centro,Accesorios,1308.9340000000002,299.67,10,595,117
2022-10-21,Norte,Ropa Casual,1163.4315,269.75,5,539,107
2022-10-21,Norte,Ropa Formal,1304.92,339.62,0,644,127
2022-10-21,Norte,Deportivo,895.01,248.76,0,457,85
2022-10-21,Norte,Accesorios,718.14,182.31,0,377,76
2022-10-21,Sur,Ropa Casual,871.0570000000001,164.04,10,358,82
2022-10-21,Sur,Ropa Formal,1040.72,137.41,0,515,103
2022-10-21,Sur,Deportivo,718.38,174.45,0,407,79
2022-10-21,Sur,Accesorios,599.181,149.27,10,265,66
2022-10-21,Este,Ropa Casual,934.6220857648949,288.86,0,505,102
2022-10-21,Este,Ropa Formal,1242.69,256.41,0,578,127
2022-10-21,Este,Deportivo,856.24,221.7,0,419,85
2022-10-21,Este,Accesorios,691.76,152.34,0,364,76
2022-10-21,Oeste,Ropa Casual,1188.06,247.74,0,598,121
2022-10-21,Oeste,Ropa Formal,1292.621,307.94,10,602,120
2022-10-21,Oeste,Deportivo,994.95,228.72,0,502,102
2022-10-21,Oeste,Accesorios,730.1070000000001,134.9824040756452,5,326,60
2022-10-21,Centro,Ropa Casual,2065.161,485.22,5,978,198
2022-10-21,Centro,Ropa Formal,2273.97,555.79,0,1130,225
2022-10-21,Centro,Deportivo,1615.31,405.08,0,778,156
2022-10-21,Centro,Accesorios,1198.1,304.23,0,589,109
2022-10-22,Norte,Ropa Casual,1407.241,284.6,10,660,131
2022-10-22,Norte,Ropa Formal,1220.92,397.9,0,643,127
2022-10-22,Norte,Deportivo,991.2079999999999,202.72,15,421,88
2022-10-22,Norte,Accesorios,777.062,184.88,10,366,66
2022-10-22,Sur,Ropa Casual,1041.588,171.13,20,440,77
2022-10-22,Sur,Ropa Formal,942.73,256.19,0,452,95
2022-10-22,Sur,Deportivo,804.168,88.07,20,316,72
2022-10-22,Sur,Accesorios,438.49,109.4,0,197,52
2022-10-22,Este,Ropa Casual,1305.689,303.33,10,580,118
2022-10-22,Este,Ropa Formal,1097.23,305.12,0,533,105
2022-10-22,Este,Deportivo,953.99,274.02,0,467,97
2022-10-22,Este,Accesorios,590.7800246614162,138.98,0,291,68
2022-10-22,Oeste,Ropa Casual,1444.4689999999998,218.76,15,633,118
2022-10-22,Oeste,Ropa Formal,1392.732,326.78,10,651,123
2022-10-22,Oeste,Deportivo,794.2330000000001,235.19,10,340,75
2022-10-22,Oeste,Accesorios,677.052,136.71,20,293,45
2022-10-22,Centro,Ropa Casual,1966.82,432.92946276186234,0,979,185
2022-10-22,Centro,Ropa Formal,2613.36,546.9,20,1110,218
2022-10-22,Centro,Deportivo,1795.1039999999998,351.42,15,817,150
2022-10-22,Centro,Accesorios,1191.87,281.38,0,556,128
2022-10-23,Norte,Ropa Casual,1412.8180000000002,326.6,10,641,134
2022-10-23,Norte,Ropa Formal,1243.1,380.22,0,607,128
2022-10-23,Norte,Deportivo,975.5570000000001,229.08,10,456,90
2022-10-23,Norte,Accesorios,653.4660321911118,185.31,0,329,64
2022-10-23,Sur,Ropa Casual,876.204,178.31,20,345,66
2022-10-23,Sur,Ropa Formal,805.519,197.43,10,366,66
2022-10-23,Sur,Deportivo,716.815,168.13,10,308,64
2022-10-23,Sur,Accesorios,463.87,99.5,10,189,45
2022-10-23,Este,Ropa Casual,1382.8319999999999,208.73,10,583,126
2022-10-23,Este,Ropa Formal,1384.776,285.818045062961,20,598,124
2022-10-23,Este,Deportivo,746.34,174.1833025411044,0,376,71
2022-10-23,Este,Accesorios,795.202,152.44487327243317,15,347,71
2022-10-23,Oeste,Ropa Casual,1237.488,244.6,20,544,99
2022-10-23,Oeste,Ropa Formal,1269.74,337.29,0,635,134
2022-10-23,Oeste,Deportivo,828.09,203.47,0,372,81
2022-10-23,Oeste,Accesorios,641.0,120.97,0,290,71
2022-10-23,Centro,Ropa Casual,1924.02,501.62,0,960,186
2022-10-23,Centro,Ropa Formal,2773.57,614.7,15,1236,244
2022-10-23,Centro,Deportivo,1604.8348108237244,397.43,20,717,142
2022-10-23,Centro,Accesorios,1076.11,289.02,0,520,96
2022-10-24,Norte,Ropa Casual,1250.865,301.44,5,641,123
2022-10-24,Norte,Ropa Formal,1469.16,262.9,0,727,149
2022-10-24,Norte,Deportivo,867.62,198.72639379240883,0,412,90
2022-10-24,Norte,Accesorios,761.02,200.78,0,388,74
2022-10-24,Sur,Ropa Casual,1030.7880000000002,187.45,10,456,87
2022-10-24,Sur,Ropa Formal,772.7265,190.32,5,365,72
2022-10-24,Sur,Deportivo,725.22,155.95,0,373,69
2022-10-24,Sur,Accesorios,423.74,103.33,0,187,41
2022-10-24,Este,Ropa Casual,1034.1135000000002,275.37,5,511,100
2022-10-24,Este,Ropa Formal,1445.934,220.64,5,733,144
2022-10-24,Este,Deportivo,810.2088891520667,282.77,5,441,84
2022-10-24,Este,Accesorios,733.572,176.31,5,375,70
2022-10-24,Oeste,Ropa Casual,1013.189978472524,250.31,5,547,98
2022-10-24,Oeste,Ropa Formal,1244.96,302.33,0,630,126
2022-10-24,Oeste,Deportivo,843.6340000000001,182.72602707181323,10,385,72
2022-10-24,Oeste,Accesorios,783.39,167.59,0,393,75
2022-10-24,Centro,Ropa Casual,1842.49,456.6,0,925,177
2022-10-24,Centro,Ropa Formal,2335.263,587.43,5,1093,222
2022-10-24,Centro,Deportivo,1425.89,414.79,0,720,133
2022-10-24,Centro,Accesorios,1164.592,296.14,10,505,101
2022-10-25,Norte,Ropa Casual,1486.329,285.88,30,593,117
2022-10-25,Norte,Ropa Formal,1577.0559999999998,285.76,30,594,116
2022-10-25,Norte,Deportivo,1056.348,211.54,20,454,86
2022-10-25,Norte,Accesorios,827.064,166.53,20,370,71
2022-10-25,Sur,Ropa Casual,787.212,126.05,20,314,72
2022-10-25,Sur,Ropa Formal,1060.656,196.59,20,459,96
2022-10-25,Sur,Deportivo,741.588,137.18,20,284,60
2022-10-25,Sur,Accesorios,479.568,116.76,20,180,37
2022-10-25,Este,Ropa Casual,1121.978,238.3,10,493,98
2022-10-25,Este,Ropa Formal,1517.9955,308.08,5,733,135
2022-10-25,Este,Deportivo,857.7459303163849,209.87147681847884,10,416,91
2022-10-25,Este,Accesorios,720.2030000000001,180.22,10,307,66
2022-10-25,Oeste,Ropa Casual,1127.7359999999999,230.7,20,470,89
2022-10-25,Oeste,Ropa Formal,1596.829,298.75,30,601,120
2022-10-25,Oeste,Deportivo,761.796,200.19769188165898,5,388,76
2022-10-25,Oeste,Accesorios,522.3803536614834,143.99410487230253,10,248,52
2022-10-25,Centro,Ropa Casual,2204.7165,449.24,5,1009,206
2022-10-25,Centro,Ropa Formal,2488.101,622.46,10,1128,228
2022-10-25,Centro,Deportivo,1830.0359999999998,404.19,20,746,152
2022-10-25,Centro,Accesorios,1409.6809999999998,266.55323570684163,30,520,110
2022-10-26,Norte,Ropa Casual,1116.8115000000003,295.78,5,492,108
2022-10-26,Norte,Ropa Formal,1258.51,355.12,10,595,114
2022-10-26,Norte,Deportivo,1074.486,238.99,5,501,96
2022-10-26,Norte,Accesorios,784.366,172.59,10,357,72
2022-10-26,Sur,Ropa Casual,765.366,203.82,5,367,70
2022-10-26,Sur,Ropa Formal,1094.613,249.43,30,414,86
2022-10-26,Sur,Deportivo,808.6080000000001,157.08,20,348,59
2022-10-26,Sur,Accesorios,608.114,84.12,30,239,45
2022-10-26,Este,Ropa Casual,968.0685000000001,245.56,5,432,92
2022-10-26,Este,Ropa Formal,1646.3150000000003,393.56,10,742,151
2022-10-26,Este,Deportivo,886.4100000000001,207.97718052856925,5,425,87
2022-10-26,Este,Accesorios,610.8375,173.23,5,294,67
2022-10-26,Oeste,Ropa Casual,1042.3693657427714,217.82,20,469,97
2022-10-26,Oeste,Ropa Formal,1444.6439999999998,327.34,20,608,117
2022-10-26,Oeste,Deportivo,846.8744533844366,205.27,20,375,74
2022-10-26,Oeste,Accesorios,805.464,150.26,20,341,68
2022-10-26,Centro,Ropa Casual,1986.876,484.72,20,862,176
2022-10-26,Centro,Ropa Formal,2601.444,564.32,20,1055,211
2022-10-26,Centro,Deportivo,1529.149762536342,359.29,10,756,152
2022-10-26,Centro,Accesorios,1079.778,290.58,5,550,106
2022-10-27,Norte,Ropa Casual,1684.572,278.6638581039821,20,696,138
2022-10-27,Norte,Ropa Formal,1762.032,303.65753439511934,20,725,155
2022-10-27,Norte,Deportivo,872.0775,241.18,5,436,80
2022-10-27,Norte,Accesorios,948.252,181.4,20,354,83
2022-10-27,Sur,Ropa Casual,694.4962511702348,186.09,5,364,69
2022-10-27,Sur,Ropa Formal,1030.601,238.09,10,504,97
2022-10-27,Sur,Deportivo,609.5100000000001,165.56,10,277,55
2022-10-27,Sur,Accesorios,509.08000000000004,129.69,10,255,39
2022-10-27,Este,Ropa Casual,1568.3590000000002,215.99,30,592,119
2022-10-27,Este,Ropa Formal,1670.3570000000002,341.86,30,637,134
2022-10-27,Este,Deportivo,812.4585000000001,232.43,5,335,81
2022-10-27,Este,Accesorios,804.18,166.79,20,343,63
2022-10-27,Oeste,Ropa Casual,1299.24,235.19,20,511,107
2022-10-27,Oeste,Ropa Formal,1710.588,295.82,20,744,146
2022-10-27,Oeste,Deportivo,999.24,208.22,20,414,90
2022-10-27,Oeste,Accesorios,746.3614380495474,148.73,20,350,73
2022-10-27,Centro,Ropa Casual,2004.7401410958696,474.53,20,907,179
2022-10-27,Centro,Ropa Formal,2664.1919999999996,560.81,20,1127,229
2022-10-27,Centro,Deportivo,1557.717,379.26,5,716,150
2022-10-27,Centro,Accesorios,1380.5,288.85,10,614,117
2022-10-28,Norte,Ropa Casual,1384.2400000000002,279.02,10,632,122
2022-10-28,Norte,Ropa Formal,1463.121,310.85,10,641,133
2022-10-28,Norte,Deportivo,866.7450000000001,260.5852828323206,10,434,77
2022-10-28,Norte,Accesorios,852.492,149.66,20,356,63
2022-10-28,Sur,Ropa Casual,1006.2470000000001,186.88,10,464,88
2022-10-28,Sur,Ropa Formal,989.9159999999999,191.95,20,369,73
2022-10-28,Sur,Deportivo,853.2810000000001,157.87,30,324,67
2022-10-28,Sur,Accesorios,544.302,139.71,10,235,50
2022-10-28,Este,Ropa Casual,1034.308,227.95924770319812,10,468,96
2022-10-28,Este,Ropa Formal,1328.1290000000001,330.44,10,634,122
2022-10-28,Este,Deportivo,1066.428,209.93,20,458,87
2022-10-28,Este,Accesorios,743.253,158.9553673173652,5,365,66
2022-10-28,Oeste,Ropa Casual,1332.0720000000001,299.79,5,663,125
2022-10-28,Oeste,Ropa Formal,1657.752,340.22848752604386,20,693,138
2022-10-28,Oeste,Deportivo,775.3240000000001,176.3994452880375,10,334,70
2022-10-28,Oeste,Accesorios,686.88,191.96,20,280,56
2022-10-28,Centro,Ropa Casual,1990.968,511.49,5,949,184
2022-10-28,Centro,Ropa Formal,2962.206,637.32,30,1152,225
2022-10-28,Centro,Deportivo,1699.9180000000003,421.58,10,784,154
2022-10-28,Centro,Accesorios,1281.4935,312.58,5,590,116
2022-10-29,Norte,Ropa Casual,1400.5439999999999,273.47,20,588,110
2022-10-29,Norte,Ropa Formal,1502.94,394.44,0,741,143
2022-10-29,Norte,Deportivo,1049.028,165.83,20,425,82
2022-10-29,Norte,Accesorios,861.0854999999999,170.42,15,340,79
2022-10-29,Sur,Ropa Casual,846.864,138.25,20,349,74
2022-10-29,Sur,Ropa Formal,1110.5710000000001,192.18,10,502,99
2022-10-29,Sur,Deportivo,725.604,139.63,10,317,59
2022-10-29,Sur,Accesorios,395.79,108.54,0,227,39
2022-10-29,Este,Ropa Casual,1274.933,242.02853568165284,10,577,119
2022-10-29,Este,Ropa Formal,1409.955075650524,320.82,10,708,135
2022-10-29,Este,Deportivo,955.949,188.34,15,392,88
2022-10-29,Este,Accesorios,667.46,156.93,0,316,75
2022-10-29,Oeste,Ropa Casual,1295.4175,242.39,15,528,111
2022-10-29,Oeste,Ropa Formal,1482.21,305.23,0,771,152
2022-10-29,Oeste,Deportivo,813.16,216.78,0,414,78
2022-10-29,Oeste,Accesorios,713.9131233482049,146.28,10,365,78
2022-10-29,Centro,Ropa Casual,2071.91,497.5,0,1036,203
2022-10-29,Centro,Ropa Formal,2582.676,555.14,20,1063,211
2022-10-29,Centro,Deportivo,1744.0324999999998,340.37,15,766,145
2022-10-29,Centro,Accesorios,1332.9470000000001,283.49,10,614,122
2022-10-30,Norte,Ropa Casual,1320.85,331.62,0,659,127
2022-10-30,Norte,Ropa Formal,1274.25,380.16,0,617,130
2022-10-30,Norte,Deportivo,1383.624,269.93,20,549,113
2022-10-30,Norte,Accesorios,668.52,146.99187472914974,0,345,74
2022-10-30,Sur,Ropa Casual,958.3420000000001,214.2,10,428,80
2022-10-30,Sur,Ropa Formal,1039.95,173.64,0,492,108
2022-10-30,Sur,Deportivo,644.68,145.97,0,345,62
2022-10-30,Sur,Accesorios,480.59999999999997,118.10845411455735,20,177,36
2022-10-30,Este,Ropa Casual,1056.671778934244,243.34,0,569,119
2022-10-30,Este,Ropa Formal,1699.6309999999999,301.98,15,762,137
2022-10-30,Este,Deportivo,1082.279,240.36,10,496,99
2022-10-30,Este,Accesorios,639.65,172.85,0,324,62
2022-10-30,Oeste,Ropa Casual,1142.86,242.51,0,552,112
2022-10-30,Oeste,Ropa Formal,1299.85,310.73,0,639,131
2022-10-30,Oeste,Deportivo,831.703,206.45,15,378,72
2022-10-30,Oeste,Accesorios,715.2200000000001,199.75,10,355,65
2022-10-30,Centro,Ropa Casual,1687.5387204667177,485.91,0,912,187
2022-10-30,Centro,Ropa Formal,2216.86,556.45,0,1122,213
2022-10-30,Centro,Deportivo,1699.313,394.22,10,769,152
2022-10-30,Centro,Accesorios,1089.64,288.4571860105535,0,535,111
2022-10-31,Norte,Ropa Casual,1292.1195,284.5,5,611,127
2022-10-31,Norte,Ropa Formal,1793.928,345.45,20,797,139
2022-10-31,Norte,Deportivo,1024.3799999999999,211.7,20,431,73
2022-10-31,Norte,Accesorios,681.893789770027,126.58,5,360,75
2022-10-31,Sur,Ropa Casual,815.287,165.41,10,385,73
2022-10-31,Sur,Ropa Formal,1166.952,193.89,20,507,96
2022-10-31,Sur,Deportivo,621.1048828030931,153.65,5,330,59
2022-10-31,Sur,Accesorios,481.6983395727589,73.8,10,270,57
2022-10-31,Este,Ropa Casual,1086.866,251.62,10,458,98
2022-10-31,Este,Ropa Formal,1612.7160000000001,405.99,5,740,162
2022-10-31,Este,Deportivo,1049.8950000000002,221.41,10,503,89
2022-10-31,Este,Accesorios,700.5600000000001,172.18,5,332,70
2022-10-31,Oeste,Ropa Casual,1347.1080000000002,191.07,5,653,134
2022-10-31,Oeste,Ropa Formal,1591.68,389.26,20,691,140
2022-10-31,Oeste,Deportivo,960.3445240904899,226.52,20,426,88
2022-10-31,Oeste,Accesorios,748.848,138.15,20,317,55
2022-10-31,Centro,Ropa Casual,2038.2780000000002,475.46,10,924,186
2022-10-31,Centro,Ropa Formal,3037.1879999999996,550.84,20,1280,256
2022-10-31,Centro,Deportivo,2185.729,386.91,30,845,172
2022-10-31,Centro,Accesorios,1160.565,271.58,5,561,107
2022-11-01,Norte,Ropa Casual,1148.17,284.56,0,603,109
2022-11-01,Norte,Ropa Formal,1643.6490000000001,382.06,5,774,157
2022-11-01,Norte,Deportivo,874.43,230.96,0,431,87
2022-11-01,Norte,Accesorios,663.936,183.0,5,323,66
2022-11-01,Sur,Ropa Casual,675.15,148.1873044266655,5,323,53
2022-11-01,Sur,Ropa Formal,868.53,214.67,0,442,79
2022-11-01,Sur,Deportivo,638.92,130.38,0,308,62
2022-11-01,Sur,Accesorios,567.7875,126.61,5,268,57
2022-11-01,Este,Ropa Casual,1354.1535000000001,214.15663250341996,5,661,128
2022-11-01,Este,Ropa Formal,1402.3905,268.44,5,681,132
2022-11-01,Este,Deportivo,1089.501,203.54,5,527,102
2022-11-01,Este,Accesorios,751.7950000000001,142.81,10,342,65
2022-11-01,Oeste,Ropa Casual,999.93,235.54,0,496,104
2022-11-01,Oeste,Ropa Formal,1428.3,270.88,0,694,145
2022-11-01,Oeste,Deportivo,909.5,209.67,0,453,90
2022-11-01,Oeste,Accesorios,538.68,151.53,0,279,56
2022-11-01,Centro,Ropa Casual,1980.891,451.41,10,903,182
2022-11-01,Centro,Ropa Formal,2513.8995,624.82,5,1227,248
2022-11-01,Centro,Deportivo,1446.96,383.04,0,744,144
2022-11-01,Centro,Accesorios,1201.11,266.7095611288245,0,560,121
2022-11-02,Norte,Ropa Casual,1079.1732079329277,286.28,5,574,111
2022-11-02,Norte,Ropa Formal,1417.626,414.65,5,677,131
2022-11-02,Norte,Deportivo,923.3175000000001,241.82,5,398,74
2022-11-02,Norte,Accesorios,680.07,206.85,0,360,63
2022-11-02,Sur,Ropa Casual,848.3056074293778,188.31,0,477,89
2022-11-02,Sur,Ropa Formal,812.83,157.39,0,398,87
2022-11-02,Sur,Deportivo,650.26,148.66,0,302,72
2022-11-02,Sur,Accesorios,481.15,107.95,0,290,45
2022-11-02,Este,Ropa Casual,953.74,276.69,0,459,91
2022-11-02,Este,Ropa Formal,1515.34,285.06,0,791,153
2022-11-02,Este,Deportivo,784.9989463597842,223.57,0,447,83
2022-11-02,Este,Accesorios,601.59,163.2,0,295,64
2022-11-02,Oeste,Ropa Casual,1217.6745,221.67,5,608,114
2022-11-02,Oeste,Ropa Formal,1502.91,281.34,0,745,153
2022-11-02,Oeste,Deportivo,964.1205000000001,229.03,5,442,103
2022-11-02,Oeste,Accesorios,582.583747031587,168.0,0,302,65
2022-11-02,Centro,Ropa Casual,2009.5,508.31,0,1006,204
2022-11-02,Centro,Ropa Formal,2016.29,539.21,0,994,206
2022-11-02,Centro,Deportivo,1501.941,373.38,5,720,142
2022-11-02,Centro,Accesorios,1086.4467197850554,286.88,10,549,115
2022-11-03,Norte,Ropa Casual,1132.4868906472668,221.0349510706645,5,634,120
2022-11-03,Norte,Ropa Formal,1381.87,368.18,0,651,142
2022-11-03,Norte,Deportivo,1145.661,219.56,10,516,115
2022-11-03,Norte,Accesorios,718.07,164.36,0,353,72
2022-11-03,Sur,Ropa Casual,691.9605,139.36,5,320,66
2022-11-03,Sur,Ropa Formal,913.2585,174.07,5,430,89
2022-11-03,Sur,Deportivo,395.7122679746581,147.78,0,223,54
2022-11-03,Sur,Accesorios,543.3435000000001,89.85953080095409,5,260,50
2022-11-03,Este,Ropa Casual,885.5,277.66,0,432,94
2022-11-03,Este,Ropa Formal,1374.87,411.33,0,673,142
2022-11-03,Este,Deportivo,860.22,247.26,0,436,87
2022-11-03,Este,Accesorios,683.93,143.46,0,302,68
2022-11-03,Oeste,Ropa Casual,988.3086169660697,290.51,0,552,101
2022-11-03,Oeste,Ropa Formal,1113.51,302.4345178584301,0,522,100
2022-11-03,Oeste,Deportivo,829.33,187.89,0,416,88
2022-11-03,Oeste,Accesorios,679.9,156.58,0,360,74
2022-11-03,Centro,Ropa Casual,1939.72,491.4,0,967,193
2022-11-03,Centro,Ropa Formal,2219.61,577.06,0,1110,225
2022-11-03,Centro,Deportivo,1485.2565,387.24,5,737,140
2022-11-03,Centro,Accesorios,1269.4185,272.21773335045475,5,603,119
2022-11-04,Norte,Ropa Casual,1167.11,273.9,0,558,116
2022-11-04,Norte,Ropa Formal,1543.248,354.26,5,763,148
2022-11-04,Norte,Deportivo,918.29,219.81,0,461,95
2022-11-04,Norte,Accesorios,705.75,161.44,0,337,68
2022-11-04,Sur,Ropa Casual,1018.0905,156.59,5,505,103
2022-11-04,Sur,Ropa Formal,878.81,235.39,0,416,86
2022-11-04,Sur,Deportivo,647.812,114.99,10,283,62
2022-11-04,Sur,Accesorios,428.24250000000006,100.3,5,191,42
2022-11-04,Este,Ropa Casual,1187.823,286.28,5,567,121
2022-11-04,Este,Ropa Formal,1134.928888509027,350.64,0,602,122
2022-11-04,Este,Deportivo,787.9014143846013,192.84,0,463,82
2022-11-04,Este,Accesorios,884.6775,163.95,5,432,80
2022-11-04,Oeste,Ropa Casual,999.8728527756394,250.98,0,540,109
2022-11-04,Oeste,Ropa Formal,1358.69,309.24,0,740,143
2022-11-04,Oeste,Deportivo,967.47,172.97,0,500,91
2022-11-04,Oeste,Accesorios,575.465,110.7,10,291,53
2022-11-04,Centro,Ropa Casual,2036.5065,524.11,5,950,191
2022-11-04,Centro,Ropa Formal,2355.23,599.03,0,1216,233
2022-11-04,Centro,Deportivo,1402.55,375.62,0,702,142
2022-11-04,Centro,Accesorios,1222.662,266.88,5,613,121
2022-11-05,Norte,Ropa Casual,1045.3729999999998,320.9,15,444,85
2022-11-05,Norte,Ropa Formal,1558.9310000000003,365.53,10,717,144
2022-11-05,Norte,Deportivo,1026.8,183.36052437280236,0,517,103
2022-11-05,Norte,Accesorios,793.0285,198.23,15,330,73
2022-11-05,Sur,Ropa Casual,621.97,199.46,0,312,58
2022-11-05,Sur,Ropa Formal,956.6505,198.25,15,397,87
2022-11-05,Sur,Deportivo,708.95,137.16,10,327,63
2022-11-05,Sur,Accesorios,344.9,115.76,0,211,35
2022-11-05,Este,Ropa Casual,1260.5890000000002,297.95,10,571,126
2022-11-05,Este,Ropa Formal,1780.2479999999998,380.79,20,771,153
2022-11-05,Este,Deportivo,1061.9759999999999,188.13,20,408,86
2022-11-05,Este,Accesorios,703.0900208833369,168.28,10,366,71
2022-11-05,Oeste,Ropa Casual,1147.8494999999998,269.28,15,507,94
2022-11-05,Oeste,Ropa Formal,1241.07,299.8,0,624,124
2022-11-05,Oeste,Deportivo,1072.14,201.01,20,451,88
2022-11-05,Oeste,Accesorios,879.8765,156.14,15,387,74
2022-11-05,Centro,Ropa Casual,2229.48,466.27,10,1033,210
2022-11-05,Centro,Ropa Formal,2043.56,555.51,0,1017,197
2022-11-05,Centro,Deportivo,1824.5554999999997,425.25,15,791,155
2022-11-05,Centro,Accesorios,1171.27,293.08,0,602,115
2022-11-06,Norte,Ropa Casual,1398.0230000000001,296.86,10,633,123
2022-11-06,Norte,Ropa Formal,1502.99,344.64,0,802,156
2022-11-06,Norte,Deportivo,1101.079,245.63,15,489,102
2022-11-06,Norte,Accesorios,741.53,209.51,0,354,71
2022-11-06,Sur,Ropa Casual,956.505,115.53,10,449,88
2022-11-06,Sur,Ropa Formal,802.1,222.82,0,424,81
2022-11-06,Sur,Deportivo,780.9189999999999,113.62,15,342,74
2022-11-06,Sur,Accesorios,492.86400000000003,107.89,20,205,44
2022-11-06,Este,Ropa Casual,1311.9370000000001,320.69,10,585,125
2022-11-06,Este,Ropa Formal,1266.97,341.11,0,635,129
2022-11-06,Este,Deportivo,1132.9010000000003,196.84129311555705,10,572,101
2022-11-06,Este,Accesorios,665.689,161.89,15,271,52
2022-11-06,Oeste,Ropa Casual,1137.642,266.2,10,513,103
2022-11-06,Oeste,Ropa Formal,1333.64,318.85,10,552,117
2022-11-06,Oeste,Deportivo,777.94,222.59,0,414,84
2022-11-06,Oeste,Accesorios,597.89,167.73,0,293,61
2022-11-06,Centro,Ropa Casual,1827.85,420.47,0,931,183
2022-11-06,Centro,Ropa Formal,2122.6624882248975,529.92,0,1179,222
2022-11-06,Centro,Deportivo,1913.2079999999999,405.5633183018092,20,824,154
2022-11-06,Centro,Accesorios,1448.7479999999998,253.7897247825964,20,606,122
2022-11-07,Norte,Ropa Casual,1171.62,265.32,0,585,114
2022-11-07,Norte,Ropa Formal,1353.946,342.14,10,622,126
2022-11-07,Norte,Deportivo,889.32,239.18,0,429,96
2022-11-07,Norte,Accesorios,665.11,171.19,0,343,64
2022-11-07,Sur,Ropa Casual,648.18,192.78602775706125,0,319,58
2022-11-07,Sur,Ropa Formal,1029.546,184.45,5,498,94
2022-11-07,Sur,Deportivo,695.373,137.61,5,366,73
2022-11-07,Sur,Accesorios,584.05,131.92,0,308,55
2022-11-07,Este,Ropa Casual,1081.18,291.26,0,529,104
2022-11-07,Este,Ropa Formal,1503.1695,288.11694832741443,5,727,143
2022-11-07,Este,Deportivo,870.55,203.1,0,445,90
2022-11-07,Este,Accesorios,621.2924479537535,140.9,0,329,64
2022-11-07,Oeste,Ropa Casual,1160.346,255.51850003746534,10,544,109
2022-11-07,Oeste,Ropa Formal,1348.424,332.98,10,609,125
2022-11-07,Oeste,Deportivo,892.9305,214.71,5,416,90
2022-11-07,Oeste,Accesorios,601.3220075817421,150.69,0,342,55
2022-11-07,Centro,Ropa Casual,1957.63,503.09,0,1001,196
2022-11-07,Centro,Ropa Formal,2606.68,544.46,0,1305,263
2022-11-07,Centro,Deportivo,1405.294241383628,416.06,5,713,146
2022-11-07,Centro,Accesorios,1175.25,302.91,0,557,113
2022-11-08,Norte,Ropa Casual,1025.0835,383.75,5,472,94
2022-11-08,Norte,Ropa Formal,1280.58,391.22,0,653,118
2022-11-08,Norte,Deportivo,974.84,232.87,0,505,102
2022-11-08,Norte,Accesorios,716.64,179.4,0,365,76
2022-11-08,Sur,Ropa Casual,679.88,187.55,0,317,72
2022-11-08,Sur,Ropa Formal,605.53,110.26,0,338,69
2022-11-08,Sur,Deportivo,593.73,114.53,0,328,61
2022-11-08,Sur,Accesorios,519.56,92.31,0,208,53
2022-11-08,Este,Ropa Casual,1217.0339999999999,268.11,5,561,121
2022-11-08,Este,Ropa Formal,1585.23,329.04,0,769,158
2022-11-08,Este,Deportivo,926.3100000000001,230.23,10,399,82
2022-11-08,Este,Accesorios,664.56,185.12,0,308,60
2022-11-08,Oeste,Ropa Casual,1131.29,290.7928717272382,0,543,112
2022-11-08,Oeste,Ropa Formal,1397.396,356.38,10,661,129
2022-11-08,Oeste,Deportivo,981.645,228.83,5,453,88
2022-11-08,Oeste,Accesorios,620.31,139.63,0,353,67
2022-11-08,Centro,Ropa Casual,1930.75,451.79,0,972,197
2022-11-08,Centro,Ropa Formal,2422.833,547.0838032615599,5,1191,218
2022-11-08,Centro,Deportivo,1571.75,400.62,0,774,159
2022-11-08,Centro,Accesorios,1333.227,297.65,5,667,123
2022-11-09,Norte,Ropa Casual,1101.979487346796,356.4,0,621,118
2022-11-09,Norte,Ropa Formal,1394.3328609609741,326.99600033585017,10,681,148
2022-11-09,Norte,Deportivo,871.04,251.87,0,429,81
2022-11-09,Norte,Accesorios,694.91,191.57,0,361,71
2022-11-09,Sur,Ropa Casual,772.0108583116252,141.39174637694126,0,419,76
2022-11-09,Sur,Ropa Formal,972.51,234.43,0,496,92
2022-11-09,Sur,Deportivo,602.73,116.19,0,280,59
2022-11-09,Sur,Accesorios,460.8,94.28,0,205,44
2022-11-09,Este,Ropa Casual,1192.2540000000001,273.27,5,574,117
2022-11-09,Este,Ropa Formal,1285.0175180690612,349.91,0,716,147
2022-11-09,Este,Deportivo,826.0077162827491,242.37,0,485,87
2022-11-09,Este,Accesorios,716.08,149.57,0,373,68
2022-11-09,Oeste,Ropa Casual,1216.4790000000003,249.32,10,562,109
2022-11-09,Oeste,Ropa Formal,1105.61,322.86,0,564,115
2022-11-09,Oeste,Deportivo,766.1115,203.72,5,342,66
2022-11-09,Oeste,Accesorios,671.97,167.63602604394117,0,313,71
2022-11-09,Centro,Ropa Casual,1917.93,544.72,0,937,193
2022-11-09,Centro,Ropa Formal,2323.1176089105497,609.0,5,1182,245
2022-11-09,Centro,Deportivo,1598.39,403.53,0,768,161
2022-11-09,Centro,Accesorios,1129.6,293.43,0,548,113
2022-11-10,Norte,Ropa Casual,1206.5,305.98,0,564,128
2022-11-10,Norte,Ropa Formal,1416.4395000000002,333.48,5,681,134
2022-11-10,Norte,Deportivo,908.46,266.59,0,468,94
2022-11-10,Norte,Accesorios,783.2980818427258,157.7,5,426,77
2022-11-10,Sur,Ropa Casual,728.91,148.86,0,401,74
2022-11-10,Sur,Ropa Formal,944.647,210.23,10,438,87
2022-11-10,Sur,Deportivo,629.9700000000001,152.29,10,303,54
2022-11-10,Sur,Accesorios,498.0255,97.7,5,239,48
2022-11-10,Este,Ropa Casual,1121.36,233.24672521144092,0,524,121
2022-11-10,Este,Ropa Formal,1336.0936534994885,279.43,0,723,150
2022-11-10,Este,Deportivo,1056.6675,217.94,5,467,107
2022-11-10,Este,Accesorios,745.91,165.81,0,377,69
2022-11-10,Oeste,Ropa Casual,912.34,274.34,0,453,97
2022-11-10,Oeste,Ropa Formal,1343.1770000000001,269.83,10,599,130
2022-11-10,Oeste,Deportivo,927.7275,266.4,5,440,90
2022-11-10,Oeste,Accesorios,644.29,152.29,0,315,62
2022-11-10,Centro,Ropa Casual,2019.688,551.14,10,894,182
2022-11-10,Centro,Ropa Formal,2272.477756409638,522.6970374322383,5,1165,243
2022-11-10,Centro,Deportivo,1541.24,446.7,0,767,153
2022-11-10,Centro,Accesorios,1306.7775,294.1400748802823,5,596,128
2022-11-11,Norte,Ropa Casual,1287.1665309509578,310.05,5,653,127
2022-11-11,Norte,Ropa Formal,1485.1,299.7,0,766,156
2022-11-11,Norte,Deportivo,949.3785,198.47,5,468,86
2022-11-11,Norte,Accesorios,763.33,168.7,0,366,73
2022-11-11,Sur,Ropa Casual,757.22,200.45,0,368,73
2022-11-11,Sur,Ropa Formal,815.144,232.16,10,347,73
2022-11-11,Sur,Deportivo,536.23,122.32,0,261,60
2022-11-11,Sur,Accesorios,481.1,115.24,0,251,41
2022-11-11,Este,Ropa Casual,1242.38,316.54,0,622,127
2022-11-11,Este,Ropa Formal,1501.11,355.15,0,782,142
2022-11-11,Este,Deportivo,862.71,230.79,0,408,92
2022-11-11,Este,Accesorios,684.4005,173.39,5,279,56
2022-11-11,Oeste,Ropa Casual,971.57,238.51,0,475,97
2022-11-11,Oeste,Ropa Formal,1410.44,303.87,0,704,143
2022-11-11,Oeste,Deportivo,924.49,201.22,0,480,89
2022-11-11,Oeste,Accesorios,599.1583910871419,123.44,5,315,65
2022-11-11,Centro,Ropa Casual,1948.338,498.32,5,931,175
2022-11-11,Centro,Ropa Formal,2414.56,644.94,0,1181,239
2022-11-11,Centro,Deportivo,1667.622,385.92,10,768,152
2022-11-11,Centro,Accesorios,1156.53,298.85,0,586,113
2022-11-12,Norte,Ropa Casual,1231.3474159321775,293.55,15,586,109
2022-11-12,Norte,Ropa Formal,1583.426370963317,344.51,15,776,150
2022-11-12,Norte,Deportivo,1216.416,251.44,20,495,98
2022-11-12,Norte,Accesorios,915.3539999999999,222.09,15,392,73
2022-11-12,Sur,Ropa Casual,530.71,229.32,0,262,52
2022-11-12,Sur,Ropa Formal,759.25,275.91,0,395,79
2022-11-12,Sur,Deportivo,674.66,116.5,0,345,64
2022-11-12,Sur,Accesorios,654.189,61.05,15,272,49
2022-11-12,Este,Ropa Casual,1319.9125,251.45,15,576,120
2022-11-12,Este,Ropa Formal,1480.7284999999997,341.11,15,615,134
2022-11-12,Este,Deportivo,1100.7150000000001,209.05,10,484,88
2022-11-12,Este,Accesorios,776.3879999999999,184.33,15,341,59
2022-11-12,Oeste,Ropa Casual,1328.217,203.93,10,623,133
2022-11-12,Oeste,Ropa Formal,1406.68,304.34,0,675,139
2022-11-12,Oeste,Deportivo,851.0920000000001,186.27,10,366,82
2022-11-12,Oeste,Accesorios,680.8560000000001,155.59896855126323,10,323,71
2022-11-12,Centro,Ropa Casual,2398.1294999999996,499.71,15,1040,209
2022-11-12,Centro,Ropa Formal,2663.969,556.3,10,1199,239
2022-11-12,Centro,Deportivo,1528.83,398.25,0,733,158
2022-11-12,Centro,Accesorios,1394.04,291.63,20,563,111
2022-11-13,Norte,Ropa Casual,1174.338,293.07,10,525,108
2022-11-13,Norte,Ropa Formal,1818.4560000000001,366.98,20,734,152
2022-11-13,Norte,Deportivo,1204.9585,257.3,15,527,107
2022-11-13,Norte,Accesorios,725.84,109.33583925740322,0,364,71
2022-11-13,Sur,Ropa Casual,911.1520000000002,166.32,10,419,81
2022-11-13,Sur,Ropa Formal,734.0515052663061,225.40286727312596,15,383,67
2022-11-13,Sur,Deportivo,637.736,117.74982520530263,10,308,49
2022-11-13,Sur,Accesorios,546.963,105.63,15,263,43
2022-11-13,Este,Ropa Casual,1405.1965,273.56,15,568,125
2022-11-13,Este,Ropa Formal,1412.09,307.73,0,701,139
2022-11-13,Este,Deportivo,995.52,249.64,0,489,98
2022-11-13,Este,Accesorios,805.776,168.79,20,324,72
2022-11-13,Oeste,Ropa Casual,1272.348,314.32,20,536,117
2022-11-13,Oeste,Ropa Formal,1155.76,330.0,0,568,116
2022-11-13,Oeste,Deportivo,1130.352,169.32,20,499,94
2022-11-13,Oeste,Accesorios,555.59,195.01,0,280,58
2022-11-13,Centro,Ropa Casual,2043.2720000000002,512.02,10,923,190
2022-11-13,Centro,Ropa Formal,2308.23,579.34,0,1159,221
2022-11-13,Centro,Deportivo,1688.258,409.56,10,734,153
2022-11-13,Centro,Accesorios,1267.046,305.81,10,595,112
2022-11-14,Norte,Ropa Casual,1296.95,308.58,0,637,134
2022-11-14,Norte,Ropa Formal,1359.58,287.16,0,668,141
2022-11-14,Norte,Deportivo,790.7399916038406,289.91,0,433,77
2022-11-14,Norte,Accesorios,675.05,144.6561890124651,0,345,72
2022-11-14,Sur,Ropa Casual,601.8422612843036,173.11,0,332,75
2022-11-14,Sur,Ropa Formal,798.31,208.6,0,379,80
2022-11-14,Sur,Deportivo,672.27,93.81,0,333,62
2022-11-14,Sur,Accesorios,471.22900000000004,83.84,10,199,43
2022-11-14,Este,Ropa Casual,1242.7485,244.27,5,601,122
2022-11-14,Este,Ropa Formal,1397.92,322.13,0,709,135
2022-11-14,Este,Deportivo,968.891,216.24,10,473,95
2022-11-14,Este,Accesorios,655.52,160.96,0,334,64
2022-11-14,Oeste,Ropa Casual,1048.47,265.43,0,562,105
2022-11-14,Oeste,Ropa Formal,1548.03,295.72,10,711,137
2022-11-14,Oeste,Deportivo,805.1391537294737,184.94,5,433,82
2022-11-14,Oeste,Accesorios,553.2834235936388,140.06,10,308,53
2022-11-14,Centro,Ropa Casual,1657.5739326507608,471.9924270314543,0,912,179
2022-11-14,Centro,Ropa Formal,2318.379,602.26,5,1116,224
2022-11-14,Centro,Deportivo,1508.5988285593671,378.08,0,867,168
2022-11-14,Centro,Accesorios,1363.1860000000001,309.56,10,610,132
2022-11-15,Norte,Ropa Casual,1139.87,295.71,0,558,116
2022-11-15,Norte,Ropa Formal,1137.1376849304286,327.3086511798158,0,653,132
2022-11-15,Norte,Deportivo,1158.2225634968745,235.89,10,534,116
2022-11-15,Norte,Accesorios,720.599,165.52,10,295,69
2022-11-15,Sur,Ropa Casual,690.88,186.40427229493866,0,353,67
2022-11-15,Sur,Ropa Formal,995.78,200.53,0,500,94
2022-11-15,Sur,Deportivo,766.0065,122.49,5,362,78
2022-11-15,Sur,Accesorios,466.07000000000005,85.8,10,209,43
2022-11-15,Este,Ropa Casual,1096.64,282.93,0,581,115
2022-11-15,Este,Ropa Formal,1366.19,260.8795424501707,0,683,132
2022-11-15,Este,Deportivo,836.0415,227.81,5,399,75
2022-11-15,Este,Accesorios,677.9535,131.16,5,304,66
2022-11-15,Oeste,Ropa Casual,967.5806141850653,283.19,0,500,106
2022-11-15,Oeste,Ropa Formal,1298.25,339.64,0,658,127
2022-11-15,Oeste,Deportivo,910.19,189.94,0,454,88
2022-11-15,Oeste,Accesorios,635.4495000000001,160.89,5,294,62
2022-11-15,Centro,Ropa Casual,2041.0740000000003,417.59,5,986,198
2022-11-15,Centro,Ropa Formal,2459.61,656.61,0,1234,234
2022-11-15,Centro,Deportivo,1734.3590000000002,427.73,10,784,152
2022-11-15,Centro,Accesorios,1194.0600000000002,279.36,5,563,117
2022-11-16,Norte,Ropa Casual,1060.46,296.81,0,509,107
2022-11-16,Norte,Ropa Formal,1610.1015000000002,404.77,5,727,157
2022-11-16,Norte,Deportivo,956.13,236.94,0,487,99
2022-11-16,Norte,Accesorios,723.62,179.34,0,375,74
2022-11-16,Sur,Ropa Casual,953.205,141.47,10,418,90
2022-11-16,Sur,Ropa Formal,798.45,142.54,0,425,82
2022-11-16,Sur,Deportivo,551.99,107.73,0,239,49
2022-11-16,Sur,Accesorios,410.19,104.76,0,230,43
2022-11-16,Este,Ropa Casual,1084.85,315.18,0,547,109
2022-11-16,Este,Ropa Formal,1511.32,343.87,0,747,146
2022-11-16,Este,Deportivo,1087.6740000000002,210.51,5,514,112
2022-11-16,Este,Accesorios,666.644,181.62,10,313,56
2022-11-16,Oeste,Ropa Casual,1093.5645,234.81,5,508,106
2022-11-16,Oeste,Ropa Formal,1301.0030000000002,331.63,10,578,114
2022-11-16,Oeste,Deportivo,900.24,154.5690598887881,0,425,88
2022-11-16,Oeste,Accesorios,734.874,188.13,5,348,72
2022-11-16,Centro,Ropa Casual,1998.26,472.99,0,1009,203
2022-11-16,Centro,Ropa Formal,2401.81,566.4,0,1207,236
2022-11-16,Centro,Deportivo,1719.5325000000003,418.36,5,832,156
2022-11-16,Centro,Accesorios,1178.97,274.15,0,603,119
2022-11-17,Norte,Ropa Casual,1345.19,273.66,0,687,134
2022-11-17,Norte,Ropa Formal,1497.951,321.82,5,731,138
2022-11-17,Norte,Deportivo,925.25,217.89,0,478,85
2022-11-17,Norte,Accesorios,634.37,160.91403289867947,0,306,68
2022-11-17,Sur,Ropa Casual,708.06,217.57,0,348,72
2022-11-17,Sur,Ropa Formal,1030.9635,184.58354090949155,5,517,99
2022-11-17,Sur,Deportivo,594.4,171.34,0,275,58
2022-11-17,Sur,Accesorios,447.51,106.9,5,214,36
2022-11-17,Este,Ropa Casual,1100.2635,335.83,5,503,102
2022-11-17,Este,Ropa Formal,1500.3135,325.94,5,692,138
2022-11-17,Este,Deportivo,1189.353,212.75,10,562,109
2022-11-17,Este,Accesorios,677.3655,155.5897729382054,5,312,58
2022-11-17,Oeste,Ropa Casual,996.25,211.85,0,531,99
2022-11-17,Oeste,Ropa Formal,1234.57,343.22,0,647,128
2022-11-17,Oeste,Deportivo,851.97,190.04,0,400,85
2022-11-17,Oeste,Accesorios,594.87,198.79,0,277,68
2022-11-17,Centro,Ropa Casual,2121.82,469.06,0,1034,210
2022-11-17,Centro,Ropa Formal,2316.04,559.01,0,1167,237
2022-11-17,Centro,Deportivo,1519.82,402.6,0,737,156
2022-11-17,Centro,Accesorios,1272.75,328.81,0,617,128
2022-11-18,Norte,Ropa Casual,1126.8915000000002,306.18,5,508,103
2022-11-18,Norte,Ropa Formal,1417.28,406.6,0,701,139
2022-11-18,Norte,Deportivo,1088.7345000000003,267.33,5,513,117
2022-11-18,Norte,Accesorios,776.24,175.3,0,381,80
2022-11-18,Sur,Ropa Casual,730.7,152.86,0,337,75
2022-11-18,Sur,Ropa Formal,932.316,278.9,5,435,93
2022-11-18,Sur,Deportivo,680.8450000000001,155.68,10,316,60
2022-11-18,Sur,Accesorios,592.4270000000001,82.45706228941418,10,267,58
2022-11-18,Este,Ropa Casual,1316.0700000000002,225.66,5,650,126
2022-11-18,Este,Ropa Formal,1382.62,281.1374780165339,0,672,139
2022-11-18,Este,Deportivo,949.67,205.91,0,515,91
2022-11-18,Este,Accesorios,794.0100000000001,178.19,5,363,76
2022-11-18,Oeste,Ropa Casual,1107.5295,226.35,5,529,101
2022-11-18,Oeste,Ropa Formal,1340.94,384.25,0,658,139
2022-11-18,Oeste,Deportivo,890.4000000000001,189.67,5,454,88
2022-11-18,Oeste,Accesorios,586.02,181.39,0,318,56
2022-11-18,Centro,Ropa Casual,1894.25,512.85,0,943,191
2022-11-18,Centro,Ropa Formal,2363.0,578.6,0,1191,230
2022-11-18,Centro,Deportivo,1607.298,378.58,5,783,161
2022-11-18,Centro,Accesorios,1131.92,308.33,0,557,113
2022-11-19,Norte,Ropa Casual,1281.027,298.08,10,571,115
2022-11-19,Norte,Ropa Formal,1505.2620000000002,405.33,10,669,135
2022-11-19,Norte,Deportivo,1338.24,226.72,20,554,111
2022-11-19,Norte,Accesorios,712.15,147.22176505559506,0,350,71
2022-11-19,Sur,Ropa Casual,986.1479999999999,198.74,20,412,83
2022-11-19,Sur,Ropa Formal,881.57,172.8775254868949,0,475,79
2022-11-19,Sur,Deportivo,640.475,143.91,10,288,55
2022-11-19,Sur,Accesorios,516.8127263182809,70.32,0,279,59
2022-11-19,Este,Ropa Casual,1146.8029999999999,256.26,15,508,99
2022-11-19,Este,Ropa Formal,1709.5439999999999,360.8,15,706,156
2022-11-19,Este,Deportivo,885.564,181.58,20,353,72
2022-11-19,Este,Accesorios,525.7756936150428,139.31353782587541,0,270,64
2022-11-19,Oeste,Ropa Casual,1243.198,275.49,10,585,116
2022-11-19,Oeste,Ropa Formal,1022.25,332.95,0,534,91
2022-11-19,Oeste,Deportivo,972.684,225.6,20,377,90
2022-11-19,Oeste,Accesorios,676.4415,132.95017358986846,15,310,60
2022-11-19,Centro,Ropa Casual,2027.3110000000001,514.42,10,898,189
2022-11-19,Centro,Ropa Formal,2671.064,704.33,10,1242,243
2022-11-19,Centro,Deportivo,1612.0079228385157,394.03,15,764,163
2022-11-19,Centro,Accesorios,1349.8469999999998,290.83,15,589,124
2022-11-20,Norte,Ropa Casual,1314.98,296.5585211144873,0,636,127
2022-11-20,Norte,Ropa Formal,1644.3239999999998,326.41,20,681,135
2022-11-20,Norte,Deportivo,884.55,227.62,0,444,82
2022-11-20,Norte,Accesorios,698.544,187.27,10,297,63
2022-11-20,Sur,Ropa Casual,1053.4689999999998,180.23,15,477,92
2022-11-20,Sur,Ropa Formal,900.5135228443253,235.69,0,485,104
2022-11-20,Sur,Deportivo,909.2280000000001,116.91,20,352,75
2022-11-20,Sur,Accesorios,486.1670000000001,82.63177893751264,10,242,39
2022-11-20,Este,Ropa Casual,912.13,305.26,0,488,96
2022-11-20,Este,Ropa Formal,1466.72,328.66,0,717,152
2022-11-20,Este,Deportivo,1053.03,215.84,10,486,104
2022-11-20,Este,Accesorios,735.0455,184.02,15,282,66
2022-11-20,Oeste,Ropa Casual,975.18,240.2,0,492,97
2022-11-20,Oeste,Ropa Formal,1485.89,232.88,0,730,143
2022-11-20,Oeste,Deportivo,858.0840000000001,169.56,20,374,76
2022-11-20,Oeste,Accesorios,850.9490000000001,170.76,10,410,78
2022-11-20,Centro,Ropa Casual,2276.3444999999997,550.93,15,983,204
2022-11-20,Centro,Ropa Formal,2540.5710000000004,620.88,10,1145,229
2022-11-20,Centro,Deportivo,1703.5260000000003,423.3,10,789,143
2022-11-20,Centro,Accesorios,1441.8929999999998,288.63,15,648,124
2022-11-21,Norte,Ropa Casual,1264.9612814724169,277.93,5,679,131
2022-11-21,Norte,Ropa Formal,1653.75,337.84682374407015,5,747,159
2022-11-21,Norte,Deportivo,917.1141795850083,262.28,5,456,87
2022-11-21,Norte,Accesorios,709.66,170.58,0,354,77
2022-11-21,Sur,Ropa Casual,715.7869494032203,134.98,0,392,76
2022-11-21,Sur,Ropa Formal,783.67,183.62,0,413,77
2022-11-21,Sur,Deportivo,600.69,142.67,0,295,67
2022-11-21,Sur,Accesorios,503.32,101.16,0,245,54
2022-11-21,Este,Ropa Casual,1069.0785,278.65,5,559,95
2022-11-21,Este,Ropa Formal,1473.9585,296.23,5,713,138
2022-11-21,Este,Deportivo,972.3525,216.64,5,473,96
2022-11-21,Este,Accesorios,603.4770000000001,150.39,5,280,56
2022-11-21,Oeste,Ropa Casual,1235.535,234.56,5,569,111
2022-11-21,Oeste,Ropa Formal,1170.2355,323.01,5,544,109
2022-11-21,Oeste,Deportivo,838.51,191.48,0,413,77
2022-11-21,Oeste,Accesorios,746.9385000000001,134.91,5,327,61
2022-11-21,Centro,Ropa Casual,1857.18,440.23,0,939,186
2022-11-21,Centro,Ropa Formal,2413.38,619.49,0,1224,242
2022-11-21,Centro,Deportivo,1555.05,387.6,0,781,153
2022-11-21,Centro,Accesorios,1222.767,294.31,5,559,116
2022-11-22,Norte,Ropa Casual,984.71,307.51,0,497,98
2022-11-22,Norte,Ropa Formal,1483.6083963205342,367.44,0,804,164
2022-11-22,Norte,Deportivo,917.2437866477516,248.49,0,526,91
2022-11-22,Norte,Accesorios,884.142,187.51,5,433,81
2022-11-22,Sur,Ropa Casual,918.2030000000001,126.55,10,399,83
2022-11-22,Sur,Ropa Formal,876.9195610702625,240.71,0,486,91
2022-11-22,Sur,Deportivo,715.41,146.6,0,357,65
2022-11-22,Sur,Accesorios,431.15,84.24101122263001,0,212,37
2022-11-22,Este,Ropa Casual,1284.04,302.23,0,610,129
2022-11-22,Este,Ropa Formal,1369.85,316.46,0,662,141
2022-11-22,Este,Deportivo,897.87,217.39,0,461,95
2022-11-22,Este,Accesorios,679.476,161.49,5,324,68
2022-11-22,Oeste,Ropa Casual,1134.57,231.82,0,565,107
2022-11-22,Oeste,Ropa Formal,1394.7255,308.65,5,686,122
2022-11-22,Oeste,Deportivo,1032.79,227.28,0,512,104
2022-11-22,Oeste,Accesorios,697.2659175920295,168.45,5,399,70
2022-11-22,Centro,Ropa Casual,2072.1855,463.7623533447112,5,952,193
2022-11-22,Centro,Ropa Formal,2384.634,599.54,5,1140,230
2022-11-22,Centro,Deportivo,1448.4319442210224,373.0108480771492,0,819,153
2022-11-22,Centro,Accesorios,1270.3950000000002,304.18,5,627,113
2022-11-23,Norte,Ropa Casual,1368.234,260.26,5,636,141
2022-11-23,Norte,Ropa Formal,1635.102,384.54,5,788,147
2022-11-23,Norte,Deportivo,969.97,253.06,0,504,96
2022-11-23,Norte,Accesorios,824.46,174.47,5,387,80
2022-11-23,Sur,Ropa Casual,571.34,172.45,0,287,58
2022-11-23,Sur,Ropa Formal,989.4780000000001,148.5919114012093,5,472,106
2022-11-23,Sur,Deportivo,549.78,150.9,0,284,62
2022-11-23,Sur,Accesorios,461.86,120.13,0,230,43
2022-11-23,Este,Ropa Casual,984.51,262.48,0,476,94
2022-11-23,Este,Ropa Formal,1439.79,335.21,0,721,137
2022-11-23,Este,Deportivo,975.9090000000001,203.82,10,453,92
2022-11-23,Este,Accesorios,829.374,175.12,5,392,72
2022-11-23,Oeste,Ropa Casual,976.712,292.21,10,444,93
2022-11-23,Oeste,Ropa Formal,1181.67,352.99,0,614,119
2022-11-23,Oeste,Deportivo,840.2835,241.53197257653096,5,411,83
2022-11-23,Oeste,Accesorios,693.9,152.44,0,364,68
2022-11-23,Centro,Ropa Casual,1899.2363411195656,495.1469807110289,0,1049,208
2022-11-23,Centro,Ropa Formal,2288.71,569.6,0,1170,221
2022-11-23,Centro,Deportivo,1442.407953980836,367.49,0,764,161
2022-11-23,Centro,Accesorios,1345.9215,310.79,5,641,127
2022-11-24,Norte,Ropa Casual,1343.2755,281.26,5,641,125
2022-11-24,Norte,Ropa Formal,1470.88,399.23,0,739,145
2022-11-24,Norte,Deportivo,1068.98,222.4,10,514,95
2022-11-24,Norte,Accesorios,797.1705000000001,172.65,5,364,74
2022-11-24,Sur,Ropa Casual,821.85,171.04,0,401,86
2022-11-24,Sur,Ropa Formal,1086.82,260.76,0,555,109
2022-11-24,Sur,Deportivo,659.307,150.43,10,333,57
2022-11-24,Sur,Accesorios,514.657,124.69251306395185,10,242,52
2022-11-24,Este,Ropa Casual,1187.655,267.0,5,583,111
2022-11-24,Este,Ropa Formal,1251.1097548231644,266.35,0,716,140
2022-11-24,Este,Deportivo,908.7435,207.82,5,406,76
2022-11-24,Este,Accesorios,761.78,109.34,0,366,76
2022-11-24,Oeste,Ropa Casual,1189.1355,240.89,5,550,110
2022-11-24,Oeste,Ropa Formal,1304.59,289.36,0,621,121
2022-11-24,Oeste,Deportivo,865.93,212.56,0,462,78
2022-11-24,Oeste,Accesorios,633.02,167.86,0,301,61
2022-11-24,Centro,Ropa Casual,1978.48,520.25,0,1007,196
2022-11-24,Centro,Ropa Formal,2562.6929999999998,678.68,5,1205,247
2022-11-24,Centro,Deportivo,1574.1690495980008,343.9067327491693,10,793,143
2022-11-24,Centro,Accesorios,1149.61,324.54,0,550,110
2022-11-25,Norte,Ropa Casual,1639.2359999999999,294.12,20,643,134
2022-11-25,Norte,Ropa Formal,1690.0800000000002,383.07,20,709,134
2022-11-25,Norte,Deportivo,1176.408,264.31,20,489,106
2022-11-25,Norte,Accesorios,876.9540000000001,181.83,30,319,69
2022-11-25,Sur,Ropa Casual,834.24,140.06,20,372,69
2022-11-25,Sur,Ropa Formal,1164.0359999999998,190.81,20,451,93
2022-11-25,Sur,Deportivo,963.5470000000001,132.76,30,371,70
2022-11-25,Sur,Accesorios,455.697,92.55,10,226,43
2022-11-25,Este,Ropa Casual,1178.415,250.26780498145382,5,572,118
2022-11-25,Este,Ropa Formal,1862.2319999999997,419.05,20,759,147
2022-11-25,Este,Deportivo,1206.595,201.6,30,471,91
2022-11-25,Este,Accesorios,695.1903791365471,179.26,20,299,61
2022-11-25,Oeste,Ropa Casual,1238.0610000000001,265.92,10,601,113
2022-11-25,Oeste,Ropa Formal,1144.4184985889085,354.75,5,632,116
2022-11-25,Oeste,Deportivo,997.3439999999999,210.78,20,440,88
2022-11-25,Oeste,Accesorios,690.9735000000001,184.88,5,342,69
2022-11-25,Centro,Ropa Casual,2002.266,477.93,5,954,191
2022-11-25,Centro,Ropa Formal,2878.9320000000002,564.2,20,1178,240
2022-11-25,Centro,Deportivo,1581.4995000000001,389.2,5,776,144
2022-11-25,Centro,Accesorios,1239.3700000000001,267.5,10,559,118
2022-11-26,Norte,Ropa Casual,1414.5804999999998,291.71,15,635,114
2022-11-26,Norte,Ropa Formal,1803.2344999999998,299.15,15,781,165
2022-11-26,Norte,Deportivo,1086.87,267.47,0,546,119
2022-11-26,Norte,Accesorios,699.391,167.16,10,326,61
2022-11-26,Sur,Ropa Casual,960.112,155.69,15,416,87
2022-11-26,Sur,Ropa Formal,962.71,192.76,0,481,90
2022-11-26,Sur,Deportivo,664.516,153.52,15,268,49
2022-11-26,Sur,Accesorios,540.628,88.31,10,231,52
2022-11-26,Este,Ropa Casual,1316.0950000000003,328.27,10,599,119
2022-11-26,Este,Ropa Formal,1350.64,350.42,0,680,140
2022-11-26,Este,Deportivo,1061.1281626232908,214.4,15,453,102
2022-11-26,Este,Accesorios,573.1425114187861,160.1,10,279,59
2022-11-26,Oeste,Ropa Casual,1054.34,292.54,0,526,102
2022-11-26,Oeste,Ropa Formal,1439.2290000000003,312.67,10,656,130
2022-11-26,Oeste,Deportivo,826.4458246638536,193.62,0,453,99
2022-11-26,Oeste,Accesorios,608.49,152.0,0,306,60
2022-11-26,Centro,Ropa Casual,1941.12,509.63,0,957,183
2022-11-26,Centro,Ropa Formal,2732.4660000000003,673.0,10,1233,250
2022-11-26,Centro,Deportivo,2036.4774999999997,367.9,15,886,180
2022-11-26,Centro,Accesorios,1200.09,329.81,0,592,127
2022-11-27,Norte,Ropa Casual,1259.7820189545475,321.39,15,596,118
2022-11-27,Norte,Ropa Formal,1906.0445,300.34,15,844,162
2022-11-27,Norte,Deportivo,1214.653,251.59,15,554,106
2022-11-27,Norte,Accesorios,765.31,122.9637378090829,0,363,70
2022-11-27,Sur,Ropa Casual,737.91,169.5,0,353,78
2022-11-27,Sur,Ropa Formal,1137.6090000000002,171.33,10,525,96
2022-11-27,Sur,Deportivo,679.855,113.96123262548343,10,283,56
2022-11-27,Sur,Accesorios,590.3064999999999,116.91,15,256,56
2022-11-27,Este,Ropa Casual,1298.1430000000003,310.53,10,576,115
2022-11-27,Este,Ropa Formal,1151.66,356.37,0,576,112
2022-11-27,Este,Deportivo,817.28,250.14,0,394,83
2022-11-27,Este,Accesorios,701.92,189.48,0,383,77
2022-11-27,Oeste,Ropa Casual,1223.2,247.31,10,561,113
2022-11-27,Oeste,Ropa Formal,1463.09,310.6,0,734,147
2022-11-27,Oeste,Deportivo,824.1750000000001,234.75,10,379,78
2022-11-27,Oeste,Accesorios,634.1,173.89,0,315,54
2022-11-27,Centro,Ropa Casual,2096.1,463.1554428828955,0,1005,215
2022-11-27,Centro,Ropa Formal,3007.181,578.84,15,1311,258
2022-11-27,Centro,Deportivo,1720.3780000000002,400.07,10,790,159
2022-11-27,Centro,Accesorios,1227.3029999999999,305.82,15,539,102
2022-11-28,Norte,Ropa Casual,1383.6338892040856,358.63,20,626,116
2022-11-28,Norte,Ropa Formal,1694.286,363.69569204958407,10,751,148
2022-11-28,Norte,Deportivo,1035.444,258.72,20,422,80
2022-11-28,Norte,Accesorios,809.1195,195.01,5,386,65
2022-11-28,Sur,Ropa Casual,985.215,191.03,5,468,89
2022-11-28,Sur,Ropa Formal,866.2815,228.63,5,396,80
2022-11-28,Sur,Deportivo,727.3749160834332,121.32,30,319,63
2022-11-28,Sur,Accesorios,554.136,118.17,20,248,53
2022-11-28,Este,Ropa Casual,1496.424,261.55,20,581,117
2022-11-28,Este,Ropa Formal,1488.4980000000003,266.78,10,656,143
2022-11-28,Este,Deportivo,987.2415000000001,216.35,5,424,87
2022-11-28,Este,Accesorios,787.932,175.99,20,327,61
2022-11-28,Oeste,Ropa Casual,1401.335,268.40155393146216,30,565,111
2022-11-28,Oeste,Ropa Formal,1040.7285,326.77,5,499,94
2022-11-28,Oeste,Deportivo,1070.784,209.23,20,436,93
2022-11-28,Oeste,Accesorios,669.548,140.57333681479588,10,302,57
2022-11-28,Centro,Ropa Casual,2206.5119999999997,521.72,20,901,186
2022-11-28,Centro,Ropa Formal,2507.1585,625.38,5,1200,243
2022-11-28,Centro,Deportivo,1594.4060000000002,373.47,10,756,148
2022-11-28,Centro,Accesorios,1340.436,319.42,20,540,111
2022-11-29,Norte,Ropa Casual,1448.328,353.35,5,661,134
2022-11-29,Norte,Ropa Formal,1489.6875,362.03,5,712,140
2022-11-29,Norte,Deportivo,1013.4495000000001,201.09,5,494,111
2022-11-29,Norte,Accesorios,770.9039999999999,144.92,20,311,68
2022-11-29,Sur,Ropa Casual,947.1,177.77,5,423,82
2022-11-29,Sur,Ropa Formal,949.586,164.78538599601896,10,439,92
2022-11-29,Sur,Deportivo,800.8455,130.33,5,393,78
2022-11-29,Sur,Accesorios,433.90200000000004,85.42,5,213,43
2022-11-29,Este,Ropa Casual,1059.0030000000002,241.83,10,448,86
2022-11-29,Este,Ropa Formal,1427.7230000000002,375.62,10,630,122
2022-11-29,Este,Deportivo,997.4140000000001,205.71,10,443,95
2022-11-29,Este,Accesorios,773.003,161.02,10,344,72
2022-11-29,Oeste,Ropa Casual,1187.5593959665814,241.08,10,570,113
2022-11-29,Oeste,Ropa Formal,1721.148,319.55,20,744,146
2022-11-29,Oeste,Deportivo,951.8355,213.2,5,454,81
2022-11-29,Oeste,Accesorios,792.883,142.68,30,313,61
2022-11-29,Centro,Ropa Casual,2219.998,534.46,10,1009,203
2022-11-29,Centro,Ropa Formal,2535.7822625421054,604.69,20,1115,226
2022-11-29,Centro,Deportivo,1861.4279999999999,412.92,20,701,161
2022-11-29,Centro,Accesorios,1610.76,324.95,20,705,129
2022-11-30,Norte,Ropa Casual,1563.289,396.34,30,600,118
2022-11-30,Norte,Ropa Formal,1815.804,415.54,20,755,142
2022-11-30,Norte,Deportivo,1087.44,242.52,20,471,90
2022-11-30,Norte,Accesorios,669.4695,149.78,5,332,74
2022-11-30,Sur,Ropa Casual,926.6039999999999,199.61,20,365,83
2022-11-30,Sur,Ropa Formal,1091.532,242.33,20,429,100
2022-11-30,Sur,Deportivo,723.822,110.09,10,326,53
2022-11-30,Sur,Accesorios,596.112,121.08,10,275,52
2022-11-30,Este,Ropa Casual,1265.9515889588718,295.09,10,625,128
2022-11-30,Este,Ropa Formal,1850.615,267.12,30,721,140
2022-11-30,Este,Deportivo,1077.6045,189.91,5,497,104
2022-11-30,Este,Accesorios,689.062,160.38,10,293,67
2022-11-30,Oeste,Ropa Casual,1159.224,280.67,20,468,101
2022-11-30,Oeste,Ropa Formal,1142.5260000000003,306.8,10,495,105
2022-11-30,Oeste,Deportivo,1001.9490000000001,187.57211515328095,30,371,77
2022-11-30,Oeste,Accesorios,761.2770000000002,165.2,10,356,72
2022-11-30,Centro,Ropa Casual,2346.768,535.97,20,983,197
2022-11-30,Centro,Ropa Formal,2874.048,627.79,20,1231,230
2022-11-30,Centro,Deportivo,1920.024,429.65,20,812,162
2022-11-30,Centro,Accesorios,1218.84,263.7,5,582,113
2022-12-01,Norte,Ropa Casual,1330.362,223.18672452619288,10,609,117
2022-12-01,Norte,Ropa Formal,1428.861,351.74,5,700,143
2022-12-01,Norte,Deportivo,1013.1986493675665,196.04,0,568,112
2022-12-01,Norte,Accesorios,799.2810000000001,212.72,5,386,71
2022-12-01,Sur,Ropa Casual,618.23,148.97,0,301,68
2022-12-01,Sur,Ropa Formal,1134.7160000000001,269.42,10,541,102
2022-12-01,Sur,Deportivo,619.4,155.5162080337429,0,308,51
2022-12-01,Sur,Accesorios,508.19,97.38,0,263,49
2022-12-01,Este,Ropa Casual,1060.04,279.84,0,515,114
2022-12-01,Este,Ropa Formal,1381.85,234.47,0,662,136
2022-12-01,Este,Deportivo,1009.995,157.16222277109154,5,502,105
2022-12-01,Este,Accesorios,681.6254483866005,212.42,5,371,69
2022-12-01,Oeste,Ropa Casual,1070.0340845579296,265.56,0,594,116
2022-12-01,Oeste,Ropa Formal,1411.767,376.99,5,700,131
2022-12-01,Oeste,Deportivo,854.133,207.09,5,412,83
2022-12-01,Oeste,Accesorios,672.6264284209769,160.33,5,348,77
2022-12-01,Centro,Ropa Casual,1955.8709766352558,489.65,0,1042,219
2022-12-01,Centro,Ropa Formal,2352.74,648.92,0,1198,236
2022-12-01,Centro,Deportivo,1616.72,395.89872897804713,0,825,158
2022-12-01,Centro,Accesorios,1277.24,322.54,0,649,130
2022-12-02,Norte,Ropa Casual,1290.05,271.27058520549997,0,636,126
2022-12-02,Norte,Ropa Formal,1360.31,413.3,0,706,138
2022-12-02,Norte,Deportivo,1003.989,218.34,5,499,104
2022-12-02,Norte,Accesorios,682.8675000000001,182.34,5,297,62
2022-12-02,Sur,Ropa Casual,741.94,199.89,0,352,71
2022-12-02,Sur,Ropa Formal,914.109,211.07610212905243,5,425,84
2022-12-02,Sur,Deportivo,729.311,136.57,10,326,63
2022-12-02,Sur,Accesorios,403.51,93.98,0,193,41
2022-12-02,Este,Ropa Casual,1091.3174999999999,303.28,5,542,108
2022-12-02,Este,Ropa Formal,1374.99,391.49,0,690,140
2022-12-02,Este,Deportivo,838.8135000000001,227.32,5,386,84
2022-12-02,Este,Accesorios,605.23,165.55,0,291,60
2022-12-02,Oeste,Ropa Casual,1046.49,256.78,0,501,104
2022-12-02,Oeste,Ropa Formal,1279.0,278.4,0,631,137
2022-12-02,Oeste,Deportivo,960.66,175.09,0,463,103
2022-12-02,Oeste,Accesorios,593.87,173.6,0,305,61
2022-12-02,Centro,Ropa Casual,2000.79,533.58,0,1026,193
2022-12-02,Centro,Ropa Formal,2470.188,583.36,5,1162,235
2022-12-02,Centro,Deportivo,1968.4560000000001,400.43,5,936,186
2022-12-02,Centro,Accesorios,1132.68,320.83,0,560,117
2022-12-03,Norte,Ropa Casual,1122.05,305.15,0,564,106
2022-12-03,Norte,Ropa Formal,1497.0,352.29,20,629,123
2022-12-03,Norte,Deportivo,1231.0635,239.64,15,496,112
2022-12-03,Norte,Accesorios,862.3890000000001,190.1,10,370,77
2022-12-03,Sur,Ropa Casual,758.83,190.2,0,364,77
2022-12-03,Sur,Ropa Formal,802.32,213.94,0,387,83
2022-12-03,Sur,Deportivo,541.4015592077682,126.87,15,244,55
2022-12-03,Sur,Accesorios,573.689,75.17,15,233,49
2022-12-03,Este,Ropa Casual,1394.4040000000002,251.34,10,614,134
2022-12-03,Este,Ropa Formal,1555.14,307.88,20,639,116
2022-12-03,Este,Deportivo,1027.2240000000002,237.23,10,443,100
2022-12-03,Este,Accesorios,773.2890000000001,185.25,10,372,67
2022-12-03,Oeste,Ropa Casual,1086.67,259.89,0,543,112
2022-12-03,Oeste,Ropa Formal,1329.81,336.05,0,686,133
2022-12-03,Oeste,Deportivo,860.34,243.74,0,444,86
2022-12-03,Oeste,Accesorios,689.86,149.81,0,349,71
2022-12-03,Centro,Ropa Casual,2174.8247673501464,508.39,20,932,201
2022-12-03,Centro,Ropa Formal,2905.1299999999997,643.45,15,1221,252
2022-12-03,Centro,Deportivo,1714.81,447.71,0,860,174
2022-12-03,Centro,Accesorios,1232.1,311.81,0,619,126
2022-12-04,Norte,Ropa Casual,1603.9395,332.63,15,704,139
2022-12-04,Norte,Ropa Formal,1533.04,372.38,0,774,158
2022-12-04,Norte,Deportivo,1113.6119999999999,264.86,20,463,96
2022-12-04,Norte,Accesorios,811.27,147.68,0,424,81
2022-12-04,Sur,Ropa Casual,1016.9060000000002,152.08,10,466,83
2022-12-04,Sur,Ropa Formal,1064.932,251.69,10,492,94
2022-12-04,Sur,Deportivo,579.546,133.85,10,252,54
2022-12-04,Sur,Accesorios,448.43700000000007,95.16,10,210,38
2022-12-04,Este,Ropa Casual,1138.845394890942,297.75,10,566,108
2022-12-04,Este,Ropa Formal,1678.4134999999999,317.8,15,752,149
2022-12-04,Este,Deportivo,895.76,179.34,0,443,87
2022-12-04,Este,Accesorios,789.844,188.72,10,357,74
2022-12-04,Oeste,Ropa Casual,1132.2,240.73195424050118,0,559,105
2022-12-04,Oeste,Ropa Formal,1195.92,322.89,0,608,117
2022-12-04,Oeste,Deportivo,932.3600000000001,225.18,10,415,85
2022-12-04,Oeste,Accesorios,667.41,175.84,0,350,65
2022-12-04,Centro,Ropa Casual,2274.8770000000004,499.07,10,1012,208
2022-12-04,Centro,Ropa Formal,2455.97,610.62,0,1233,248
2022-12-04,Centro,Deportivo,1649.131,412.68,10,751,162
2022-12-04,Centro,Accesorios,1192.66,253.28,0,622,118
2022-12-05,Norte,Ropa Casual,1173.9105,327.63,5,554,118
2022-12-05,Norte,Ropa Formal,1652.81,382.96,0,850,160
2022-12-05,Norte,Deportivo,1029.93,240.65,10,477,94
2022-12-05,Norte,Accesorios,685.59,164.62906057403615,0,341,71
2022-12-05,Sur,Ropa Casual,736.1530000000001,179.79,10,391,75
2022-12-05,Sur,Ropa Formal,1124.29,225.63,0,561,110
2022-12-05,Sur,Deportivo,648.23,126.39,10,290,61
2022-12-05,Sur,Accesorios,416.157,87.76,5,201,35
2022-12-05,Este,Ropa Casual,1280.6640000000002,257.72,5,593,120
2022-12-05,Este,Ropa Formal,1282.05,303.71,0,604,128
2022-12-05,Este,Deportivo,790.02,177.3,0,388,79
2022-12-05,Este,Accesorios,724.5217352514903,192.26,5,350,75
2022-12-05,Oeste,Ropa Casual,1069.54,240.13423939174325,0,525,111
2022-12-05,Oeste,Ropa Formal,1149.24,336.11,0,563,115
2022-12-05,Oeste,Deportivo,904.6326543525012,215.52,10,453,97
2022-12-05,Oeste,Accesorios,703.93,147.19,0,377,74
2022-12-05,Centro,Ropa Casual,2198.39,538.88,0,1078,219
2022-12-05,Centro,Ropa Formal,2225.34,661.22,0,1120,217
2022-12-05,Centro,Deportivo,1666.6071798336584,430.41,10,848,171
2022-12-05,Centro,Accesorios,1228.95,344.65,0,624,124
2022-12-06,Norte,Ropa Casual,1259.97,293.7,0,628,130
2022-12-06,Norte,Ropa Formal,1181.8338670610226,294.97,0,668,126
2022-12-06,Norte,Deportivo,991.64,223.1223552347882,0,507,102
2022-12-06,Norte,Accesorios,807.38,173.7,0,413,74
2022-12-06,Sur,Ropa Casual,882.2,216.21,0,434,83
2022-12-06,Sur,Ropa Formal,823.725,229.51,5,385,77
2022-12-06,Sur,Deportivo,564.7635,118.61,5,254,53
2022-12-06,Sur,Accesorios,438.96,110.09907514120174,0,228,44
2022-12-06,Este,Ropa Casual,1099.86,266.04,0,521,111
2022-12-06,Este,Ropa Formal,1411.9137852043782,289.23,0,774,158
2022-12-06,Este,Deportivo,750.25,216.85,0,329,61
2022-12-06,Este,Accesorios,685.25,190.82,0,312,68
2022-12-06,Oeste,Ropa Casual,1068.51,243.99,0,513,107
2022-12-06,Oeste,Ropa Formal,1446.6430000000003,297.82751571646554,10,657,133
2022-12-06,Oeste,Deportivo,917.92,224.08,0,425,92
2022-12-06,Oeste,Accesorios,781.6935000000001,145.13,5,360,74
2022-12-06,Centro,Ropa Casual,2279.3190000000004,506.4208023199083,5,1079,219
2022-12-06,Centro,Ropa Formal,2528.65,656.89,0,1292,256
2022-12-06,Centro,Deportivo,1728.93,428.97,0,864,174
2022-12-06,Centro,Accesorios,1204.37,319.89,0,578,116
2022-12-07,Norte,Ropa Casual,1342.0847856110922,338.94,10,657,135
2022-12-07,Norte,Ropa Formal,1486.4850000000001,332.31,10,663,131
2022-12-07,Norte,Deportivo,1082.49,216.51,0,519,103
2022-12-07,Norte,Accesorios,736.11,163.16,0,405,75
2022-12-07,Sur,Ropa Casual,807.093,195.77,5,360,72
2022-12-07,Sur,Ropa Formal,1224.048,138.95,5,568,118
2022-12-07,Sur,Deportivo,569.3415,149.71,5,261,55
2022-12-07,Sur,Accesorios,488.63100000000003,78.76962145323094,10,242,41
2022-12-07,Este,Ropa Casual,1254.1095000000003,236.8881879823351,5,628,120
2022-12-07,Este,Ropa Formal,1444.2855,399.42,5,670,128
2022-12-07,Este,Deportivo,844.93,226.4,0,399,80
2022-12-07,Este,Accesorios,619.7415000000001,182.38,5,262,50
2022-12-07,Oeste,Ropa Casual,1162.518,244.18950475023905,5,541,110
2022-12-07,Oeste,Ropa Formal,1475.98,321.52,0,715,148
2022-12-07,Oeste,Deportivo,906.58,234.95,0,469,91
2022-12-07,Oeste,Accesorios,652.333,166.14,10,299,64
2022-12-07,Centro,Ropa Casual,1977.2970000000003,513.11,5,1015,193
2022-12-07,Centro,Ropa Formal,2234.0241623468855,638.56,0,1201,242
2022-12-07,Centro,Deportivo,1656.65,422.76,0,836,164
2022-12-07,Centro,Accesorios,1184.05,321.18,0,594,124
2022-12-08,Norte,Ropa Casual,1414.665,276.12,5,708,138
2022-12-08,Norte,Ropa Formal,1489.57,331.66,0,724,146
2022-12-08,Norte,Deportivo,908.628,249.36,5,439,84
2022-12-08,Norte,Accesorios,757.2915,152.5828074683004,5,370,68
2022-12-08,Sur,Ropa Casual,778.21,190.06,0,407,77
2022-12-08,Sur,Ropa Formal,1154.559,247.54,5,568,111
2022-12-08,Sur,Deportivo,603.5820000000001,159.91,5,273,49
2022-12-08,Sur,Accesorios,481.8,103.82,0,227,50
2022-12-08,Este,Ropa Casual,1163.6625000000001,279.37,5,586,109
2022-12-08,Este,Ropa Formal,1233.7,337.63,0,599,124
2022-12-08,Este,Deportivo,819.64,222.96,0,463,87
2022-12-08,Este,Accesorios,734.5695000000001,164.89,5,367,72
2022-12-08,Oeste,Ropa Casual,1139.63,288.17,0,562,112
2022-12-08,Oeste,Ropa Formal,1404.17,320.88,0,698,135
2022-12-08,Oeste,Deportivo,872.3085,202.92,5,405,88
2022-12-08,Oeste,Accesorios,661.86,139.81,0,330,64
2022-12-08,Centro,Ropa Casual,1953.6804347297334,539.29,0,1083,223
2022-12-08,Centro,Ropa Formal,2391.1,615.21,0,1182,237
2022-12-08,Centro,Deportivo,1531.33,415.81,0,734,149
2022-12-08,Centro,Accesorios,1136.47,310.03,0,556,108
2022-12-09,Norte,Ropa Casual,1567.852,293.88,10,710,143
2022-12-09,Norte,Ropa Formal,1511.9055,380.4,5,715,141
2022-12-09,Norte,Deportivo,917.36,227.07,0,457,90
2022-12-09,Norte,Accesorios,763.455,189.84,5,358,72
2022-12-09,Sur,Ropa Casual,852.63,179.49,0,467,86
2022-12-09,Sur,Ropa Formal,972.44,248.99,0,510,104
2022-12-09,Sur,Deportivo,697.34,118.03,0,341,68
2022-12-09,Sur,Accesorios,387.3345,113.16,5,177,38
2022-12-09,Este,Ropa Casual,1119.55,252.92,0,534,105
2022-12-09,Este,Ropa Formal,1352.6,304.52,0,682,142
2022-12-09,Este,Deportivo,1010.65,215.11,0,475,103
2022-12-09,Este,Accesorios,675.8944431262779,195.75,5,328,71
2022-12-09,Oeste,Ropa Casual,1115.05,270.68,0,541,109
2022-12-09,Oeste,Ropa Formal,1459.821,288.23,10,675,135
2022-12-09,Oeste,Deportivo,948.6,249.67,0,436,99
2022-12-09,Oeste,Accesorios,673.5,156.36,0,333,75
2022-12-09,Centro,Ropa Casual,2196.64,532.31,0,1093,225
2022-12-09,Centro,Ropa Formal,2418.8849999999998,666.48,5,1164,235
2022-12-09,Centro,Deportivo,1618.2614636158848,404.31,5,816,167
2022-12-09,Centro,Accesorios,1269.5025,288.0,5,603,130
2022-12-10,Norte,Ropa Casual,1153.0,282.44,0,593,123
2022-12-10,Norte,Ropa Formal,1559.77,329.1,0,780,156
2022-12-10,Norte,Deportivo,1066.4543739939888,218.4,20,477,101
2022-12-10,Norte,Accesorios,952.944,177.02,20,419,79
2022-12-10,Sur,Ropa Casual,892.16,162.64,0,432,100
2022-12-10,Sur,Ropa Formal,948.4672233335897,234.57,10,482,99
2022-12-10,Sur,Deportivo,703.0100000000001,155.4,10,306,58
2022-12-10,Sur,Accesorios,561.2750000000001,108.66,10,246,52
2022-12-10,Este,Ropa Casual,1051.06,282.77,0,518,103
2022-12-10,Este,Ropa Formal,1564.1379999999997,311.1243721980639,15,658,139
2022-12-10,Este,Deportivo,922.46,206.77,0,439,94
2022-12-10,Este,Accesorios,700.22,170.69,0,347,66
2022-12-10,Oeste,Ropa Casual,1089.68,303.79,0,502,108
2022-12-10,Oeste,Ropa Formal,1147.3000000000002,318.08,10,525,105
2022-12-10,Oeste,Deportivo,913.4290000000001,242.22,10,390,86
2022-12-10,Oeste,Accesorios,801.8670000000001,182.25,10,384,64
2022-12-10,Centro,Ropa Casual,2263.936,504.32,15,1000,185
2022-12-10,Centro,Ropa Formal,2654.5679999999998,548.205668054613,15,1164,233
2022-12-10,Centro,Deportivo,1836.0669999999998,442.22,15,789,158
2022-12-10,Centro,Accesorios,1269.8840000000002,323.29,10,569,109
2022-12-11,Norte,Ropa Casual,1245.22,331.7,0,637,126
2022-12-11,Norte,Ropa Formal,1676.741,340.28,10,774,153
2022-12-11,Norte,Deportivo,983.33,235.4,0,496,99
2022-12-11,Norte,Accesorios,870.9409999999999,168.10500230988967,15,364,77
2022-12-11,Sur,Ropa Casual,899.7944999999999,227.83,15,395,76
2022-12-11,Sur,Ropa Formal,1218.338,175.41551469085144,10,550,110
2022-12-11,Sur,Deportivo,479.1901690909359,185.31,0,284,53
2022-12-11,Sur,Accesorios,536.0589187727788,82.07,15,248,48
2022-12-11,Este,Ropa Casual,1135.46,360.95,0,597,112
2022-12-11,Este,Ropa Formal,1422.7730000000001,315.59,10,682,130
2022-12-11,Este,Deportivo,1040.116,249.9,10,491,95
2022-12-11,Este,Accesorios,888.306,179.41,15,404,75
2022-12-11,Oeste,Ropa Casual,1484.04,260.7,20,641,128
2022-12-11,Oeste,Ropa Formal,1419.671,286.31,10,673,124
2022-12-11,Oeste,Deportivo,1052.9285,247.95,15,436,98
2022-12-11,Oeste,Accesorios,699.3,178.64,0,363,75
2022-12-11,Centro,Ropa Casual,2104.01,506.2,0,1012,213
2022-12-11,Centro,Ropa Formal,2751.474,628.409805144863,10,1251,248
2022-12-11,Centro,Deportivo,1528.49,393.0113064778937,0,766,157
2022-12-11,Centro,Accesorios,1320.1255157340254,310.69,15,623,124
2022-12-12,Norte,Ropa Casual,1277.2515,280.84,5,616,115
2022-12-12,Norte,Ropa Formal,1524.2370000000003,367.33,10,678,144
2022-12-12,Norte,Deportivo,798.05,259.44,0,366,87
2022-12-12,Norte,Accesorios,727.503,223.64,5,331,66
2022-12-12,Sur,Ropa Casual,876.854,171.87,10,370,77
2022-12-12,Sur,Ropa Formal,1049.136,200.06,10,468,97
2022-12-12,Sur,Deportivo,665.22,149.04,0,323,66
2022-12-12,Sur,Accesorios,533.39,142.84,0,271,53
2022-12-12,Este,Ropa Casual,1285.242,237.7341843836539,5,587,128
2022-12-12,Este,Ropa Formal,1486.7910711640993,295.12,10,740,150
2022-12-12,Este,Deportivo,826.8855,202.82,5,395,70
2022-12-12,Este,Accesorios,753.45,162.46,0,392,83
2022-12-12,Oeste,Ropa Casual,1050.9765,239.68,5,549,101
2022-12-12,Oeste,Ropa Formal,1396.311,333.69,5,688,141
2022-12-12,Oeste,Deportivo,926.5095,174.27,5,437,88
2022-12-12,Oeste,Accesorios,663.77,155.38,0,357,70
2022-12-12,Centro,Ropa Casual,2235.3765,555.72,5,1041,209
2022-12-12,Centro,Ropa Formal,2623.2470000000003,621.02,10,1175,241
2022-12-12,Centro,Deportivo,1590.44,452.8,0,797,157
2022-12-12,Centro,Accesorios,1198.64,317.05,0,626,113
2022-12-13,Norte,Ropa Casual,1316.84,322.52,0,648,129
2022-12-13,Norte,Ropa Formal,1254.267,347.07,5,573,114
2022-12-13,Norte,Deportivo,926.11,227.11,0,446,95
2022-12-13,Norte,Accesorios,806.24,181.1,0,416,85
2022-12-13,Sur,Ropa Casual,694.82,156.37,0,357,70
2022-12-13,Sur,Ropa Formal,896.85,210.2,0,468,86
2022-12-13,Sur,Deportivo,658.7385,127.24889349402402,5,313,57
2022-12-13,Sur,Accesorios,529.1,102.44,10,222,49
2022-12-13,Este,Ropa Casual,1186.85,264.68,0,588,115
2022-12-13,Este,Ropa Formal,1274.23,291.26,0,627,132
2022-12-13,Este,Deportivo,987.84,252.17,0,522,97
2022-12-13,Este,Accesorios,682.08,130.83,0,336,71
2022-12-13,Oeste,Ropa Casual,1202.45,218.12,0,615,119
2022-12-13,Oeste,Ropa Formal,1241.4987522126853,321.14,0,677,132
2022-12-13,Oeste,Deportivo,863.81,207.63,0,423,80
2022-12-13,Oeste,Accesorios,683.0,168.14,0,347,75
2022-12-13,Centro,Ropa Casual,2115.036,514.91,10,941,202
2022-12-13,Centro,Ropa Formal,2620.73,614.29,0,1296,261
2022-12-13,Centro,Deportivo,1629.76,398.13,0,811,168
2022-12-13,Centro,Accesorios,1294.7,280.99,0,651,132
2022-12-14,Norte,Ropa Casual,1410.35,306.45,0,711,142
2022-12-14,Norte,Ropa Formal,1529.7134999999998,320.5,5,727,147
2022-12-14,Norte,Deportivo,956.7283044947905,210.69,0,565,112
2022-12-14,Norte,Accesorios,737.4780000000001,187.62728883162785,5,347,74
2022-12-14,Sur,Ropa Casual,935.63,187.23,0,473,90
2022-12-14,Sur,Ropa Formal,867.4270000000001,157.68,10,405,78
2022-12-14,Sur,Deportivo,642.6735000000001,123.24,5,300,56
2022-12-14,Sur,Accesorios,459.19234694510556,116.5,0,253,39
2022-12-14,Este,Ropa Casual,1007.5123676711484,295.91,0,548,106
2022-12-14,Este,Ropa Formal,1337.94,303.6,0,653,138
2022-12-14,Este,Deportivo,1021.503,274.72,5,499,88
2022-12-14,Este,Accesorios,779.5515,208.4,5,375,69
2022-12-14,Oeste,Ropa Casual,853.33,270.99,0,435,80
2022-12-14,Oeste,Ropa Formal,1603.27,279.35,0,797,158
2022-12-14,Oeste,Deportivo,890.27,248.38,0,438,91
2022-12-14,Oeste,Accesorios,659.6908221059708,145.76,0,363,64
2022-12-14,Centro,Ropa Casual,1837.7825134117263,534.76,0,1007,203
2022-12-14,Centro,Ropa Formal,2427.59,619.46,0,1217,240
2022-12-14,Centro,Deportivo,1775.85,423.4,0,902,176
2022-12-14,Centro,Accesorios,1217.503191089277,286.8479537254361,0,681,136
2022-12-15,Norte,Ropa Casual,1345.5420000000001,286.16,10,593,124
2022-12-15,Norte,Ropa Formal,1658.63,345.18,0,836,167
2022-12-15,Norte,Deportivo,967.5855,273.46,5,456,89
2022-12-15,Norte,Accesorios,777.04,195.13,0,404,79
2022-12-15,Sur,Ropa Casual,578.08,197.9171798433212,0,280,55
2022-12-15,Sur,Ropa Formal,1226.6205,136.18,5,598,112
2022-12-15,Sur,Deportivo,715.62,175.65,0,379,67
2022-12-15,Sur,Accesorios,465.168,84.41,10,218,51
2022-12-15,Este,Ropa Casual,1001.22,272.89,0,455,95
2022-12-15,Este,Ropa Formal,1355.37,364.06,0,687,147
2022-12-15,Este,Deportivo,955.5735000000001,235.77,5,458,88
2022-12-15,Este,Accesorios,664.4552507504818,162.8,0,339,77
2022-12-15,Oeste,Ropa Casual,1196.57,227.46,0,613,120
2022-12-15,Oeste,Ropa Formal,1359.67,296.32863078804195,0,699,139
2022-12-15,Oeste,Deportivo,919.4639999999999,223.15,5,469,87
2022-12-15,Oeste,Accesorios,599.94,149.76,0,303,61
2022-12-15,Centro,Ropa Casual,2078.934,491.8,10,949,193
2022-12-15,Centro,Ropa Formal,2716.6230000000005,608.22,5,1326,260
2022-12-15,Centro,Deportivo,1788.2480000000003,389.84801558600583,10,795,158
2022-12-15,Centro,Accesorios,1210.48,299.72,0,579,114
2022-12-16,Norte,Ropa Casual,1293.732223949864,296.18,10,664,123
2022-12-16,Norte,Ropa Formal,1545.9569999999999,410.33,5,740,144
2022-12-16,Norte,Deportivo,911.1740000000001,246.87,10,404,86
2022-12-16,Norte,Accesorios,771.28,192.84,0,384,72
2022-12-16,Sur,Ropa Casual,700.7,196.69,0,357,64
2022-12-16,Sur,Ropa Formal,931.476,165.85,5,451,86
2022-12-16,Sur,Deportivo,684.7,153.45,0,379,67
2022-12-16,Sur,Accesorios,483.38,93.38145060209669,0,259,45
2022-12-16,Este,Ropa Casual,1311.65,327.34,0,639,133
2022-12-16,Este,Ropa Formal,1326.7382141113205,356.46,0,735,147
2022-12-16,Este,Deportivo,994.32,206.5886429568394,0,491,99
2022-12-16,Este,Accesorios,769.0,152.81,0,360,77
2022-12-16,Oeste,Ropa Casual,1182.6675,261.77,5,577,119
2022-12-16,Oeste,Ropa Formal,1227.35,203.02994070346554,0,599,124
2022-12-16,Oeste,Deportivo,1044.0210000000002,202.4,10,481,101
2022-12-16,Oeste,Accesorios,727.7235000000001,176.17,5,337,74
2022-12-16,Centro,Ropa Casual,1976.64,499.9378951141497,0,993,204
2022-12-16,Centro,Ropa Formal,2785.42,538.65,10,1266,258
2022-12-16,Centro,Deportivo,1898.1480000000001,441.56,5,878,183
2022-12-16,Centro,Accesorios,1215.5220000000002,322.38,5,596,117
2022-12-17,Norte,Ropa Casual,1310.0890000000002,276.2,10,592,122
2022-12-17,Norte,Ropa Formal,1708.0834999999997,368.97,15,737,137
2022-12-17,Norte,Deportivo,1197.5639999999999,265.33,15,506,100
2022-12-17,Norte,Accesorios,966.72,171.83,20,393,71
2022-12-17,Sur,Ropa Casual,774.7253048228849,161.77,10,388,70
2022-12-17,Sur,Ropa Formal,910.3554450806781,191.76531470764394,10,430,83
2022-12-17,Sur,Deportivo,779.0640000000001,134.52,10,369,67
2022-12-17,Sur,Accesorios,492.132,103.02,20,196,45
2022-12-17,Este,Ropa Casual,1272.4140000000002,247.42,10,600,118
2022-12-17,Este,Ropa Formal,1835.6529999999998,388.95,15,818,160
2022-12-17,Este,Deportivo,949.44,190.95,0,486,98
2022-12-17,Este,Accesorios,569.42,185.21,0,278,50
2022-12-17,Oeste,Ropa Casual,1371.1794999999997,213.82,15,598,128
2022-12-17,Oeste,Ropa Formal,1390.334,327.42,10,649,129
2022-12-17,Oeste,Deportivo,834.29,220.96,0,435,86
2022-12-17,Oeste,Accesorios,602.03,160.67,0,305,67
2022-12-17,Centro,Ropa Casual,2333.3154999999997,473.6568329949186,15,1000,193
2022-12-17,Centro,Ropa Formal,2151.88796814774,659.13,0,1161,233
2022-12-17,Centro,Deportivo,1749.5720000000001,402.81,10,763,164
2022-12-17,Centro,Accesorios,1256.06,293.74,0,621,120
2022-12-18,Norte,Ropa Casual,1531.816,321.46,10,726,133
2022-12-18,Norte,Ropa Formal,1615.8010000000002,314.85,10,728,147
2022-12-18,Norte,Deportivo,1159.88,280.89,0,603,119
2022-12-18,Norte,Accesorios,823.7909999999999,169.93,15,335,77
2022-12-18,Sur,Ropa Casual,848.74,186.85,0,412,86
2022-12-18,Sur,Ropa Formal,1069.5520000000001,189.72,10,497,100
2022-12-18,Sur,Deportivo,743.6819999999999,97.64,15,307,57
2022-12-18,Sur,Accesorios,474.31,150.61,0,229,48
2022-12-18,Este,Ropa Casual,1140.535,267.17,10,525,103
2022-12-18,Este,Ropa Formal,1846.6354999999999,358.51,15,816,155
2022-12-18,Este,Deportivo,1098.54,232.56,20,461,94
2022-12-18,Este,Accesorios,721.45,148.89,0,357,75
2022-12-18,Oeste,Ropa Casual,1224.72,283.41799005487167,0,564,127
2022-12-18,Oeste,Ropa Formal,1466.04,282.4064726185122,0,747,139
2022-12-18,Oeste,Deportivo,1013.4719999999999,202.6,15,431,89
2022-12-18,Oeste,Accesorios,864.588,161.14,20,338,77
2022-12-18,Centro,Ropa Casual,2060.44,505.0598515873519,0,983,201
2022-12-18,Centro,Ropa Formal,2848.7684999999997,607.83,15,1297,254
2022-12-18,Centro,Deportivo,1617.95,383.12,0,794,154
2022-12-18,Centro,Accesorios,1567.8839999999998,321.0,20,635,123
2022-12-19,Norte,Ropa Casual,1377.2115000000001,347.1,5,629,125
2022-12-19,Norte,Ropa Formal,1342.95,378.06,0,658,131
2022-12-19,Norte,Deportivo,1141.91,257.91,0,575,110
2022-12-19,Norte,Accesorios,749.7362416727425,178.4,5,399,81
2022-12-19,Sur,Ropa Casual,669.85,199.5,0,311,64
2022-12-19,Sur,Ropa Formal,908.439,221.77,5,454,90
2022-12-19,Sur,Deportivo,678.2895000000001,148.68,5,322,57
2022-12-19,Sur,Accesorios,506.33,89.72,0,261,48
2022-12-19,Este,Ropa Casual,1108.96,290.64,0,573,103
2022-12-19,Este,Ropa Formal,1827.419,339.89,10,807,161
2022-12-19,Este,Deportivo,1159.0260000000003,215.75,10,503,106
2022-12-19,Este,Accesorios,682.03,145.8,0,352,66
2022-12-19,Oeste,Ropa Casual,1193.0,218.64,0,600,122
2022-12-19,Oeste,Ropa Formal,1490.72,247.18727460708627,0,744,144
2022-12-19,Oeste,Deportivo,1101.2295,222.67,5,494,101
2022-12-19,Oeste,Accesorios,684.5055,144.93,5,336,73
2022-12-19,Centro,Ropa Casual,2066.19,430.7868849193918,0,1014,210
2022-12-19,Centro,Ropa Formal,2468.655,631.0,5,1173,239
2022-12-19,Centro,Deportivo,1575.37,419.33,0,783,156
2022-12-19,Centro,Accesorios,1273.923,290.83,5,612,121
2022-12-20,Norte,Ropa Casual,1298.892,321.85,5,594,113
2022-12-20,Norte,Ropa Formal,1512.56,343.71,0,737,155
2022-12-20,Norte,Deportivo,917.2894229374499,250.18,0,495,107
2022-12-20,Norte,Accesorios,763.0700000000002,203.12,10,359,64
2022-12-20,Sur,Ropa Casual,850.248,178.11,5,415,84
2022-12-20,Sur,Ropa Formal,934.4851768957998,206.4,0,486,100
2022-12-20,Sur,Deportivo,725.53,181.3,0,349,65
2022-12-20,Sur,Accesorios,652.88,124.67,0,309,60
2022-12-20,Este,Ropa Casual,1172.46,294.18,0,570,119
2022-12-20,Este,Ropa Formal,1584.48,383.33,0,789,151
2022-12-20,Este,Deportivo,1036.7385000000002,244.9,5,494,104
2022-12-20,Este,Accesorios,789.1485000000001,173.98,5,348,68
2022-12-20,Oeste,Ropa Casual,1119.02,197.54,0,567,105
2022-12-20,Oeste,Ropa Formal,1232.2437126618538,359.36,0,686,138
2022-12-20,Oeste,Deportivo,1034.7330000000002,241.91,5,462,106
2022-12-20,Oeste,Accesorios,691.42,139.35032027810666,0,340,74
2022-12-20,Centro,Ropa Casual,2058.67,559.93,0,1018,205
2022-12-20,Centro,Ropa Formal,2711.2580000000003,622.68,10,1253,247
2022-12-20,Centro,Deportivo,1568.05,465.47,0,768,152
2022-12-20,Centro,Accesorios,1182.02,340.6,0,607,128
2022-12-21,Norte,Ropa Casual,1231.47,286.02,0,628,125
2022-12-21,Norte,Ropa Formal,1425.4581796239606,323.52,5,736,160
2022-12-21,Norte,Deportivo,977.6865,232.76,5,477,90
2022-12-21,Norte,Accesorios,707.3,168.3256970232772,0,342,70
2022-12-21,Sur,Ropa Casual,844.4,176.65,0,421,96
2022-12-21,Sur,Ropa Formal,1148.3890000000001,175.14,10,510,104
2022-12-21,Sur,Deportivo,641.78,139.26,0,319,63
2022-12-21,Sur,Accesorios,439.8,106.44,0,219,51
2022-12-21,Este,Ropa Casual,1094.4221177727443,290.27,0,597,120
2022-12-21,Este,Ropa Formal,1497.9,282.0846261614887,0,757,150
2022-12-21,Este,Deportivo,916.65,238.14,0,437,93
2022-12-21,Este,Accesorios,775.97,156.23,0,384,81
2022-12-21,Oeste,Ropa Casual,1017.4930242281843,247.37,5,504,102
2022-12-21,Oeste,Ropa Formal,1333.4055,382.34,5,644,127
2022-12-21,Oeste,Deportivo,827.1795,193.5,5,373,81
2022-12-21,Oeste,Accesorios,682.32,169.58,0,336,73
2022-12-21,Centro,Ropa Casual,2137.842,505.78,5,1035,205
2022-12-21,Centro,Ropa Formal,2372.75,676.76,0,1159,242
2022-12-21,Centro,Deportivo,1614.24,442.89,0,799,157
2022-12-21,Centro,Accesorios,1227.12,299.07,0,605,114
